id_venda,data_venda,id_cliente,nome_cliente,cidade,estado,regiao,id_produto,produto,categoria,quantidade,preco_unitario,desconto,previsao_entrega,data_entrega
ORD00001,2025-01-01,Cliente_008,Thales Pereira,Cascavel,PR,Sul,P0005,"Fone de Ouvido Sem Fio TWS, PHILIPS",Áudio,1.0,124.91,0.0327,2025-01-07,2025-01-09
ORD00002,2025-01-01,Cliente_011,Julia Ribeiro,Santa Maria,RS,Sul,P0006,Fone de ouvido Sem Fio QCY T27,Áudio,4.0,129.86,0.0477,2025-01-04,2025-01-08
ORD00003,2025-01-01,Cliente_019,Gabriela da Paz,Uberlândia,MG,Sudeste,P0002,Samsung Galaxy Tab S6 Lite,Smartphones e Tablets,2.0,1799.01,0.1481,2025-01-05,2025-01-04
ORD00004,2025-01-01,Cliente_019,Gabriela da Paz,Uberlândia,MG,Sudeste,P0004,Carregador Turbo Tipo-C 50w,Acessórios Mobile,4.0,53.9,0.1402,2025-01-04,2025-01-04
ORD00005,2025-01-01,Cliente_022,Lívia Gomes,Vitória,ES,Sudeste,P0024,Memória Kingston Fury 16GB DDR5,Informática,2.0,389.9,0.1126,2025-01-03,2025-01-02
ORD00006,2025-01-01,Cliente_050,Enzo Monteiro,Curitiba,PR,Sul,P0008,Película de Vidro 3D Galaxy A30s,Acessórios Mobile,3.0,17.9,0.1159,2025-01-04,2025-01-03
ORD00007,2025-01-01,Cliente_087,Dr. Pietro Silva,Pico,PI,Nordeste,P0017,ACER Notebook Gamer Nitro,Informática,1.0,4604.0,0.0987,2025-01-06,2025-01-07
ORD00008,2025-01-01,Cliente_113,Sra. Camila Peixoto,Marabá,PA,Norte,P0002,Samsung Galaxy Tab S6 Lite,Smartphones e Tablets,3.0,1799.01,0.1126,2025-01-07,2025-01-07
ORD00009,2025-01-01,Cliente_171,Vitor Gabriel Fernandes,Ferreira Gomes,AP,Norte,P0007,Película para iPhone 14Pro Anti impacto,Acessórios Mobile,3.0,51.8,0.0893,2025-01-06,2025-01-06
ORD00010,2025-01-01,Cliente_180,Vicente Jesus,Niterói,RJ,Sudeste,P0009,Smart TV 32” Philco LED Roku TV,TV e Projeção,4.0,949.0,0.0334,2025-01-05,2025-01-03
ORD00011,2025-01-01,Cliente_215,Olivia Souza,Camaçari,BA,Nordeste,P0019,Mouse Redragon Wireless,Informática,2.0,165.99,0.1257,2025-01-06,2025-01-11
ORD00012,2025-01-01,Cliente_218,Isabel Pereira,Vila Velha,ES,Sudeste,P0020,Teclado Mecanico Fizz,Informática,3.0,174.9,0.1191,2025-01-05,2025-01-03
ORD00013,2025-01-01,Cliente_230,Maria Nogueira,Bayeux,PB,Nordeste,P0004,Carregador Turbo Tipo-C 50w,Acessórios Mobile,3.0,53.9,0.1391,2025-01-05,2025-01-05
ORD00014,2025-01-01,Cliente_300,Dra. Maria Sophia Nogueira,Chapecó,SC,Sul,P0005,"Fone de Ouvido Sem Fio TWS, PHILIPS",Áudio,2.0,124.91,0.0209,2025-01-05,2025-01-03
ORD00015,2025-01-01,Cliente_314,Nina Ramos,Laranjal do Jari,AP,Norte,P0008,Película de Vidro 3D Galaxy A30s,Acessórios Mobile,3.0,17.9,0.103,2025-01-05,2025-01-05
ORD00016,2025-01-01,Cliente_314,Nina Ramos,Laranjal do Jari,AP,Norte,P0015,Fone de Ouvido Profissional AKG K92,Áudio,4.0,428.99,0.2543,2025-01-09,2025-01-09
ORD00017,2025-01-01,Cliente_326,Emanuella Porto,Ferreira Gomes,AP,Norte,P0018,"Monitor UHD Samsung 32""",Informática,2.0,1626.57,0.0514,2025-01-08,2025-01-07
ORD00018,2025-01-01,Cliente_331,Guilherme Cavalcanti,Juiz de Fora,MG,Sudeste,P0027,Caixa de Som Bluetooth JBL,Áudio,3.0,549.9,0.0557,2025-01-06,2025-01-04
ORD00019,2025-01-01,Cliente_356,Matheus Ribeiro,Londrina,PR,Sul,P0004,Carregador Turbo Tipo-C 50w,Acessórios Mobile,4.0,53.9,0.1434,2025-01-07,2025-01-07
ORD00020,2025-01-01,Cliente_356,Matheus Ribeiro,Londrina,PR,Sul,P0009,Smart TV 32” Philco LED Roku TV,TV e Projeção,3.0,949.0,0.0236,2025-01-05,2025-01-04
ORD00021,2025-01-01,Cliente_360,Mariane Campos,Teresina,PI,Nordeste,P0010,"Smart TV LED 32""Samsung LED Tizen TV",TV e Projeção,2.0,1079.0,0.1019,2025-01-06,2025-01-05
ORD00022,2025-01-01,Cliente_365,Diogo Nascimento,Vila Velha,ES,Sudeste,P0005,"Fone de Ouvido Sem Fio TWS, PHILIPS",Áudio,4.0,124.91,0.0395,2025-01-06,2025-01-04
ORD00023,2025-01-01,Cliente_371,Ana Luiza Nunes,Joinville,SC,Sul,P0011,"Soundbar Samsung com 2.1 canais, Dolby Digital",Áudio,3.0,1072.0,0.0863,2025-01-06,2025-01-08
ORD00024,2025-01-01,Cliente_411,Stephany Almeida,Santo André,SP,Sudeste,P0011,"Soundbar Samsung com 2.1 canais, Dolby Digital",Áudio,3.0,1072.0,0.1155,2025-01-07,2025-01-04
ORD00025,2025-01-01,Cliente_430,Guilherme Silveira Gomes,Caxias do Sul,RS,Sul,P0004,Carregador Turbo Tipo-C 50w,Acessórios Mobile,4.0,53.9,0.0696,2025-01-07,2025-01-06
ORD00026,2025-01-01,cliente_471,Luiza Dias,Porto Alegre,RS,Sul,P0020,Teclado Mecanico Fizz,Informática,,174.9,0.1092,2025-01-08,2025-01-08
ORD00027,2025-01-01,Cliente_484,Rafael Novaes Nogueira,Santa Maria,RS,Sul,P0016,Fone de Ouvido Profissional EDIFIER WH950NB,Áudio,1.0,,0.0186,2025-01-04,2025-01-03
ORD00028,2025-01-01,Cliente_528,Thiago Mata Mendes,Niterói,RJ,Sudeste,P0025,Webcam Logitech Full HD,Informática,2.0,329.9,0.0744,2025-01-04,2025-01-03
ORD00029,2025-01-02,Cliente_012,Dr. Arthur da Cunha,Caracaraí,RR,Norte,P0015,Fone de Ouvido Profissional AKG K92,Áudio,4.0,428.99,0.2814,2025-01-08,2025-01-12
ORD00030,2025-01-02,Cliente_016,Sr. Thomas Nascimento,Tarauacá,AC,Norte,P0013,"Projetor Smart Epson EpiqVision, FULL HD",TV e Projeção,1.0,3049.99,0.0919,2025-01-06,2025-01-06
ORD00031,2025-01-02,Cliente_019,Gabriela da Paz,Uberlândia,MG,Sudeste,P0004,Carregador Turbo Tipo-C 50w,Acessórios Mobile,2.0,53.9,0.1592,2025-01-06,2025-01-10
ORD00032,2025-01-02,Cliente_036,Bryan Pires,Manacapuru,AM,Norte,P0014,Projetor EPSON Powerlite Wide Screen,TV e Projeção,2.0,2742.13,0.1577,2025-01-08,2025-01-07
ORD00033,2025-01-02,Cliente_043,Luiz Fernando Moura,Vilhena,RO,Norte,P0027,Caixa de Som Bluetooth JBL,Áudio,2.0,549.9,0.0572,2025-01-07,2025-01-07
ORD00034,2025-01-02,Cliente_045,Juan Mendes,Ji-Paraná,RO,Norte,P0008,Película de Vidro 3D Galaxy A30s,Acessórios Mobile,4.0,17.9,0.1232,2025-01-09,2025-01-11
ORD00035,2025-01-02,Cliente_061,Dr. Emanuel Fogaça,Porto Nacional,TO,Norte,P0006,Fone de ouvido Sem Fio QCY T27,Áudio,1.0,129.86,0.0483,2025-01-09,2025-01-12
ORD00036,2025-01-02,Cliente_082,Felipe Gomes,Caicó,RN,Nordeste,P0020,Teclado Mecanico Fizz,Informática,3.0,174.9,0.0937,2025-01-07,2025-01-08
ORD00037,2025-01-02,Cliente_100,Beatriz Costa,Bom Jesus,PI,Nordeste,P0011,"Soundbar Samsung com 2.1 canais, Dolby Digital",Áudio,3.0,1072.0,0.1403,2025-01-08,2025-01-08
ORD00038,2025-01-02,Cliente_123,Sra. Isabelly Oliveira,Ribeirão Preto,SP,Sudeste,P0019,Mouse Redragon Wireless,Informática,2.0,165.99,0.117,2025-01-08,2025-01-10
ORD00039,2025-01-02,Cliente_139,Sr. Daniel Pinto,Nova Iguaçu,RJ,Sudeste,P0015,Fone de Ouvido Profissional AKG K92,Áudio,1.0,428.99,0.145,2025-01-08,2025-01-07
ORD00040,2025-01-02,Cliente_172,Luiz Gustavo Rocha,Porto Alegre,RS,Sul,P0027,Caixa de Som Bluetooth JBL,Áudio,2.0,549.9,0.0422,2025-01-08,2025-01-11
ORD00041,2025-01-02,Cliente_183,Ian Peixoto,Santo André,SP,Sudeste,P0008,Película de Vidro 3D Galaxy A30s,Acessórios Mobile,3.0,17.9,0.0815,2025-01-06,2025-01-03
ORD00042,2025-01-02,Cliente_185,Nina Jesus,Gurupi,TO,Norte,P0007,Película para iPhone 14Pro Anti impacto,Acessórios Mobile,3.0,51.8,0.0969,2025-01-08,2025-01-08
ORD00043,2025-01-02,Cliente_213,Sra. Daniela Lima,São Bernardo do Campo,SP,Sudeste,P0012,"Soundbar Tomate MTS-2017, Bivolt",Áudio,1.0,769.9,0.0377,2025-01-05,2025-01-04
ORD00044,2025-01-02,Cliente_218,Isabel Pereira,Vila Velha,ES,Sudeste,P0020,Teclado Mecanico Fizz,Informática,2.0,174.9,0.0756,2025-01-04,2025-01-03
ORD00045,2025-01-02,Cliente_244,Maria Vitória Martins,Rio de Janeiro,RJ,Sudeste,P0023,Tablet Lenovo Tab M11,Smartphones e Tablets,3.0,1399.9,0.0914,2025-01-08,2025-01-07
ORD00046,2025-01-02,Cliente_256,Daniela Fogaça,Florianópolis,SC,Sul,P0006, Fone de ouvido Sem Fio QCY T27,Áudio,4.0,129.86,0.0604,2025-01-09,2025-01-08
ORD00047,2025-01-02,Cliente_264,Sr. Noah da Paz,Itacoatiara,AM,Norte,P0005,"Fone de Ouvido Sem Fio TWS, PHILIPS",Áudio,3.0,124.91,0.0364,2025-01-08,2025-01-07
ORD00048,2025-01-02,Cliente_300,Dra. Maria Sophia Nogueira,Chapecó,SC,Sul,P0014,Projetor EPSON Powerlite Wide Screen,TV e Projeção,2.0,2742.13,0.1469,2025-01-08,2025-01-07
ORD00049,2025-01-02,Cliente_309,Dra. Ana Laura Pires,Itajaí,SC,Sul,P0015,Fone de Ouvido Profissional AKG K92,Áudio,3.0,428.99,0.1879,2025-01-04,2025-01-03
ORD00050,2025-01-02,Cliente_322,Ana Vitória Costela,Caxias do Sul,RS,Sul,P0010,"Smart TV LED 32""Samsung LED Tizen TV",TV e Projeção ,2.0,1079.0,0.0664,2025-01-08,2025-01-08
ORD00051,2025-01-02,Cliente_344,Davi da Rocha,Duque de Caxias,RJ,Sudeste,P0008,Película de Vidro 3D Galaxy A30s,Acessórios Mobile,2.0,17.9,0.0837,2025-01-05,2025-01-04
ORD00052,2025-01-02,Cliente_348,Emilly Nascimento,Uberlândia,MG,Sudeste,P0009,Smart TV 32” Philco LED Roku TV,TV e Projeção,3.0,949.0,0.0358,2025-01-07,2025-01-07
ORD00053,2025-01-02,Cliente_360,Mariane Campos,Teresina,PI,Nordeste,P0006,Fone de ouvido Sem Fio QCY T27,Áudio,2.0,,0.0444,2025-01-07,2025-01-04
ORD00054,2025-01-02,Cliente_360,Mariane Campos,Teresina,PI,Nordeste,P0006,Fone de ouvido Sem Fio QCY T27,Áudio,3.0,129.86,0.0733,2025-01-04,2025-01-04
ORD00055,2025-01-02,Cliente371,Ana Luiza Nunes,Joinville,SC,Sul,P0002,Samsung Galaxy Tab S6 Lite,Smartphones e Tablets,3.0,1799.01,0.1059,2025-01-06,2025-01-07
ORD00056,2025-01-02,Cliente_371,Ana Luiza Nunes,Joinville,SC,Sul,P0010,"Smart TV LED 32""Samsung LED Tizen TV",TV e Projeção,3.0,1079.0,0.0427,2025-01-05,2025-01-04
ORD00057,2025-01-02,Cliente_374,Letícia da Cunha,Florianópolis,SC,Sul,P0005,"Fone de Ouvido Sem Fio TWS, PHILIPS",Áudio,3.0,124.91,0.0535,2025-01-05,2025-01-04
ORD00058,2025-01-02,Cliente_394,Eduardo Oliveira,Ribeirão Preto,SP,Sudeste,P0011,"Soundbar Samsung com 2.1 canais, Dolby Digital",Áudio,3.0,1072.0,0.1269,2025-01-07,2025-01-06
ORD00059,2025-01-02,Cliente_400,Ana Sophia da Rosa,Floriano,PI,Nordeste,P0005,"Fone de Ouvido Sem Fio TWS, PHILIPS",Áudio,2.0,124.91,0.0237,2025-01-07,2025-01-07
ORD00060,2025-01-02,Cliente_404,João Gabriel Duarte,Gravataí,RS,Sul,P0012,"Soundbar Tomate MTS-2017, Bivolt",Áudio,2.0,769.9,0.0287,2025-01-07,2025-01-05
ORD00061,2025-01-02,Cliente_408,Maria Julia Duarte,Marabá,PA,Norte,P0004,Carregador Turbo Tipo-C 50w,Acessórios Mobile,4.0,53.9,0.0834,2025-01-09,2025-01-08
ORD00062,2025-01-02,Cliente_409,Eloah Silva,Sobral,CE,Nordeste,P0016,Fone de Ouvido Profissional EDIFIER WH950NB,Áudio,2.0,899.0,0.0407,2025-01-11,2025-01-10
ORD00063,2025-01-02,Cliente_418,Benício Monteiro,Nova Iguaçu,RJ,Sudeste,P0016,Fone de Ouvido Profissional EDIFIER WH950NB,Áudio,1.0,899.0,0.0381,2025-01-07,2025-01-04
ORD00064,2025-01-02,Cliente_439,Stella Cunha,Nova Iguaçu,RJ,Sudeste,P0011,"Soundbar Samsung com 2.1 canais, Dolby Digital",Áudio,1.0,1072.0,0.092,2025-01-06,2025-01-05
ORD00065,2025-01-02,Cliente_472,Francisco Fogaça,Vitória,ES,Sudeste,P0027,Caixa de Som Bluetooth JBL,Áudio,4.0,549.9,0.0428,2025-01-06,2025-01-06
ORD00066,2025-01-03,Cliente_012,Dr. Arthur da Cunha,Caracaraí,RR,Norte,P0027,Caixa de Som Bluetooth JBL,Áudio,4.0,549.9,0.0461,2025-01-07,2025-01-08
ORD00067,2025-01-03,Cliente_026,Ana Júlia Lima,Contagem,MG,Sudeste,P0005,"Fone de Ouvido Sem Fio TWS, PHILIPS",Áudio,3.0,124.91,0.0498,2025-01-08,2025-01-07
ORD00068,2025-01-03,Cliente_062,Rodrigo da Paz,Uberlândia,MG,Sudeste,P0017,ACER Notebook Gamer Nitro,Informática,1.0,4604.0,0.1601,2025-01-06,2025-01-05
ORD00069,2025-01-03,Cliente_139,Sr. Daniel Pinto,Nova Iguaçu,RJ,Sudeste,P0005,"Fone de Ouvido Sem Fio TWS, PHILIPS",Áudio,4.0,124.91,0.0302,2025-01-07,2025-01-06
ORD00070,2025-01-03,Cliente_163,Thiago Rodrigues,São Luís,MA,Nordeste,P0018,"Monitor UHD Samsung 32""",Informática,1.0,1626.57,0.0588,2025-01-09,2025-01-09
ORD00071,2025-01-03,Cliente_182,Pedro Henrique Pinto,Parnaíba,PI,Nordeste,P0006,Fone de ouvido Sem Fio QCY T27,Áudio,4.0,129.86,0.0255,2025-01-10,2025-01-11
ORD00072,2025-01-03,Cliente_189,Cauã Almeida,Patos,PB,Nordeste,P0012,"Soundbar Tomate MTS-2017, Bivolt",Áudio,3.0,769.9,0.0429,2025-01-07,2025-01-11
ORD00073,2025-01-03,Cliente_194,Pedro Gomes,Pelotas,RS,Sul,P0015,Fone de Ouvido Profissional AKG K92,Áudio,2.0,428.99,0.1367,2025-01-07,2025-01-07
ORD00074,2025-01-03,Cliente_196,Fernando Costa,Vila Velha,ES,Sudeste,P0015,Fone de Ouvido Profissional AKG K92,Áudio,3.0,428.99,0.2079,2025-01-07,2025-01-07
ORD00075,2025-01-03,Cliente_218,Isabel Pereira,Vila Velha,ES,Sudeste,P0013,"Projetor Smart Epson EpiqVision, FULL HD",TV e Projeção,1.0,3049.99,0.11,2025-01-07,2025-01-09
ORD00076,2025-01-03,Cliente_218,Isabel Pereira,Vila Velha,ES,Sudeste,P0018,"Monitor UHD Samsung 32""",Informática,1.0,1626.57,0.034,2025-01-09,2025-01-08
ORD00077,2025-01-03,Cliente_240,Esther Monteiro,Fortaleza,CE,Nordeste,P0011,"Soundbar Samsung com 2.1 canais, Dolby Digital",Áudio,3.0,1072.0,0.0667,2025-01-08,2025-01-06
ORD00078,2025-01-03,Cliente_242,Clarice Campos,Curitiba,PR,Sul,P0015,Fone de Ouvido Profissional AKG K92,Áudio,3.0,428.99,0.2064,2025-01-07,2025-01-08
ORD00079,2025-01-03,Cliente_259,Melissa da Rocha,São Bernardo do Campo,SP,Sudeste,P0009,Smart TV 32” Philco LED Roku TV,TV e Projeção,4.0,949.0,0.0266,2025-01-07,2025-01-11
ORD00080,2025-01-03,Cliente_298,Clara Gomes,Fortaleza,CE,Nordeste,P0005,"Fone de Ouvido Sem Fio TWS, PHILIPS",Áudio,1.0,124.91,0.0234,2025-01-05,2025-01-05
ORD00081,2025-01-03,Cliente_300,Dra. Maria Sophia Nogueira,Chapecó,SC,Sul,P0021,SSD Crucial 1TB NVMe M.2,Informática,1.0,449.0,0.0248,2025-01-07,2025-01-11
ORD00082,2025-01-03,Cliente_314,Nina Ramos,Laranjal do Jari,AP,Norte,P0013,"Projetor Smart Epson EpiqVision, FULL HD",TV e Projeção,2.0,3049.99,0.1175,2025-01-09,2025-01-13
ORD00083,2025-01-03,Cliente_337,Benício Fernandes,Castanhal,PA,Norte,P0018,"Monitor UHD Samsung 32""",Informática,1.0,1626.57,0.0594,2025-01-07,2025-01-06
ORD00084,2025-01-03,Cliente_340,Bruno Cardoso,Gravataí,RS,Sul,P0020,Teclado Mecanico Fizz,Informática,3.0,174.9,0.1155,2025-01-06,2025-01-05
ORD00085,2025-01-03,Cliente_364,Evelyn Azevedo,Fortaleza,CE,Nordeste,P0013,"Projetor Smart Epson EpiqVision, FULL HD",TV e Projeção,4.0,3049.99,0.1311,2025-01-09,2025-01-08
ORD00086,2025-01-03,Cliente_371,Ana Luiza Nunes,Joinville,SC,Sul,P0002,Samsung Galaxy Tab S6 Lite,Smartphones e Tablets,1.0,1799.01,0.1275,2025-01-07,2025-01-06
ORD00087,2025-01-03,Cliente_408,Maria Julia Duarte,Marabá,PA,Norte,P0012,"Soundbar Tomate MTS-2017, Bivolt",Áudio,2.0,769.9,0.0291,2025-01-08,2025-01-10
ORD00088,2025-01-03,Cliente_408,Maria Julia Duarte,Marabá,PA,Norte,P0015,Fone de Ouvido Profissional AKG K92,Áudio,2.0,428.99,0.131,2025-01-09,2025-01-13
ORD00089,2025-01-03,Cliente_436,Daniel Carvalho,Itajaí,SC,Sul,P0005,"Fone de Ouvido Sem Fio TWS, PHILIPS",Áudio,2.0,124.91,0.0623,2025-01-10,2025-01-07
ORD00090,2025-01-03,Cliente_482,Vinicius Correia,Chapecó,SC,Sul,P0019,Mouse Redragon Wireless,Informática,1.0,165.99,0.1728,2025-01-09,2025-01-07
ORD00091,2025-01-03,Cliente_528,Thiago Mata Mendes,Niterói,RJ,Sudeste,P0024,Memória Kingston Fury 16GB DDR5,Informática,4.0,389.9,0.086,2025-01-07,2025-01-06
ORD00092,2025-01-03,Cliente_530,Pietra Farias Novaes,Juazeiro do Norte,CE,Nordeste,P0021,SSD Crucial 1TB NVMe M.2,Informática,4.0,449.0,0.0209,2025-01-08,2025-01-12
ORD00093,2025-01-03,Cliente_533,Sophia Gonçalves Teixeira,Recife,PE,Nordeste,P0008,Película de Vidro 3D Galaxy A30s,Acessórios Mobile,,17.9,0.1384,2025-01-10,2025-01-09
ORD00094,2025-01-03,Cliente_545,Felipe Cardoso,Florianópolis,SC,Sul,P0003,Carregador Turbo USB-C 30W,Acessórios Mobile,4.0,49.9,0.067,2025-01-05,2025-01-04
ORD00095,2025-01-04,Cliente_006,Miguel Cardoso,Juazeiro,BA,Nordeste,P0027,Caixa de Som Bluetooth JBL,Áudio,2.0,549.9,0.0415,2025-01-11,2025-01-10
ORD00096,2025-01-04,Cliente_008,Thales Pereira,Cascavel,PR,Sul,P0015,Fone de Ouvido Profissional AKG K92,Áudio,1.0,428.99,0.1487,2025-01-07,2025-01-07
ORD00097,2025-01-04,Cliente_040,Renan Silveira,Propriá,SE,Nordeste,P0008,Película de Vidro 3D Galaxy A30s,Acessórios Mobile,,17.9,0.1608,2025-01-07,2025-01-10
ORD00098,2025-01-04,Cliente_050,Enzo Monteiro,Curitiba,PR,Sul,P0015,Fone de Ouvido Profissional AKG K92,Áudio,4.0,428.99,0.2329,2025-01-08,2025-01-10
ORD00099,2025-01-04,Cliente_050,Enzo Monteiro,Curitiba,PR,Sul,P0024,Memória Kingston Fury 16GB DDR5,Informática,4.0,389.9,0.0451,2025-01-09,2025-01-09
ORD00100,2025-01-04,Cliente_052,Ana Beatriz Freitas,Ponta Grossa,PR,Sul,P0002,Samsung Galaxy Tab S6 Lite,Smartphones e Tablets,2.0,1799.01,0.0951,2025-01-12,2025-01-12
ORD00101,2025-01-04,Cliente_069,Levi da Rosa,Porto Nacional,TO,Norte,P0006,Fone de ouvido Sem Fio QCY T27,Áudio,2.0,129.86,0.0299,2025-01-09,2025-01-08
ORD00102,2025-01-04,Cliente_108,Sr. Eduardo Moreira,Recife,PE,Nordeste,P0001,Samsung Galaxy A36,Smartphones e Tablets,3.0,1979.1,0.123,2025-01-08,2025-01-07
ORD00103,2025-01-04,Cliente_108,Sr. Eduardo Moreira,Recife,PE,Nordeste,P0013,"Projetor Smart Epson EpiqVision, FULL HD",TV e Projeção,2.0,3049.99,0.1226,2025-01-09,2025-01-11
ORD00104,2025-01-04,Cliente_119,Daniel Costa,Jaboatão dos Guararapes,PE,Nordeste,P0020,Teclado Mecanico Fizz,Informática,2.0,174.9,0.0819,2025-01-11,2025-01-11
ORD00105,2025-01-04,Cliente_134!!,Juan da Luz,Blumenau,SC,Sul,P0011,"Soundbar Samsung com 2.1 canais, Dolby Digital",Áudio,1.0,1072.0,0.0593,2025-01-07,2025-01-06
ORD00106,2025-01-04,Cliente_135,Eduardo Pires,Contagem,MG,Sudeste,P0025,Webcam Logitech Full HD,Informática,1.0,329.9,0.0508,2025-01-07,2025-01-07
ORD00107,2025-01-04,Cliente_153,Enrico Dias,Manacapuru,AM,Norte,P0010,"Smart TV LED 32""Samsung LED Tizen TV",TV e Projeção,2.0,1079.0,0.0999,2025-01-10,2025-01-13
ORD00108,2025-01-04,Cliente_165,Maria Fernanda Teixeira,Duque de Caxias,RJ,Sudeste,P0005,"Fone de Ouvido Sem Fio TWS, PHILIPS",Áudio,4.0,124.91,0.028,2025-01-07,2025-01-05
ORD00109,2025-01-04,Cliente_167,Sophie da Cruz,Caucaia,CE,Nordeste,P0002,Samsung Galaxy Tab S6 Lite,Smartphones e Tablets,3.0,1799.01,0.0789,2025-01-08,2025-01-08
ORD00110,2025-01-04,Cliente_198,Sr. André Castro,Lagarto,SE,Nordeste,P0009,Smart TV 32” Philco LED Roku TV,TV e Projeção,3.0,949.0,0.0308,2025-01-10,2025-01-10
ORD00111,2025-01-04,Cliente_230,Maria Nogueira,Bayeux,PB,Nordeste,P0006,Fone de ouvido Sem Fio QCY T27,Áudio,1.0,129.86,0.0508,2025-01-11,2025-01-12
ORD00112,2025-01-04,Cliente_252,Sr. Isaac Melo,Itajaí,SC,Sul,P0006,Fone de ouvido Sem Fio QCY T27,Áudio,1.0,129.86,0.038,2025-01-09,2025-01-09
ORD00113,2025-01-04,Cliente_255,Anthony Pires,Caxias do Sul,RS,Sul,P0008,Película de Vidro 3D Galaxy A30s,Acessórios Mobile,2.0,17.9,0.0689,2025-01-08,2025-01-15
ORD00114,2025-01-04,Cliente_273,Leonardo Melo,Sobral,CE,Nordeste,P0013,"Projetor Smart Epson EpiqVision, FULL HD",TV e Projeção,2.0,3049.99,0.18,2025-01-09,2025-01-07
ORD00115,2025-01-04,Cliente_300,Dra. Maria Sophia Nogueira,Chapecó,SC,Sul,P0004,Carregador Turbo Tipo-C 50w,Acessórios Mobile,1.0,53.9,0.0923,2025-01-08,2025-01-07
ORD00116,2025-01-04,Cliente_307,Caroline Silveira,Ji-Paraná,RO,Norte,P0027,Caixa de Som Bluetooth JBL,Áudio,3.0,549.9,0.0567,2025-01-07,2025-01-07
ORD00117,2025-01-04,Cliente_323,Dr. João Pedro Carvalho,Boa Vista,RR,Norte,P0017,ACER Notebook Gamer Nitro,Informática,2.0,4604.0,0.075,2025-01-11,2025-01-11
ORD00118,2025-01-04,Cliente_332,Júlia Moraes,São Bernardo do Campo,SP,Sudeste,P0005,"Fone de Ouvido Sem Fio TWS, PHILIPS",Áudio,2.0,124.91,0.0282,2025-01-08,2025-01-11
ORD00119,2025-01-04,Cliente_337,Benício Fernandes,Castanhal,PA,Norte,P0005,"Fone de Ouvido Sem Fio TWS, PHILIPS",Áudio,3.0,124.91,0.0266,2025-01-08,2025-01-08
ORD00120,2025-01-04,Cliente_484,Rafael Novaes Nogueira,Santa Maria,RS,Sul,P0004,Carregador Turbo Tipo-C 50w,Acessórios Mobile,4.0,53.9,0.1515,2025-01-06,2025-01-08
ORD00121,2025-01-04,Cliente_484,Rafael Novaes Nogueira,Santa Maria,RS,Sul,P0006,Fone de ouvido Sem Fio QCY T27,Áudio,2.0,129.86,0.0733,2025-01-09,2025-01-10
ORD00122,2025-01-04,Cliente_521,Lívia Ferreira,Gravataí,RS,Sul,P0013,"Projetor Smart Epson EpiqVision, FULL HD",TV e Projeção,1.0,3049.99,0.1286,2025-01-11,2025-01-08
ORD00123,2025-01-04,Cliente_528,Thiago Mata Mendes,Niterói,RJ,Sudeste,P0024,Memória Kingston Fury 16GB DDR5,Informática,1.0,389.9,0.0422,2025-01-09,2025-01-14
ORD00124,2025-01-05,Cliente_008,Thales Pereira,Cascavel,PR,Sul,P0019,Mouse Redragon Wireless,Informática,3.0,165.99,0.3374,2025-01-11,2025-01-10
ORD00125,2025-01-05,Cliente_030,João Lucas da Costa,Joinville,SC,Sul,P0003,Carregador Turbo USB-C 30W,Acessórios Mobile,2.0,49.9,0.0483,2025-01-11,2025-01-14
ORD00126,2025-01-05,Cliente_040,Renan Silveira,Propriá,SE,Nordeste,P0015,Fone de Ouvido Profissional AKG K92,Áudio,1.0,428.99,0.1317,2025-01-11,2025-01-10
ORD00127,2025-01-05,Cliente_065,Letícia Porto,Santana,AP,Norte,P0027,Caixa de Som Bluetooth JBL,Áudio,1.0,549.9,0.0416,2025-01-12,2025-01-13
ORD00128,2025-01-05,Cliente_101,Francisco Barbosa,Pelotas,RS,Sul,P0009,Smart TV 32” Philco LED Roku TV,TV e Projeção,4.0,949.0,0.0256,2025-01-08,2025-01-12
ORD00129,2025-01-05,Cliente_133,Isadora Novaes,Cachoeiro de Itapemirim,ES,Sudeste,P0006,Fone de ouvido Sem Fio QCY T27,Áudio,1.0,129.86,0.0387,2025-01-09,2025-01-08
ORD00130,2025-01-05,Cliente_156,Lívia da Rocha,Cacoal,RO,Norte,P0020,Teclado Mecanico Fizz,Informática,2.0,174.9,0.0522,2025-01-11,2025-01-09
ORD00131,2025-01-05,Cliente_179,Ana Vitória da Rocha,São Paulo,SP,Sudeste,P0008,Película de Vidro 3D Galaxy A30s,Acessórios Mobile,3.0,17.9,0.1078,2025-01-10,2025-01-09
ORD00132,2025-01-05,Cliente_180,Vicente Jesus,Niterói,RJ,Sudeste,P0017,ACER Notebook Gamer Nitro,Informática,1.0,4604.0,0.0996,2025-01-08,2025-01-07
ORD00133,2025-01-05,Cliente_195,Maria Luiza da Conceição,Belém,PA,Norte,P0013,"Projetor Smart Epson EpiqVision, FULL HD",TV e Projeção,2.0,3049.99,0.2058,2025-01-12,2025-01-10
ORD00134,2025-01-05,Cliente_211,Srta. Natália Cardoso,Cruzeiro do Sul,AC,Norte,P0019,Mouse Redragon Wireless,Informática,2.0,165.99,0.1305,2025-01-10,2025-01-10
ORD00135,,Cliente_216,Yasmin Costela,Pelotas,RS,Sul,P0009,Smart TV 32” Philco LED Roku TV,TV e Projeção,4.0,949.0,0.037,2025-01-10,2025-01-09
ORD00136,2025-01-05,Cliente_218,Isabel Pereira,Vila Velha,ES,Sudeste,P0010,"Smart TV LED 32""Samsung LED Tizen TV",TV e Projeção,2.0,1079.0,0.0721,2025-01-09,2025-01-14
ORD00137,2025-01-05,Cliente_237,Bryan Moreira,Serra,ES,Sudeste,P0005,"Fone de Ouvido Sem Fio TWS, PHILIPS",Áudio,4.0,124.91,0.0302,2025-01-10,2025-01-08
ORD00138,2025-01-05,Cliente_243,Laura da Cunha,Maringá,PR,Sul,P0008,Película de Vidro 3D Galaxy A30s,Acessórios Mobile,3.0,17.9,0.1036,2025-01-07,2025-01-07
ORD00139,2025-01-05,Cliente_244,Maria Vitória Martins,Rio de Janeiro,RJ,Sudeste,P0024,Memória Kingston Fury 16GB DDR5,Informática,4.0,389.9,0.0965,2025-01-12,2025-01-11
ORD00140,2025-01-05,Cliente_251,Dr. João Felipe Sales,Ribeirão Preto,SP,Sudeste,P0020,Teclado Mecanico Fizz,Informática,3.0,174.9,0.0772,2025-01-09,2025-01-11
ORD00141,2025-01-05,Cliente_275,Marina Caldeira,Porto Alegre,RS,Sul,P0012,"Soundbar Tomate MTS-2017, Bivolt",Áudio,,769.9,0.0426,2025-01-09,2025-01-09
ORD00142,2025-01-05,Cliente_280,Daniel da Luz,Santo André,SP,Sudeste,P0015,Fone de Ouvido Profissional AKG K92,Áudio,2.0,428.99,0.0862,2025-01-09,2025-01-07
ORD00143,2025-01-05,Cliente_300,Dra. Maria Sophia Nogueira,Chapecó,SC,Sul,P0016,Fone de Ouvido Profissional EDIFIER WH950NB,Áudio,1.0,899.0,0.0494,2025-01-09,2025-01-09
ORD00144,2025-01-05,Cliente_318,Laís Jesus,Tocantinópolis,TO,Norte,P0001,Samsung Galaxy A36,Smartphones e Tablets,3.0,1979.1,0.2222,2025-01-10,2025-01-09
ORD00145,2025-01-05,Cliente_340,Bruno Cardoso,Gravataí,RS,Sul,P0006,Fone de ouvido Sem Fio QCY T27,Áudio,2.0,129.86,0.0264,2025-01-10,2025-01-14
ORD00146,2025-01-05,Cliente_368,Bryan da Mota,Lagarto,SE,Nordeste,P0027,Caixa de Som Bluetooth JBL,Áudio,,549.9,0.0613,2025-01-12,2025-01-09
ORD00147,2025-01-05,Cliente_384,Brenda Monteiro,Santana,AP,Norte,P0020,Teclado Mecanico Fizz,Informática,2.0,174.9,0.0614,2025-01-11,2025-01-13
ORD00148,2025-01-05,Cliente_405,Amanda Fogaça,Linhares,ES,Sudeste,P0020,Teclado Mecanico Fizz,Informática,2.0,174.9,0.065,2025-01-08,2025-01-08
ORD00149,2025-01-05,Cliente_430,Guilherme Silveira Gomes,Caxias do Sul,RS,Sul,P0013,"Projetor Smart Epson EpiqVision, FULL HD",TV e Projeção,1.0,3049.99,0.1361,2025-01-08,2025-01-08
ORD00150,2025-01-05,Cliente_482,Vinicius Correia,Chapecó,SC,Sul,P0015,Fone de Ouvido Profissional AKG K92,Áudio,,428.99,0.2173,2025-01-10,2025-01-09
ORD00151,2025-01-05,Cliente_501,Júlia Mota,Contagem,MG,Sudeste,P0009,Smart TV 32” Philco LED Roku TV,TV e Projeção,3.0,949.0,0.0155,2025-01-08,2025-01-07
ORD00152,2025-01-05,Cliente_540,Murilo Ferreira Costa,Pelotas,RS,Sul,P0018,"Monitor UHD Samsung 32""",Informática,1.0,1626.57,0.042,2025-01-10,2025-01-09
ORD00153,2025-01-06,Cliente_003,Giovanna Aragão,Belém,PA,Norte,P0012,"Soundbar Tomate MTS-2017, Bivolt",Áudio,2.0,769.9,0.0178,2025-01-13,2025-01-22
ORD00154,2025-01-06,Cliente_019,Gabriela da Paz,Uberlândia,MG,Sudeste,P0013,"Projetor Smart Epson EpiqVision, FULL HD",TV e Projeção,1.0,3049.99,0.1544,2025-01-11,2025-01-19
ORD00155,2025-01-06,Cliente_051,Maria Julia Pinto,Blumenau,SC,Sul,P0016,Fone de Ouvido Profissional EDIFIER WH950NB,Áudio,3.0,899.0,0.0255,2025-01-09,2025-01-08
ORD00156,2025-01-06,Cliente_065,Letícia Porto,Santana,AP,Norte,P0016,Fone de Ouvido Profissional EDIFIER WH950NB,Áudio,1.0,899.0,0.0455,2025-01-13,2025-01-12
ORD00157,2025-01-06,Cliente_067,Nicole Dias,Uberlândia,MG,Sudeste,P0006,Fone de ouvido Sem Fio QCY T27,Áudio,4.0,129.86,0.0304,2025-01-11,2025-01-14
ORD00158,2025-01-06,Cliente_068,Stephany Moreira,Curitiba,PR,Sul,P0011,"Soundbar Samsung com 2.1 canais, Dolby Digital",Áudio,2.0,1072.0,0.0678,2025-01-09,2025-01-08
ORD00159,2025-01-06,Cliente_104,Clarice Rezende,Blumenau,SC,Sul,P0020,Teclado Mecanico Fizz,Informática,2.0,174.9,0.0445,2025-01-10,2025-01-09
ORD00160,2025-01-06,Cliente_139,Sr. Daniel Pinto,Nova Iguaçu,RJ,Sudeste,P0004,Carregador Turbo Tipo-C 50w,Acessórios Mobile,4.0,53.9,0.195,2025-01-11,2025-01-10
ORD00161,2025-01-06,Cliente_172,Luiz Gustavo Rocha,Porto Alegre,RS,Sul,P0020,Teclado Mecanico Fizz,Informática,,174.9,0.0446,2025-01-10,2025-01-13
ORD00162,2025-01-06,Cliente_178,Arthur Azevedo,Caxias,MA,Nordeste,P0012,"Soundbar Tomate MTS-2017, Bivolt",Áudio,1.0,769.9,0.0256,2025-01-10,2025-01-10
ORD00163,2025-01-06,Cliente_200,Ian da Mata,Boa Vista,RR,Norte,P0019,Mouse Redragon Wireless,Informática,3.0,165.99,0.2317,2025-01-13,2025-01-12
ORD00164,2025-01-06,Cliente_205,Kevin Souza,Santa Rita,PB,Nordeste,P0004,Carregador Turbo Tipo-C 50w,Acessórios Mobile,2.0,53.9,0.0843,2025-01-12,2025-01-11
ORD00165,2025-01-06,Cliente_244,Maria Vitória Martins,Rio de Janeiro,RJ,Sudeste,P0011,"Soundbar Samsung com 2.1 canais, Dolby Digital",Áudio,3.0,1072.0,0.1611,2025-01-10,2025-01-10
ORD00166,2025-01-06,Cliente_255,Anthony Pires,Caxias do Sul,RS,Sul,P0020,Teclado Mecanico Fizz,Informática,2.0,174.9,0.0347,2025-01-10,2025-01-09
ORD00167,2025-01-06,Cliente_266,Caroline Carvalho,Cruzeiro do Sul,AC,Norte,P0027,Caixa de Som Bluetooth JBL,Áudio,3.0,549.9,0.054,2025-01-14,2025-01-14
ORD00168,2025-01-06,Cliente_299,Pietra Duarte,Parintins,AM,Norte,P0012,"Soundbar Tomate MTS-2017, Bivolt",Áudio,2.0,769.9,0.0319,2025-01-14,2025-01-13
ORD00169,2025-01-06,Cliente_300,Dra. Maria Sophia Nogueira,Chapecó,SC,Sul,P0015,Fone de Ouvido Profissional AKG K92,Áudio,4.0,428.99,0.2656,2025-01-11,2025-01-11
ORD00170,2025-01-06,Cliente_301,Sarah Melo,Curitiba,PR,Sul,P0016,Fone de Ouvido Profissional EDIFIER WH950NB,Áudio ,1.0,899.0,0.0337,2025-01-11,2025-01-10
ORD00171,2025-01-06,Cliente_305,Ana Julia Pires,Uberlândia,MG,Sudeste,P0008,Película de Vidro 3D Galaxy A30s,Acessórios Mobile,4.0,17.9,0.2753,2025-01-09,2025-01-12
ORD00172,2025-01-06,Cliente_323,Dr. João Pedro Carvalho,Boa Vista,RR,Norte,P0018,"Monitor UHD Samsung 32""",Informática,1.0,1626.57,0.0302,2025-01-14,2025-01-13
ORD00173,2025-01-06,Cliente_330,Rebeca Farias,Cascavel,PR,Sul,P0008,Película de Vidro 3D Galaxy A30s,Acessórios Mobile,2.0,17.9,0.1018,2025-01-12,2025-01-14
ORD00174,2025-01-06,Cliente_368,Bryan da Mota,Lagarto,SE,Nordeste,P0020,Teclado Mecanico Fizz,Informática,2.0,,0.0616,2025-01-11,2025-01-09
ORD00175,2025-01-06,Cliente_384,Brenda Monteiro,Santana,AP,Norte,P0027,Caixa de Som Bluetooth JBL,Áudio,3.0,549.9,0.0535,2025-01-13,2025-01-12
ORD00176,2025-01-06,Cliente_414,Stephany Melo,Timon,MA,Nordeste,P0019,Mouse Redragon Wireless,Informática,2.0,165.99,0.1261,2025-01-12,2025-01-11
ORD00177,2025-01-06,Cliente_499,Isabel Nogueira,Caicó,RN,Nordeste,P0002,Samsung Galaxy Tab S6 Lite,Smartphones e Tablets,2.0,1799.01,0.0836,2025-01-12,2025-01-11
ORD00178,2025-01-06,Cliente_520,Isabella Fernandes,Santo André,SP,Sudeste,P0011,"Soundbar Samsung com 2.1 canais, Dolby Digital",Áudio,3.0,1072.0,0.0547,2025-01-08,2025-01-07
ORD00179,2025-01-06,Cliente_528,Thiago Mata Mendes,Niterói,RJ,Sudeste,P0006,Fone de ouvido Sem Fio QCY T27,Áudio,2.0,129.86,0.0425,2025-01-10,2025-01-09
ORD00180,2025-01-07,Cliente_007,Helena Souza,Feira de Santana,BA,Nordeste,P0001,Samsung Galaxy A36,Smartphones e Tablets,3.0,1979.1,0.1203,2025-01-14,2025-01-12
ORD00181,2025-01-07,Cliente_059,Srta. Laura Caldeira,Gravataí,RS,Sul,P0011,"Soundbar Samsung com 2.1 canais, Dolby Digital",Áudio,2.0,1072.0,0.0488,2025-01-14,2025-01-16
ORD00182,2025-01-07,Cliente_066,Antônio Moraes,Cascavel,PR,Sul,P0015,Fone de Ouvido Profissional AKG K92,Áudio,3.0,428.99,0.291,2025-01-11,2025-01-12
ORD00183,2025-01-07,Cliente_151,Lorenzo Moura,Vitória da Conquista,BA,Nordeste,P0011,"Soundbar Samsung com 2.1 canais, Dolby Digital",Áudio,1.0,1072.0,0.0564,2025-01-16,2025-01-15
ORD00184,2025-01-07,Cliente_159,Dr. Igor Correia,Santa Rita,PB,Nordeste,P0018,"Monitor UHD Samsung 32""",Informática,1.0,1626.57,0.049,2025-01-10,2025-01-12
ORD00185,2025-01-07,Cliente_177,Dra. Heloísa da Paz,São Paulo,SP,Sudeste,P0011,"Soundbar Samsung com 2.1 canais, Dolby Digital",Áudio,1.0,1072.0,0.0665,2025-01-11,2025-01-16
ORD00186,2025-01-07,Cliente_194,Pedro Gomes,Pelotas,RS,Sul,P0015,Fone de Ouvido Profissional AKG K92,Áudio,3.0,428.99,0.2657,2025-01-09,2025-01-08
ORD00187,2025-01-07,Cliente_247,João Moraes,Campinas,SP,Sudeste,P0011,"Soundbar Samsung com 2.1 canais, Dolby Digital",Áudio,1.0,1072.0,0.0482,2025-01-10,2025-01-09
ORD00188,2025-01-07, Cliente_247,João Moraes,Campinas,SP,Sudeste,P0025,Webcam Logitech Full HD,Informática,3.0,329.9,0.0675,2025-01-11,2025-01-08
ORD00189,2025-01-07,Cliente_259,Melissa da Rocha,São Bernardo do Campo,SP,Sudeste,P0027,Caixa de Som Bluetooth JBL,Áudio,1.0,549.9,0.0413,2025-01-11,2025-01-09
ORD00190,2025-01-07,Cliente-309,Dra. Ana Laura Pires,Itajaí,SC,Sul,P0014,Projetor EPSON Powerlite Wide Screen,TV e Projeção,2.0,2742.13,0.2443,2025-01-11,2025-01-11
ORD00191,2025-01-07,Cliente_319,Catarina Silva,Tarauacá,AC,Norte,P0005,"Fone de Ouvido Sem Fio TWS, PHILIPS",Áudio,1.0,124.91,0.0244,2025-01-13,2025-01-13
ORD00192,2025-01-07,Cliente_319,Catarina Silva,Tarauacá,AC,Norte,P0005,"Fone de Ouvido Sem Fio TWS, PHILIPS",Áudio,3.0,,0.024,2025-01-13,2025-01-12
ORD00193,2025-01-07,Cliente_330,Rebeca Farias,Cascavel,PR,Sul,P0027,Caixa de Som Bluetooth JBL,Áudio,2.0,549.9,0.0406,2025-01-09,2025-01-13
ORD00194,2025-01-07,Cliente_337,Benício Fernandes,Castanhal,PA,Norte,P0009,Smart TV 32” Philco LED Roku TV,TV e Projeção,1.0,949.0,0.0192,2025-01-12,2025-01-12
ORD00195,2025-01-07,Cliente_357,Amanda Araújo,Araguaína,TO,Norte,P0001,Samsung Galaxy A36,Smartphones e Tablets,2.0,1979.1,0.114,2025-01-14,2025-01-14
ORD00196,2025-01-07,Cliente_363,Diego Costela,Ananindeua,PA,Norte,P0002,Samsung Galaxy Tab S6 Lite,Smartphones e Tablets,2.0,1799.01,0.1382,2025-01-12,2025-01-12
ORD00197,2025-01-07,Cliente_373,Sr. Cauê Martins,Gravataí,RS,Sul,P0008,Película de Vidro 3D Galaxy A30s,Acessórios Mobile,2.0,17.9,0.0609,2025-01-12,2025-01-12
ORD00198,2025-01-07,Cliente_392,Luiz Felipe Carvalho,Ponta Grossa,PR,Sul,P0006,Fone de ouvido Sem Fio QCY T27,Áudio,1.0,129.86,0.0341,2025-01-09,2025-01-12
ORD00199,2025-01-07,Cliente-394,Eduardo Oliveira,Ribeirão Preto,SP,Sudeste,P0013,"Projetor Smart Epson EpiqVision, FULL HD",TV e Projeção,,3049.99,0.2155,2025-01-13,2025-01-12
ORD00200,2025-01-07,Cliente_403,Laís da Paz,João Pessoa,PB,Nordeste,P0027,Caixa de Som Bluetooth JBL,Áudio,2.0,549.9,0.0216,2025-01-11,2025-01-11
ORD00201,2025-01-07,Cliente_474,Benjamin Novaes,Joinville,SC,Sul,P0020,Teclado Mecanico Fizz,Informática,2.0,174.9,0.0432,2025-01-10,2025-01-14
ORD00202,2025-01-08,Cliente_099,Srta. Maria Luiza Rocha,Blumenau,SC,Sul,P0024,Memória Kingston Fury 16GB DDR5,Informática,3.0,389.9,0.095,2025-01-12,2025-01-12
ORD00203,2025-01-08,Cliente_194,Pedro Gomes,Pelotas,RS,Sul,P0027,Caixa de Som Bluetooth JBL,Áudio,3.0,549.9,0.0589,2025-01-12,2025-01-12
ORD00204,2025-01-08,Cliente_195,Maria Luiza da Conceição,Belém,PA,Norte,P0020,Teclado Mecanico Fizz,Informática,3.0,174.9,0.0784,2025-01-17,2025-01-20
ORD00205,2025-01-08,Cliente_236,Anthony Rezende,Timon,MA,Nordeste,P0026,Cabo USB-C Trançado 2m,Acessórios Mobile,1.0,34.9,0.0374,2025-01-16,2025-01-14
ORD00206,2025-01-08,Cliente_264,Sr. Noah da Paz,Itacoatiara,AM,Norte,P0002,Samsung Galaxy Tab S6 Lite,Smartphones e Tablets,1.0,1799.01,0.1255,2025-01-16,2025-01-13
ORD00207,2025-01-08, Cliente_342 ,Vitor Gabriel Nascimento,Rio Branco,AC,Norte,P0015,Fone de Ouvido Profissional AKG K92,Áudio,3.0,428.99,0.165,2025-01-14,2025-01-12
ORD00208,2025-01-08,cliente#409,Eloah Silva,Sobral,CE,Nordeste,P0013,"Projetor Smart Epson EpiqVision, FULL HD",TV e Projeção,1.0,3049.99,0.0809,2025-01-13,2025-01-12
ORD00209,2025-01-08,cliente_476,Gabriela Rodrigues Melo,Uberlândia,MG,Sudeste,P0027,Caixa de Som Bluetooth JBL,Áudio,2.0,549.9,0.0405,2025-01-13,2025-01-13
ORD00210,2025-01-09,Cliente_016,Sr. Thomas Nascimento,Tarauacá,AC,Norte,P0015,Fone de Ouvido Profissional AKG K92,Áudio,2.0,428.99,0.1335,2025-01-14,2025-01-13
ORD00211,2025-01-09,Cliente_024,Juliana Ferreira,Itacoatiara,AM,Norte,P0008,Película de Vidro 3D Galaxy A30s,Acessórios Mobile,3.0,17.9,0.0648,2025-01-14,2025-01-11
ORD00212,2025-01-09,Cliente_058,Sr. Nathan Peixoto,Itacoatiara,AM,Norte,P0009,Smart TV 32” Philco LED Roku TV,TV e Projeção,2.0,949.0,0.019,2025-01-14,2025-01-14
ORD00213,2025-01-09,Cliente_059,Srta. Laura Caldeira,Gravataí,RS,Sul,P0016,Fone de Ouvido Profissional EDIFIER WH950NB,Áudio,1.0,899.0,0.0266,2025-01-11,2025-01-15
ORD00214,2025-01-09,Cliente_069!!,Levi da Rosa,Porto Nacional,TO,Norte,P0012,"Soundbar Tomate MTS-2017, Bivolt",Áudio,4.0,769.9,0.0301,2025-01-14,2025-01-14
ORD00215,2025-01-09,Cliente_102,Dr. Miguel Cunha,Gravataí,RS,Sul,P0016,Fone de Ouvido Profissional EDIFIER WH950NB,Áudio,3.0,899.0,0.0325,2025-01-15,2025-01-13
ORD00216,2025-01-09,Cliente_108,Sr. Eduardo Moreira,Recife,PE,Nordeste,P0015,Fone de Ouvido Profissional AKG K92,Áudio,3.0,428.99,0.3463,2025-01-13,2025-01-14
ORD00217,2025-01-09,Cliente_109!!,Gustavo Henrique Cunha,Cantá,RR,Norte,P0022,Smartphone Motorola Edge 50 Neo,Smartphones e Tablets,1.0,2299.9,0.0998,2025-01-13,2025-01-12
ORD00218,2025-01-09,Cliente_110,Rafaela Carvalho,Betim,MG,Sudeste,P0015,Fone de Ouvido Profissional AKG K92,Áudio,4.0,428.99,0.2038,2025-01-13,2025-01-12
ORD00219,2025-01-09,Cliente_126,Luiz Fernando da Costa,Juiz de Fora,MG,Sudeste,P0017,ACER Notebook Gamer Nitro,Informática,2.0,4604.0,0.0771,2025-01-15,2025-01-14
ORD00220,2025-01-09,Cliente_143,Cecília Barros,Londrina,PR,Sul,P0011,"Soundbar Samsung com 2.1 canais, Dolby Digital",Áudio,3.0,1072.0,0.0791,2025-01-13,2025-01-16
ORD00221,2025-01-09,Cliente_156,Lívia da Rocha,Cacoal,RO,Norte,P0008,Película de Vidro 3D Galaxy A30s,Acessórios Mobile,2.0,17.9,0.0923,2025-01-16,2025-01-15
ORD00222,2025-01-09,Cliente_195,Maria Luiza da Conceição,Belém,PA,Norte,P0013,"Projetor Smart Epson EpiqVision, FULL HD",TV e Projeção,1.0,3049.99,0.0718,2025-01-16,2025-01-16
ORD00223,2025-01-09,Cliente_222,João Gabriel Nunes,Vitória,ES,Sudeste,P0021,SSD Crucial 1TB NVMe M.2,Informática,4.0,449.0,0.0243,2025-01-14,2025-01-13
ORD00224,2025-01-09,Cliente_244,Maria Vitória Martins,Rio de Janeiro,RJ,Sudeste,P0013,"Projetor Smart Epson EpiqVision, FULL HD",TV e Projeção,3.0,,0.1836,2025-01-15,2025-01-15
ORD00225,2025-01-09,Cliente_253,Mariane Lopes,Estância,SE,Nordeste,P0025,Webcam Logitech Full HD,Informática,1.0,329.9,0.0988,2025-01-14,2025-01-14
ORD00226,2025-01-09,Cliente_278,Bianca Pereira,Porto Nacional,TO,Norte,P0005,"Fone de Ouvido Sem Fio TWS, PHILIPS",Áudio,3.0,124.91,0.018,2025-01-16,2025-01-16
ORD00227,2025-01-09,Cliente_285,Maria Vitória Jesus,Vitória da Conquista,BA,Nordeste,P0005,"Fone de Ouvido Sem Fio TWS, PHILIPS",Áudio,3.0,124.91,0.0372,2025-01-15,2025-01-14
ORD00228,2025-01-09,Cliente_314,Nina Ramos,Laranjal do Jari,AP,Norte,P0027,Caixa de Som Bluetooth JBL,Áudio,2.0,549.9,0.0542,2025-01-13,2025-01-13
ORD00229,2025-01-09,Cliente_322,Ana Vitória Costela,Caxias do Sul,RS,Sul,P0026,Cabo USB-C Trançado 2m,Acessórios Mobile,4.0,34.9,0.1067,2025-01-11,2025-01-10
ORD00230,2025-01-09,Cliente_333,Isaac Lopes,Londrina,PR,Sul,P0018,"Monitor UHD Samsung 32""",Informática,1.0,1626.57,0.0415,2025-01-13,2025-01-11
ORD00231,2025-01-09,Cliente_337,Benício Fernandes,Castanhal,PA,Norte,P0008,Película de Vidro 3D Galaxy A30s,Acessórios Mobile,2.0,17.9,0.1912,2025-01-14,2025-01-12
ORD00232,2025-01-09,Cliente_368,Bryan da Mota,Lagarto,SE,Nordeste,P0015,Fone de Ouvido Profissional AKG K92,Áudio,4.0,428.99,0.098,2025-01-13,2025-01-11
ORD00233,2025-01-09,Cliente_402,Catarina Gonçalves,Niterói,RJ,Sudeste,P0011,"Soundbar Samsung com 2.1 canais, Dolby Digital",Áudio,2.0,1072.0,0.1033,2025-01-13,2025-01-11
ORD00234,2025-01-10,Cliente_019,Gabriela da Paz,Uberlândia,MG,Sudeste,P0013,"Projetor Smart Epson EpiqVision, FULL HD",TV e Projeção,3.0,3049.99,0.1142,2025-01-14,2025-01-14
ORD00235,2025-01-10,Cliente_027,Davi Lucas Gomes,Ribeirão Preto,SP,Sudeste,P0027,Caixa de Som Bluetooth JBL,Áudio,1.0,549.9,0.0526,2025-01-17,2025-01-16
ORD00236,2025-01-10,Cliente_029,Dr. Pedro Henrique da Cruz,São Paulo,SP,Sudeste,P0027,Caixa de Som Bluetooth JBL,Áudio,4.0,549.9,0.032,2025-01-14,2025-01-13
ORD00237,2025-01-10,Cliente_062,Rodrigo da Paz,Uberlândia,MG,Sudeste,P0026,Cabo USB-C Trançado 2m,Acessórios Mobile,3.0,34.9,0.074,2025-01-14,2025-01-14
ORD00238,2025-01-10,Cliente_090,Caio Novaes,Blumenau,SC,Sul,P0002,Samsung Galaxy Tab S6 Lite,Smartphones e Tablets,3.0,1799.01,0.1165,2025-01-14,2025-01-14
ORD00239,2025-01-10,Cliente_133,Isadora Novaes,Cachoeiro de Itapemirim,ES,Sudeste,P0013,"Projetor Smart Epson EpiqVision, FULL HD",TV e Projeção,1.0,3049.99,0.1602,2025-01-14,2025-01-19
ORD00240,2025-01-10,Cliente_137,Dra. Julia Castro,Rio de Janeiro,RJ,Sudeste,P0020,Teclado Mecanico Fizz,Informática,3.0,174.9,0.1339,2025-01-14,2025-01-14
ORD00241,2025-01-10,Cliente_145,Manuela Lopes,Londrina,PR,Sul,P0008,Película de Vidro 3D Galaxy A30s,Acessórios Mobile,4.0,17.9,0.1401,2025-01-15,2025-01-14
ORD00242,2025-01-10,Cliente_159,Dr. Igor Correia,Santa Rita,PB,Nordeste,P0006,Fone de ouvido Sem Fio QCY T27,Áudio,2.0,129.86,0.0391,2025-01-15,2025-01-14
ORD00243,2025-01-10,Cliente_264,Sr. Noah da Paz,Itacoatiara,AM,Norte,P0016,Fone de Ouvido Profissional EDIFIER WH950NB,Áudio,1.0,899.0,0.0261,2025-01-16,2025-01-20
ORD00244,2025-01-10,Cliente_300,Dra. Maria Sophia Nogueira,Chapecó,SC,Sul,P0009,Smart TV 32” Philco LED Roku TV,TV e Projeção,1.0,949.0,0.0227,2025-01-12,2025-01-12
ORD00245,2025-01-10,Cliente_327,Sra. Maria Eduarda Cardoso,Vila Velha,ES,Sudeste,P0018,"Monitor UHD Samsung 32""",Informática,2.0,1626.57,0.0858,2025-01-12,2025-01-11
ORD00246,2025-01-10,Cliente_330,Rebeca Farias,Cascavel,PR,Sul,P0011,"Soundbar Samsung com 2.1 canais, Dolby Digital",Áudio,2.0,1072.0,0.0962,2025-01-17,2025-01-18
ORD00247,2025-01-10,Cliente_337,Benício Fernandes,Castanhal,PA,Norte,P0002,Samsung Galaxy Tab S6 Lite,Smartphones e Tablets,3.0,1799.01,0.119,2025-01-15,2025-01-17
ORD00248,2025-01-10,Cliente_352,Eduarda Cardoso,Campinas,SP,Sudeste,P0004,Carregador Turbo Tipo-C 50w,Acessórios Mobile,4.0,53.9,0.0672,2025-01-15,2025-01-13
ORD00249,2025-01-10,Cliente_360,Mariane Campos,Teresina,PI,Nordeste,P0011,"Soundbar Samsung com 2.1 canais, Dolby Digital",Áudio,1.0,1072.0,0.0925,2025-01-17,2025-01-17
ORD00250,2025-01-10,Cliente_387,Manuela Rezende,Chapecó,SC,Sul,P0010,"Smart TV LED 32""Samsung LED Tizen TV",TV e Projeção,2.0,1079.0,0.0704,2025-01-15,2025-01-14
ORD00251,2025-01-10,Cliente_394,Eduardo Oliveira,Ribeirão Preto,SP,Sudeste,P0027,Caixa de Som Bluetooth JBL,Áudio,1.0,549.9,0.046,2025-01-13,2025-01-13
ORD00252,2025-01-10,Cliente_402,Catarina Gonçalves,Niterói,RJ,Sudeste,P0018,"Monitor UHD Samsung 32""",Informática,2.0,1626.57,0.0639,2025-01-15,2025-01-15
ORD00253,2025-01-10,Cliente_500,Rodrigo Ramos,Rio de Janeiro,RJ,Sudeste,P0016,Fone de Ouvido Profissional EDIFIER WH950NB,Áudio,1.0,899.0,0.0453,2025-01-15,2025-01-18
ORD00254,2025-01-10,Cliente_522,André Oliveira,Pelotas,RS,Sul,P0015,Fone de Ouvido Profissional AKG K92,Áudio,4.0,428.99,0.1811,2025-01-14,2025-01-13
ORD00255,2025-01-10,Cliente_545,Felipe Cardoso,Florianópolis,SC,Sul,P0025,Webcam Logitech Full HD,Informática,4.0,329.9,0.1064,2025-01-14,2025-01-15
ORD00256,2025-01-11,Cliente_008,Thales Pereira,Cascavel,PR,Sul,P0007,Película para iPhone 14Pro Anti impacto,Acessórios Mobile,2.0,51.8,0.0635,2025-01-13,2025-01-12
ORD00257,2025-01-11,Cliente_013,Luiza Silva,Natal,RN,Nordeste,P0019,Mouse Redragon Wireless,Informática,4.0,165.99,0.0929,2025-01-15,2025-01-12
ORD00258,2025-01-11,Cliente_016,Sr. Thomas Nascimento,Tarauacá,AC,Norte,P0005,"Fone de Ouvido Sem Fio TWS, PHILIPS",Áudio,,124.91,0.0284,2025-01-19,2025-01-24
ORD00259,2025-01-11,Cliente_017,Vitor Gabriel Costa,Estância,SE,Nordeste,P0018,"Monitor UHD Samsung 32""",Informática,,1626.57,0.0439,2025-01-19,2025-01-18
ORD00260,2025-01-11,Cliente_025,Matheus Novaes,Joinville,SC,Sul,P0015,Fone de Ouvido Profissional AKG K92,Áudio,4.0,428.99,0.1932,2025-01-18,2025-01-18
ORD00261,2025-01-11,Cliente_067,Nicole Dias,Uberlândia,MG,Sudeste,P0015,Fone de Ouvido Profissional AKG K92,Áudio,2.0,428.99,0.1229,2025-01-16,2025-01-17
ORD00262,2025-01-11,Cliente_088,Bernardo Pereira,Olinda,PE,Nordeste,P0009,Smart TV 32” Philco LED Roku TV,TV e Projeção,2.0,949.0,0.0262,2025-01-16,2025-01-16
ORD00263,2025-01-11,Cliente_110,Rafaela Carvalho,Betim,MG,Sudeste,P0017,ACER Notebook Gamer Nitro,Informática,1.0,4604.0,0.0752,2025-01-13,2025-01-13
ORD00264,2025-01-11,Cliente_118,Bianca Pinto,Ponta Grossa,PR,Sul,P0016,Fone de Ouvido Profissional EDIFIER WH950NB,Áudio,1.0,899.0,0.0341,2025-01-15,2025-01-16
ORD00265,2025-01-11,Cliente_144,Evelyn Pinto,João Pessoa,PB,Nordeste,P0007,Película para iPhone 14Pro Anti impacto,Acessórios Mobile,1.0,51.8,0.155,2025-01-17,2025-01-14
ORD00266,2025-01-11,Cliente_163,Thiago Rodrigues,São Luís,MA,Nordeste,P0003,Carregador Turbo USB-C 30W,Acessórios Mobile,4.0,49.9,0.083,2025-01-17,2025-01-17
ORD00267,2025-01-11,Cliente_165,Maria Fernanda Teixeira,Duque de Caxias,RJ,Sudeste,P0025,Webcam Logitech Full HD,Informática,2.0,329.9,0.0628,2025-01-18,2025-01-15
ORD00268,2025-01-11,Cliente_167,Sophie da Cruz,Caucaia,CE,Nordeste,P0004,Carregador Turbo Tipo-C 50w,Acessórios Mobile,4.0,53.9,0.0824,2025-01-20,2025-01-18
ORD00269,2025-01-11,Cliente_194,Pedro Gomes,Pelotas,RS,Sul,P0003,Carregador Turbo USB-C 30W,Acessórios Mobile,3.0,49.9,0.0944,2025-01-17,2025-01-18
ORD00270,2025-01-11,Cliente_209,Eduarda Nunes,Recife,PE,Nordeste,P0010,"Smart TV LED 32""Samsung LED Tizen TV",TV e Projeção,1.0,1079.0,0.0625,2025-01-15,2025-01-15
ORD00271,2025-01-11,Cliente_216,Yasmin Costela,Pelotas,RS,Sul,P0024,Memória Kingston Fury 16GB DDR5,Informática,4.0,389.9,0.0836,2025-01-16,2025-01-16
ORD00272,2025-01-11,Cliente_219,Natália da Luz,Cascavel,PR,Sul,P0015,Fone de Ouvido Profissional AKG K92,Áudio,4.0,428.99,0.2252,2025-01-16,2025-01-17
ORD00273,2025-01-11,Cliente-223,Felipe da Cunha,Tarauacá,AC,Norte,P0020,Teclado Mecanico Fizz,Informática,2.0,174.9,0.0802,2025-01-19,2025-01-18
ORD00274,2025-01-11,Cliente_225,Enzo Gabriel Ramos,Caxias,MA,Nordeste,P0009,Smart TV 32” Philco LED Roku TV,TV e Projeção,4.0,949.0,0.0475,2025-01-18,2025-01-19
ORD00275,2025-01-11,Cliente_256,Daniela Fogaça,Florianópolis,SC,Sul,P0005,"Fone de Ouvido Sem Fio TWS, PHILIPS",Áudio,4.0,124.91,0.0424,2025-01-17,2025-01-17
ORD00276,2025-01-11,Cliente_267,Manuela Monteiro,Joinville,SC,Sul,P0009,Smart TV 32” Philco LED Roku TV,TV e Projeção,1.0,949.0,0.0301,2025-01-15,2025-01-12
ORD00277,2025-01-11,Cliente_268,Pietra Pires,Parnamirim,RN,Nordeste,P0009,Smart TV 32” Philco LED Roku TV,TV e Projeção,2.0,949.0,0.027,2025-01-17,2025-01-16
ORD00278,2025-01-11,Cliente_301,Sarah Melo,Curitiba,PR,Sul,P0011,"Soundbar Samsung com 2.1 canais, Dolby Digital",Áudio,4.0,1072.0,0.1947,2025-01-16,2025-01-17
ORD00279,2025-01-11,Cliente_323,Dr. João Pedro Carvalho,Boa Vista,RR,Norte,P0026,Cabo USB-C Trançado 2m,Acessórios Mobile,4.0,34.9,0.0581,2025-01-17,2025-01-16
ORD00280,2025-01-11, Cliente_332 ,Júlia Moraes,São Bernardo do Campo,SP,Sudeste,P0005,"Fone de Ouvido Sem Fio TWS, PHILIPS",Áudio,3.0,124.91,0.0305,2025-01-16,2025-01-14
ORD00281,2025-01-11,Cliente_334,Dr. Rafael Castro,Caicó,RN,Nordeste,P0003,Carregador Turbo USB-C 30W,Acessórios Mobile,3.0,49.9,0.0618,2025-01-18,2025-01-17
ORD00282,2025-01-11,Cliente_334,Dr. Rafael Castro,Caicó,RN,Nordeste,P0027,Caixa de Som Bluetooth JBL,Áudio,2.0,549.9,0.0712,2025-01-17,2025-01-19
ORD00283,,Cliente_338,Dra. Lavínia da Rosa,Curitiba,PR,Sul,P0002,Samsung Galaxy Tab S6 Lite,Smartphones e Tablets,2.0,1799.01,0.1025,2025-01-16,2025-01-13
ORD00284,2025-01-11,Cliente_368,Bryan da Mota,Lagarto,SE,Nordeste,P0014,Projetor EPSON Powerlite Wide Screen,TV e Projeção,2.0,2742.13,0.184,2025-01-18,2025-01-18
ORD00285,2025-01-11,Cliente_381,Fernanda Rocha,Ribeirão Preto,SP,Sudeste,P0025,Webcam Logitech Full HD,Informática,3.0,329.9,0.0709,2025-01-14,2025-01-14
ORD00286,2025-01-11,Cliente_406,Laís da Costa,Juiz de Fora,MG,Sudeste,P0003,Carregador Turbo USB-C 30W,Acessórios Mobile,2.0,49.9,0.0384,2025-01-16,2025-01-14
ORD00287,2025-01-11,Cliente_406,Laís da Costa,Juiz de Fora,MG,Sudeste,P0005,"Fone de Ouvido Sem Fio TWS, PHILIPS",Áudio,1.0,124.91,0.0228,2025-01-17,2025-01-14
ORD00288,2025-01-11,Cliente_420,Anthony Oliveira Cruz,Vitória,ES,Sudeste,P0004,Carregador Turbo Tipo-C 50w,Acessórios Mobile,4.0,53.9,0.108,2025-01-16,2025-01-13
ORD00289,2025-01-11,Cliente_421,Kaique Oliveira Aragão,Campinas,SP,Sudeste,P0022,Smartphone Motorola Edge 50 Neo,Smartphones e Tablets,1.0,2299.9,0.0237,2025-01-16,2025-01-19
ORD00290,2025-01-11,Cliente_428,Miguel Carvalho,Maringá,PR,Sul,P0015,Fone de Ouvido Profissional AKG K92,Áudio,1.0,428.99,0.1392,2025-01-14,2025-01-14
ORD00291,2025-01-11,Cliente_451,Lavínia Gomes,Cascavel,PR,Sul,P0020,Teclado Mecanico Fizz,Informática,2.0,174.9,0.0889,2025-01-13,2025-01-13
ORD00292,2025-01-11,Cliente_472,Francisco Fogaça,Vitória,ES,Sudeste,P0017,ACER Notebook Gamer Nitro,Informática,1.0,4604.0,0.0556,2025-01-15,2025-01-19
ORD00293,2025-01-11,Cliente_517,Letícia Cunha,Parnamirim,RN,Nordeste,P0015,Fone de Ouvido Profissional AKG K92,Áudio,4.0,428.99,0.2065,2025-01-16,2025-01-18
ORD00294,2025-01-12,Cliente_005,Srta. Clara Moraes,Itajaí,SC,Sul,P0009,Smart TV 32” Philco LED Roku TV,TV e Projeção,1.0,949.0,0.0378,2025-01-15,2025-01-13
ORD00295,2025-01-12,Cliente_005,Srta. Clara Moraes,Itajaí,SC,Sul,P0022,Smartphone Motorola Edge 50 Neo,Smartphones e Tablets,2.0,2299.9,0.059,2025-01-16,2025-01-16
ORD00296,2025-01-12,Cliente_027,Davi Lucas Gomes,Ribeirão Preto,SP,Sudeste,P0011,"Soundbar Samsung com 2.1 canais, Dolby Digital",Áudio ,2.0,1072.0,0.1027,2025-01-16,2025-01-14
ORD00297,2025-01-12,Cliente_058,Sr. Nathan Peixoto,Itacoatiara,AM,Norte,P0012,"Soundbar Tomate MTS-2017, Bivolt",Áudio,3.0,769.9,0.0298,2025-01-16,2025-01-20
ORD00298,,Cliente_082,Felipe Gomes,Caicó,RN,Nordeste,P0005,"Fone de Ouvido Sem Fio TWS, PHILIPS",Áudio,1.0,124.91,0.0154,2025-01-16,2025-01-14
ORD00299,2025-01-12,Cliente_094,Daniel Martins,Teresina,PI,Nordeste,P0015,Fone de Ouvido Profissional AKG K92,Áudio,3.0,428.99,0.2323,2025-01-19,2025-01-17
ORD00300,2025-01-12,Cliente_106,Nicolas Costela,Contagem,MG,Sudeste,P0017,ACER Notebook Gamer Nitro,Informática,3.0,4604.0,0.0432,2025-01-14,2025-01-13
ORD00301,2025-01-12,Cliente_231,Maria Luiza Rezende,Maringá,PR,Sul,P0008,Película de Vidro 3D Galaxy A30s,Acessórios Mobile,4.0,17.9,0.1673,2025-01-19,2025-01-16
ORD00302,2025-01-12,Cliente_241,Matheus Ribeiro,Curitiba,PR,Sul,P0008,Película de Vidro 3D Galaxy A30s,Acessórios Mobile,4.0,17.9,0.229,2025-01-15,2025-01-20
ORD00303,2025-01-12,Cliente_248,Dr. João Guilherme da Rosa,Duque de Caxias,RJ,Sudeste,P0018,"Monitor UHD Samsung 32""",Informática,2.0,1626.57,0.0205,2025-01-14,2025-01-14
ORD00304,2025-01-12,Cliente_250,Raul Carvalho,Santana,AP,Norte,P0015,Fone de Ouvido Profissional AKG K92,Áudio,4.0,428.99,0.1866,2025-01-19,2025-01-18
ORD00305,2025-01-12,Cliente_273,Leonardo Melo,Sobral,CE,Nordeste,P0013,"Projetor Smart Epson EpiqVision, FULL HD",TV e Projeção,1.0,3049.99,0.1248,2025-01-15,2025-01-15
ORD00306,2025-01-12,Cliente_337,Benício Fernandes,Castanhal,PA,Norte,P0019,Mouse Redragon Wireless,Informática,1.0,165.99,0.1056,2025-01-16,2025-01-15
ORD00307,2025-01-12,Cliente_361,Clara da Paz,Camaçari,BA,Nordeste,P0011,"Soundbar Samsung com 2.1 canais, Dolby Digital",Áudio,1.0,1072.0,0.1068,2025-01-18,2025-01-19
ORD00308,2025-01-12,Cliente_437,Miguel Castro,Santo André,SP,Sudeste,P0012,"Soundbar Tomate MTS-2017, Bivolt",Áudio,2.0,769.9,0.0227,2025-01-17,2025-01-20
ORD00309,2025-01-12,Cliente_481,Rafaela Mendes Freitas,Maringá,PR,Sul,P0020,Teclado Mecanico Fizz,Informática,2.0,174.9,0.0569,2025-01-20,2025-01-22
ORD00310,2025-01-12,Cliente_522,André Oliveira,Pelotas,RS,Sul,P0016,Fone de Ouvido Profissional EDIFIER WH950NB,Áudio,1.0,899.0,0.0168,2025-01-15,2025-01-15
ORD00311,2025-01-13,Cliente_014,Pedro Lucas Melo,Brasiléia,AC,Norte,P0016,Fone de Ouvido Profissional EDIFIER WH950NB,Áudio,1.0,899.0,0.0367,2025-01-18,2025-01-17
ORD00312,2025-01-13,Cliente_016,Sr. Thomas Nascimento,Tarauacá,AC,Norte,P0017,ACER Notebook Gamer Nitro,Informática,3.0,4604.0,0.0623,2025-01-19,2025-01-18
ORD00313,2025-01-13,Cliente_017,Vitor Gabriel Costa,Estância,SE,Nordeste,P0005,"Fone de Ouvido Sem Fio TWS, PHILIPS",Áudio,3.0,124.91,0.03,2025-01-17,2025-01-22
ORD00314,2025-01-13,Cliente_040,Renan Silveira,Propriá,SE,Nordeste,P0025,Webcam Logitech Full HD,Informática,1.0,329.9,0.0843,2025-01-19,2025-01-19
ORD00315,2025-01-13,Cliente_047,Maria Julia Nascimento,Duque de Caxias,RJ,Sudeste,P0027,Caixa de Som Bluetooth JBL,Áudio,2.0,549.9,0.0389,2025-01-19,2025-01-19
ORD00316,2025-01-13,Cliente_135,Eduardo Pires,Contagem,MG,Sudeste,P0006,Fone de ouvido Sem Fio QCY T27,Áudio,4.0,129.86,0.0835,2025-01-19,2025-01-19
ORD00317,2025-01-13,Cliente_166,Pietro Jesus,Porto Velho,RO,Norte,P0009,Smart TV 32” Philco LED Roku TV,TV e Projeção,3.0,949.0,0.0509,2025-01-19,2025-01-18
ORD00318,2025-01-13,Cliente_169,Pedro Henrique Monteiro,Ji-Paraná,RO,Norte,P0018,"Monitor UHD Samsung 32""",Informática,4.0,1626.57,0.0799,2025-01-19,2025-01-19
ORD00319,2025-01-13,Cliente_173,Vitor Pinto,Cascavel,PR,Sul,P0006,Fone de ouvido Sem Fio QCY T27,Áudio,2.0,129.86,0.0542,2025-01-16,2025-01-14
ORD00320,2025-01-13,Cliente_243,Laura da Cunha,Maringá,PR,Sul,P0019,Mouse Redragon Wireless,Informática,3.0,165.99,0.1483,2025-01-16,2025-01-16
ORD00321,2025-01-13,Cliente_263,Sr. Cauã Carvalho,Uberlândia,MG,Sudeste,P0011,"Soundbar Samsung com 2.1 canais, Dolby Digital",Áudio,2.0,1072.0,0.0703,2025-01-18,2025-01-18
ORD00322,2025-01-13,Cliente_266,Caroline Carvalho,Cruzeiro do Sul,AC,Norte,P0018,"Monitor UHD Samsung 32""",Informática,1.0,1626.57,0.0493,2025-01-19,2025-01-16
ORD00323,2025-01-13,Cliente_300,Dra. Maria Sophia Nogueira,Chapecó,SC,Sul,P0020,Teclado Mecanico Fizz,Informática,2.0,174.9,0.0567,2025-01-18,2025-01-18
ORD00324,2025-01-13,Cliente_308!!,Enzo Gabriel Costa,Londrina,PR,Sul,P0016,Fone de Ouvido Profissional EDIFIER WH950NB,Áudio,1.0,899.0,0.0287,2025-01-16,2025-01-17
ORD00325,2025-01-13,Cliente_311,Catarina Vieira,Natal,RN,Nordeste,P0012,"Soundbar Tomate MTS-2017, Bivolt",Áudio,1.0,769.9,0.0356,2025-01-20,2025-01-20
ORD00326,2025-01-13,Cliente_360,Mariane Campos,Teresina,PI,Nordeste,P0011,"Soundbar Samsung com 2.1 canais, Dolby Digital",Áudio,4.0,1072.0,0.1962,2025-01-20,2025-01-20
ORD00327,2025-01-13,Cliente_366,Ana Laura Teixeira,Londrina,PR,Sul,P0017,ACER Notebook Gamer Nitro,Informática,1.0,4604.0,0.064,2025-01-18,2025-01-19
ORD00328,2025-01-13,Cliente_368,Bryan da Mota,Lagarto,SE,Nordeste,P0009,Smart TV 32” Philco LED Roku TV,TV e Projeção,1.0,949.0,0.0212,2025-01-18,2025-01-16
ORD00329,2025-01-13,Cliente_392,Luiz Felipe Carvalho,Ponta Grossa,PR,Sul,P0001,Samsung Galaxy A36,Smartphones e Tablets,1.0,1979.1,0.0686,2025-01-18,2025-01-16
ORD00330,2025-01-13,Cliente_406,Laís da Costa,Juiz de Fora,MG,Sudeste,P0009,Smart TV 32” Philco LED Roku TV,TV e Projeção,4.0,949.0,0.0554,2025-01-16,2025-01-14
ORD00331,2025-01-13,Cliente_417,Francisco Nogueira,Ribeirão Preto,SP,Sudeste,P0010,"Smart TV LED 32""Samsung LED Tizen TV",TV e Projeção,4.0,1079.0,0.0851,2025-01-17,2025-01-18
ORD00332,,Cliente_421,Kaique Oliveira Aragão,Campinas,SP,Sudeste,P0009,Smart TV 32” Philco LED Roku TV,TV e Projeção,4.0,949.0,0.0459,2025-01-18,2025-01-16
ORD00333,2025-01-13,Cliente_437,Miguel Castro,Santo André,SP,Sudeste,P0015,Fone de Ouvido Profissional AKG K92,Áudio,1.0,428.99,0.1178,2025-01-17,2025-01-20
ORD00334,2025-01-13,cliente_460,Enrico Almeida Gomes,Londrina,PR,Sul,P0006,Fone de ouvido Sem Fio QCY T27,Áudio,4.0,129.86,0.024,2025-01-17,2025-01-16
ORD00335,2025-01-13,Cliente_491,Thiago Teixeira Moreira,Ponta Grossa,PR,Sul,P0010,"Smart TV LED 32""Samsung LED Tizen TV",TV e Projeção,3.0,1079.0,0.1104,2025-01-16,2025-01-18
ORD00336,2025-01-14,Cliente_032,João Vitor Alves,Parintins,AM,Norte,P0012,"Soundbar Tomate MTS-2017, Bivolt",Áudio,,769.9,0.0259,2025-01-20,2025-01-20
ORD00337,2025-01-14,Cliente_082,Felipe Gomes,Caicó,RN,Nordeste,P0027,Caixa de Som Bluetooth JBL,Áudio,1.0,549.9,0.0264,2025-01-19,2025-01-19
ORD00338,2025-01-14,Cliente_093,Bárbara Martins,Feira de Santana,BA,Nordeste,P0015,Fone de Ouvido Profissional AKG K92,Áudio,3.0,428.99,0.1506,2025-01-16,2025-01-16
ORD00339,2025-01-14,Cliente_159,Dr. Igor Correia,Santa Rita,PB,Nordeste,P0008,Película de Vidro 3D Galaxy A30s,Acessórios Mobile,3.0,17.9,0.2928,2025-01-22,2025-01-20
ORD00340,2025-01-14,Cliente_164,Breno Rezende,Currais Novos,RN,Nordeste,P0027,Caixa de Som Bluetooth JBL,Áudio,1.0,549.9,0.0167,2025-01-19,2025-01-18
ORD00341,2025-01-14,Cliente_197,Sofia Barbosa,Ponta Grossa,PR,Sul,P0003,Carregador Turbo USB-C 30W,Acessórios Mobile,3.0,49.9,0.0378,2025-01-18,2025-01-18
ORD00342,2025-01-14,Cliente_217,Otávio Sales,Porto Nacional,TO,Norte,P0012,"Soundbar Tomate MTS-2017, Bivolt",Áudio,2.0,769.9,0.015,2025-01-20,2025-01-19
ORD00343,2025-01-14,Cliente_218,Isabel Pereira,Vila Velha,ES,Sudeste,P0008,Película de Vidro 3D Galaxy A30s,Acessórios Mobile,2.0,17.9,0.1644,2025-01-18,2025-01-17
ORD00344,2025-01-14,Cliente_244,Maria Vitória Martins,Rio de Janeiro,RJ,Sudeste,P0015,Fone de Ouvido Profissional AKG K92,Áudio,3.0,428.99,0.1192,2025-01-19,2025-01-18
ORD00345,2025-01-14,Cliente_248,Dr. João Guilherme da Rosa,Duque de Caxias,RJ,Sudeste,P0012,"Soundbar Tomate MTS-2017, Bivolt",Áudio,1.0,769.9,0.0197,2025-01-19,2025-01-19
ORD00346,2025-01-14,Cliente_249,Fernando Barros,Cascavel,PR,Sul,P0015,Fone de Ouvido Profissional AKG K92,Áudio,2.0,428.99,0.1542,2025-01-20,2025-01-19
ORD00347,2025-01-14,Cliente_257,Dr. Matheus Castro,Camaçari,BA,Nordeste,P0004,Carregador Turbo Tipo-C 50w,Acessórios Mobile,3.0,53.9,0.086,2025-01-19,2025-01-19
ORD00348,2025-01-14,Cliente_281,Letícia da Luz,Campina Grande,PB,Nordeste,P0013,"Projetor Smart Epson EpiqVision, FULL HD",TV e Projeção,4.0,3049.99,0.1407,2025-01-21,2025-01-20
ORD00349,2025-01-14,Cliente_288,Sr. Ryan Gonçalves,Campinas,SP,Sudeste,P0006,Fone de ouvido Sem Fio QCY T27,Áudio,1.0,129.86,0.0587,2025-01-18,2025-01-20
ORD00350,2025-01-14,Cliente_299,Pietra Duarte,Parintins,AM,Norte,P0020,Teclado Mecanico Fizz,Informática,2.0,174.9,0.0551,2025-01-19,2025-01-16
ORD00351,2025-01-14,Cliente_320,Luana Rezende,Camaçari,BA,Nordeste,P0008,Película de Vidro 3D Galaxy A30s,Acessórios Mobile,1.0,17.9,0.0843,2025-01-17,2025-01-17
ORD00352,2025-01-14,Cliente_327,Sra. Maria Eduarda Cardoso,Vila Velha,ES,Sudeste,P0006,Fone de ouvido Sem Fio QCY T27,Áudio,1.0,129.86,0.0589,2025-01-19,2025-01-18
ORD00353,2025-01-14,Cliente_330,Rebeca Farias,Cascavel,PR,Sul,P0001,Samsung Galaxy A36,Smartphones e Tablets,3.0,1979.1,0.0768,2025-01-20,2025-01-20
ORD00354,2025-01-14,Cliente_334,Dr. Rafael Castro,Caicó,RN,Nordeste,P0007,Película para iPhone 14Pro Anti impacto,Acessórios Mobile,2.0,51.8,0.1138,2025-01-20,2025-01-20
ORD00355,2025-01-14,Cliente_354,Pedro Miguel Mendes,Macapá,AP,Norte,P0008,Película de Vidro 3D Galaxy A30s, Acessórios Mobile,3.0,17.9,0.0814,2025-01-19,2025-01-19
ORD00356,2025-01-14,cliente_367,Dr. Benício Cunha,Santana,AP,Norte,P0017,ACER Notebook Gamer Nitro,Informática,4.0,4604.0,0.0587,2025-01-21,2025-01-21
ORD00357,2025-01-14,Cliente_394,Eduardo Oliveira,Ribeirão Preto,SP,Sudeste,P0011,"Soundbar Samsung com 2.1 canais, Dolby Digital",Áudio,4.0,1072.0,0.0861,2025-01-22,2025-01-20
ORD00358,2025-01-14,Cliente_414,Stephany Melo,Timon,MA,Nordeste,P0008,Película de Vidro 3D Galaxy A30s,Acessórios Mobile,3.0,17.9,0.1226,2025-01-19,2025-01-19
ORD00359,2025-01-14,Cliente_464,Esther Nunes Ribeiro,Florianópolis,SC,Sul,P0020,Teclado Mecanico Fizz,Informática,1.0,174.9,0.0931,2025-01-17,2025-01-17
ORD00360,2025-01-15,Cliente_014,Pedro Lucas Melo,Brasiléia,AC,Norte,P0006,Fone de ouvido Sem Fio QCY T27,Áudio,2.0,129.86,0.0348,2025-01-22,2025-01-22
ORD00361,2025-01-15,Cliente_044,Dr. Pedro Porto,Londrina,PR,Sul,P0012,"Soundbar Tomate MTS-2017, Bivolt",Áudio,1.0,769.9,0.0197,2025-01-19,2025-01-19
ORD00362,2025-01-15,Cliente_086,Srta. Heloísa Moraes,Pelotas,RS,Sul,P0020,Teclado Mecanico Fizz,Informática,3.0,174.9,0.1003,2025-01-20,2025-01-19
ORD00363,2025-01-15,Cliente_110,Rafaela Carvalho,Betim,MG,Sudeste,P0006,Fone de ouvido Sem Fio QCY T27,Áudio,1.0,129.86,0.0278,2025-01-21,2025-01-21
ORD00364,2025-01-15,Cliente_140,Ana Vitória Barbosa,Niterói,RJ,Sudeste,P0006,Fone de ouvido Sem Fio QCY T27,Áudio,2.0,129.86,0.0472,2025-01-19,2025-01-22
ORD00365,2025-01-15,Cliente_165,Maria Fernanda Teixeira,Duque de Caxias,RJ,Sudeste,P0015,Fone de Ouvido Profissional AKG K92,Áudio,4.0,428.99,0.1273,2025-01-18,2025-01-21
ORD00366,2025-01-15,Cliente_182,Pedro Henrique Pinto,Parnaíba,PI,Nordeste,P0002,Samsung Galaxy Tab S6 Lite,Smartphones e Tablets,2.0,1799.01,0.105,2025-01-22,2025-01-22
ORD00367,2025-01-15,Cliente_191,Juliana Pereira,Ribeirão Preto,SP,Sudeste,P0002,Samsung Galaxy Tab S6 Lite,Smartphones e Tablets,2.0,1799.01,0.1009,2025-01-19,2025-01-21
ORD00368,2025-01-15,Cliente_211,Srta. Natália Cardoso,Cruzeiro do Sul,AC,Norte,P0012,"Soundbar Tomate MTS-2017, Bivolt",Áudio,1.0,769.9,0.0272,2025-01-22,2025-01-21
ORD00369,2025-01-15,Cliente_215,Olivia Souza,Camaçari,BA,Nordeste,P0024,Memória Kingston Fury 16GB DDR5,Informática,3.0,389.9,0.0766,2025-01-18,2025-01-18
ORD00370,2025-01-15,Cliente_223,Felipe da Cunha,Tarauacá,AC,Norte,P0012,"Soundbar Tomate MTS-2017, Bivolt",Áudio,1.0,769.9,0.0218,2025-01-21,2025-01-21
ORD00371,2025-01-15,Cliente_243,Laura da Cunha,Maringá,PR,Sul,P0007,Película para iPhone 14Pro Anti impacto,Acessórios Mobile,3.0,51.8,0.073,2025-01-19,2025-01-20
ORD00372,2025-01-15,Cliente_243,Laura da Cunha,Maringá,PR,Sul,P0027,Caixa de Som Bluetooth JBL,Áudio,3.0,549.9,0.0728,2025-01-20,2025-01-18
ORD00373,2025-01-15,Cliente_247,João Moraes,Campinas,SP,Sudeste,P0010,"Smart TV LED 32""Samsung LED Tizen TV",TV e Projeção,4.0,1079.0,0.0836,2025-01-22,2025-01-25
ORD00374,2025-01-15,Cliente_263,Sr. Cauã Carvalho,Uberlândia,MG,Sudeste,P0004,Carregador Turbo Tipo-C 50w,Acessórios Mobile,4.0,53.9,0.1284,2025-01-21,2025-01-25
ORD00375,2025-01-15,Cliente_266,Caroline Carvalho,Cruzeiro do Sul,AC,Norte,P0009,Smart TV 32” Philco LED Roku TV,TV e Projeção,3.0,949.0,0.0336,2025-01-21,2025-01-21
ORD00376,2025-01-15,Cliente_300,Dra. Maria Sophia Nogueira,Chapecó,SC,Sul,P0019,Mouse Redragon Wireless,Informática,1.0,165.99,0.0753,2025-01-19,2025-01-22
ORD00377,2025-01-15,Cliente_314,Nina Ramos,Laranjal do Jari,AP,Norte,P0005,"Fone de Ouvido Sem Fio TWS, PHILIPS",Áudio,1.0,124.91,0.0168,2025-01-19,2025-01-17
ORD00378,2025-01-15,Cliente_334,Dr. Rafael Castro,Caicó,RN,Nordeste,P0027,Caixa de Som Bluetooth JBL,Áudio,1.0,549.9,0.0514,2025-01-20,2025-01-19
ORD00379,2025-01-15,Cliente_340,Bruno Cardoso,Gravataí,RS,Sul,P0019,Mouse Redragon Wireless,Informática,4.0,165.99,0.1228,2025-01-19,2025-01-21
ORD00380,2025-01-15,Cliente_357,Amanda Araújo,Araguaína,TO,Norte,P0010,"Smart TV LED 32""Samsung LED Tizen TV",TV e Projeção,1.0,1079.0,0.096,2025-01-20,2025-01-19
ORD00381,2025-01-15,Cliente_372,Diego Silva,Caracaraí,RR,Norte,P0007,Película para iPhone 14Pro Anti impacto,Acessórios Mobile,1.0,51.8,0.048,2025-01-21,2025-01-21
ORD00382,2025-01-15,Cliente_421,Kaique Oliveira Aragão,Campinas,SP,Sudeste,P0013,"Projetor Smart Epson EpiqVision, FULL HD",TV e Projeção,2.0,3049.99,0.1356,2025-01-19,2025-01-18
ORD00383,2025-01-15,Cliente_453,Maitê Moreira Viana,Itajaí,SC,Sul,P0026,Cabo USB-C Trançado 2m,Acessórios Mobile,2.0,34.9,0.0329,2025-01-18,2025-01-17
ORD00384,2025-01-15,Cliente_499,Isabel Nogueira,Caicó,RN,Nordeste,P0009,Smart TV 32” Philco LED Roku TV,TV e Projeção,4.0,949.0,0.0543,2025-01-24,2025-01-23
ORD00385,2025-01-15,Cliente_524,Bruno Costela,Maringá,PR,Sul,P0005,"Fone de Ouvido Sem Fio TWS, PHILIPS",Áudio,4.0,124.91,0.0354,2025-01-18,2025-01-17
ORD00386,2025-01-15,Cliente_548,Benício Almeida,Tarauacá,AC,Norte,P0004,Carregador Turbo Tipo-C 50w,Acessórios Mobile,,53.9,0.2827,2025-01-19,2025-01-17
ORD00387,2025-01-16,Cliente_012,Dr. Arthur da Cunha,Caracaraí,RR,Norte,P0011,"Soundbar Samsung com 2.1 canais, Dolby Digital",Áudio,1.0,1072.0,0.0677,2025-01-22,2025-01-23
ORD00388,2025-01-16,Cliente_025,Matheus Novaes,Joinville,SC,Sul,P0020,Teclado Mecanico Fizz,Informática,2.0,174.9,0.0902,2025-01-23,2025-01-21
ORD00389,2025-01-16,Cliente_045,Juan Mendes,Ji-Paraná,RO,Norte,P0015,Fone de Ouvido Profissional AKG K92,Áudio,2.0,428.99,0.1301,2025-01-20,2025-01-20
ORD00390,2025-01-16,Cliente_046,Dra. Emanuella Sales,Cruzeiro do Sul,AC,Norte,P0008,Película de Vidro 3D Galaxy A30s,Acessórios Mobile,3.0,17.9,0.0692,2025-01-21,2025-01-18
ORD00391,2025-01-16,Cliente_047,Maria Julia Nascimento,Duque de Caxias,RJ,Sudeste,P0004,Carregador Turbo Tipo-C 50w,Acessórios Mobile,4.0,53.9,0.0979,2025-01-20,2025-01-24
ORD00392,2025-01-16,Cliente_049,Isis Pinto,Santarém,PA,Norte,P0012,"Soundbar Tomate MTS-2017, Bivolt",Áudio,3.0,769.9,0.0443,2025-01-21,2025-01-20
ORD00393,2025-01-16,Cliente_053,Pedro Moreira,Campinas,SP,Sudeste,P0006,Fone de ouvido Sem Fio QCY T27 ,Áudio,2.0,129.86,0.0752,2025-01-22,2025-01-20
ORD00394,2025-01-16,Cliente_060,Kaique Gomes,São Bernardo do Campo,SP,Sudeste,P0010,"Smart TV LED 32""Samsung LED Tizen TV",TV e Projeção,3.0,1079.0,0.0634,2025-01-19,2025-01-20
ORD00395,2025-01-16,Cliente_099,Srta. Maria Luiza Rocha,Blumenau,SC,Sul,P0027,Caixa de Som Bluetooth JBL,Áudio,2.0,549.9,0.045,2025-01-21,2025-01-21
ORD00396,2025-01-16,Cliente_104,Clarice Rezende,Blumenau,SC,Sul,P0006,Fone de ouvido Sem Fio QCY T27,Áudio,2.0,129.86,0.0671,2025-01-18,2025-01-17
ORD00397,2025-01-16,Cliente_167,Sophie da Cruz,Caucaia,CE,Nordeste,P0022,Smartphone Motorola Edge 50 Neo,Smartphones e Tablets,2.0,2299.9,0.0566,2025-01-21,2025-01-26
ORD00398,2025-01-16,Cliente_199,João Guilherme Fogaça,Ananindeua,PA,Norte,P0006,Fone de ouvido Sem Fio QCY T27,Áudio,1.0,129.86,0.0382,2025-01-19,2025-01-18
ORD00399,2025-01-16,Cliente_201,Dr. Bruno Cardoso,Aracaju,SE,Nordeste,P0025,Webcam Logitech Full HD,Informática,3.0,329.9,0.0811,2025-01-21,2025-01-19
ORD00400,2025-01-16,Cliente_260,Ana Vitória Monteiro,Ribeirão Preto,SP,Sudeste,P0026,Cabo USB-C Trançado 2m,Acessórios Mobile,3.0,34.9,0.0412,2025-01-20,2025-01-20
ORD00401,2025-01-16,Cliente_266,Caroline Carvalho,Cruzeiro do Sul,AC,Norte,P0012,"Soundbar Tomate MTS-2017, Bivolt",Áudio,3.0,769.9,0.0303,2025-01-23,2025-01-22
ORD00402,2025-01-16,Cliente_268,Pietra Pires,Parnamirim,RN,Nordeste,P0004,Carregador Turbo Tipo-C 50w,Acessórios Mobile,3.0,53.9,0.0497,2025-01-21,2025-01-22
ORD00403,2025-01-16,Cliente_275,Marina Caldeira,Porto Alegre,RS,Sul,P0003,Carregador Turbo USB-C 30W,Acessórios Mobile,4.0,49.9,0.0494,2025-01-21,2025-01-20
ORD00404,2025-01-16,Cliente_279,Sofia Santos,Chapecó,SC,Sul,P0008,Película de Vidro 3D Galaxy A30s,Acessórios Mobile,1.0,17.9,0.1581,2025-01-20,2025-01-22
ORD00405,2025-01-16,Cliente_280,Daniel da Luz,Santo André,SP,Sudeste,P0027,Caixa de Som Bluetooth JBL,Áudio,1.0,549.9,0.0423,2025-01-24,2025-01-24
ORD00406,2025-01-16,Cliente_300,Dra. Maria Sophia Nogueira,Chapecó,SC,Sul,P0015,Fone de Ouvido Profissional AKG K92,Áudio,,428.99,0.338,2025-01-20,2025-01-20
ORD00407,2025-01-16,Cliente_300,Dra. Maria Sophia Nogueira,Chapecó,SC,Sul,P0018,"Monitor UHD Samsung 32""",Informática,2.0,1626.57,0.0439,2025-01-20,2025-01-20
ORD00408,2025-01-16,Cliente_317,Catarina Ramos,Ferreira Gomes,AP,Norte,P0005,"Fone de Ouvido Sem Fio TWS, PHILIPS",Áudio,3.0,124.91,0.0361,2025-01-25,2025-01-24
ORD00409,2025-01-16,Cliente_325,Fernanda da Costa,Joinville,SC,Sul,P0015,Fone de Ouvido Profissional AKG K92,Áudio,4.0,428.99,0.3266,2025-01-19,2025-01-19
ORD00410,2025-01-16,Cliente-336,Ana Lívia Dias,Feira de Santana,BA,Nordeste,P0012,"Soundbar Tomate MTS-2017, Bivolt",Áudio,1.0,769.9,0.0168,2025-01-25,2025-01-23
ORD00411,2025-01-16,Cliente_337,Benício Fernandes,Castanhal,PA,Norte,P0020,Teclado Mecanico Fizz,Informática,1.0,174.9,0.0772,2025-01-20,2025-01-20
ORD00412,2025-01-16,Cliente_357,Amanda Araújo,Araguaína,TO,Norte,P0025,Webcam Logitech Full HD,Informática,4.0,329.9,0.0863,2025-01-19,2025-01-18
ORD00413,2025-01-16,Cliente_370,Cecília da Rocha,Patos,PB,Nordeste,P0006,Fone de ouvido Sem Fio QCY T27,Áudio,2.0,129.86,0.0498,2025-01-20,2025-01-20
ORD00414,2025-01-16,Cliente_392,Luiz Felipe Carvalho,Ponta Grossa,PR,Sul,P0001,Samsung Galaxy A36,Smartphones e Tablets,3.0,1979.1,0.2214,2025-01-19,2025-01-17
ORD00415,2025-01-16,Cliente_394,Eduardo Oliveira,Ribeirão Preto,SP,Sudeste,P0007,Película para iPhone 14Pro Anti impacto,Acessórios Mobile,3.0,,0.089,2025-01-22,2025-01-20
ORD00416,2025-01-16,Cliente_394,Eduardo Oliveira,Ribeirão Preto,SP,Sudeste,P0008,Película de Vidro 3D Galaxy A30s,Acessórios Mobile,3.0,17.9,0.0863,2025-01-21,2025-01-21
ORD00417,2025-01-16,Cliente_394,Eduardo Oliveira,Ribeirão Preto,SP,Sudeste,P0021,SSD Crucial 1TB NVMe M.2,Informática,2.0,449.0,0.0279,2025-01-21,2025-01-21
ORD00418,2025-01-16,Cliente_413,Raul Rezende,Sobral,CE,Nordeste,P0011,"Soundbar Samsung com 2.1 canais, Dolby Digital",Áudio,1.0,1072.0,0.129,2025-01-23,2025-01-24
ORD00419,2025-01-16,Cliente_430,Guilherme Silveira Gomes,Caxias do Sul,RS,Sul,P0015,Fone de Ouvido Profissional AKG K92,Áudio,2.0,428.99,0.1306,2025-01-22,2025-01-22
ORD00420,2025-01-16,Cliente_457,Francisco Cardoso,Itajaí,SC,Sul,P0008,Película de Vidro 3D Galaxy A30s,Acessórios Mobile,4.0,17.9,0.0715,2025-01-22,2025-01-22
ORD00421,2025-01-16,Cliente_475!!,Lorena Teixeira,Chapecó,SC,Sul,P0009,Smart TV 32” Philco LED Roku TV,TV e Projeção,1.0,949.0,0.0235,2025-01-23,2025-01-22
ORD00422,2025-01-16,Cliente_483,Melissa Gomes,Blumenau,SC,Sul,P0025,Webcam Logitech Full HD,Informática,,329.9,0.0451,2025-01-21,2025-01-18
ORD00423,2025-01-17,Cliente_006,Miguel Cardoso,Juazeiro,BA,Nordeste,P0018,"Monitor UHD Samsung 32""",Informática,1.0,1626.57,0.0769,2025-01-23,2025-01-21
ORD00424,2025-01-17,Cliente_007,Helena Souza,Feira de Santana,BA,Nordeste,P0017,ACER Notebook Gamer Nitro,Informática,1.0,4604.0,0.0673,2025-01-24,2025-01-27
ORD00425,2025-01-17,Cliente_008,Thales Pereira,Cascavel,PR,Sul,P0009,Smart TV 32” Philco LED Roku TV,TV e Projeção,4.0,949.0,0.0488,2025-01-21,2025-01-24
ORD00426,2025-01-17,Cliente_008,Thales Pereira,Cascavel,PR,Sul,P0012,"Soundbar Tomate MTS-2017, Bivolt",Áudio,,769.9,0.0322,2025-01-22,2025-01-21
ORD00427,2025-01-17,Cliente_008,Thales Pereira,Cascavel,PR,Sul,P0027,Caixa de Som Bluetooth JBL,Áudio,4.0,549.9,0.0506,2025-01-22,2025-01-20
ORD00428,2025-01-17,Cliente_016,Sr. Thomas Nascimento,Tarauacá,AC,Norte,P0015,Fone de Ouvido Profissional AKG K92,Áudio,1.0,428.99,0.137,2025-01-23,2025-01-23
ORD00429,2025-01-17,Cliente_027,Davi Lucas Gomes,Ribeirão Preto,SP,Sudeste,P0008,Película de Vidro 3D Galaxy A30s,Acessórios Mobile,2.0,17.9,0.1027,2025-01-23,2025-01-23
ORD00430,2025-01-17,Cliente_029,Dr. Pedro Henrique da Cruz,São Paulo,SP,Sudeste,P0020,Teclado Mecanico Fizz,Informática,4.0,174.9,0.0888,2025-01-21,2025-01-19
ORD00431,2025-01-17,Cliente_036,Bryan Pires,Manacapuru,AM,Norte,P0006,Fone de ouvido Sem Fio QCY T27,Áudio,2.0,129.86,0.057,2025-01-21,2025-01-20
ORD00432,2025-01-17,Cliente_049,Isis Pinto,Santarém,PA,Norte,P0004,Carregador Turbo Tipo-C 50w,Acessórios Mobile,4.0,53.9,0.1735,2025-01-21,2025-01-20
ORD00433,2025-01-17,Cliente_049,Isis Pinto,Santarém,PA,Norte,P0008,Película de Vidro 3D Galaxy A30s,Acessórios Mobile,4.0,17.9,0.0993,2025-01-23,2025-01-26
ORD00434,2025-01-17,Cliente_071,Bárbara Correia,Mazagão,AP,Norte,P0021,SSD Crucial 1TB NVMe M.2,Informática,4.0,449.0,0.0453,2025-01-24,2025-01-26
ORD00435,2025-01-17,Cliente_074,Luiz Fernando Freitas,Duque de Caxias,RJ,Sudeste,P0009, Smart TV 32” Philco LED Roku TV,TV e Projeção,3.0,949.0,0.0407,2025-01-24,2025-01-26
ORD00436,2025-01-17,Cliente_103,Emanuel Aragão,Manaus,AM,Norte,P0021,SSD Crucial 1TB NVMe M.2,Informática,3.0,449.0,0.0462,2025-01-23,2025-01-23
ORD00437,2025-01-17,Cliente_109,Gustavo Henrique Cunha,Cantá,RR,Norte,P0001,Samsung Galaxy A36,Smartphones e Tablets,2.0,1979.1,0.1597,2025-01-21,2025-01-20
ORD00438,2025-01-17,Cliente_117,Dra. Maysa Fogaça,Propriá,SE,Nordeste,P0008,Película de Vidro 3D Galaxy A30s,Acessórios Mobile,3.0,17.9,0.1156,2025-01-22,2025-01-21
ORD00439,2025-01-17,Cliente_192,Davi Lucas Pires,Chapecó,SC,Sul,P0027,Caixa de Som Bluetooth JBL,Áudio,1.0,549.9,0.0261,2025-01-22,2025-01-22
ORD00440,2025-01-17,Cliente_196,Fernando Costa,Vila Velha,ES,Sudeste,P0015,Fone de Ouvido Profissional AKG K92,Áudio,4.0,428.99,0.2404,2025-01-21,2025-01-20
ORD00441,2025-01-17,Cliente_199,João Guilherme Fogaça,Ananindeua,PA,Norte,P0027,Caixa de Som Bluetooth JBL,Áudio,3.0,549.9,0.032,2025-01-25,2025-01-25
ORD00442,2025-01-17,Cliente_205,Kevin Souza,Santa Rita,PB,Nordeste,P0011,"Soundbar Samsung com 2.1 canais, Dolby Digital",Áudio,,1072.0,0.1005,2025-01-20,2025-01-19
ORD00443,2025-01-17,Cliente_212,Letícia Carvalho,Juiz de Fora,MG,Sudeste,P0020,Teclado Mecanico Fizz,Informática,4.0,174.9,0.0749,2025-01-21,2025-01-20
ORD00444,2025-01-17,Cliente_212,Letícia Carvalho,Juiz de Fora,MG,Sudeste,P0027,Caixa de Som Bluetooth JBL,Áudio,1.0,549.9,0.0314,2025-01-21,2025-01-20
ORD00445,2025-01-17,Cliente_216,Yasmin Costela,Pelotas,RS,Sul,P0020,Teclado Mecanico Fizz,Informática,2.0,174.9,0.0897,2025-01-21,2025-01-20
ORD00446,2025-01-17,Cliente_217,Otávio Sales,Porto Nacional,TO,Norte,P0011,"Soundbar Samsung com 2.1 canais, Dolby Digital",Áudio,3.0,1072.0,0.0736,2025-01-26,2025-01-26
ORD00447,2025-01-17,Cliente_225,Enzo Gabriel Ramos,Caxias,MA,Nordeste,P0001,Samsung Galaxy A36,Smartphones e Tablets,,1979.1,0.1295,2025-01-23,2025-01-22
ORD00448,2025-01-17,Cliente_228,Gabrielly Santos,Santarém,PA,Norte,P0011,"Soundbar Samsung com 2.1 canais, Dolby Digital",Áudio,4.0,1072.0,0.0779,2025-01-22,2025-01-23
ORD00449,,Cliente_229,Thiago da Paz,Uberlândia,MG,Sudeste,P0020,Teclado Mecanico Fizz,Informática,4.0,174.9,0.1152,2025-01-21,2025-01-30
ORD00450,2025-01-17,Cliente_234,Leonardo Oliveira,Maringá,PR,Sul,P0020,Teclado Mecanico Fizz,Informática,,174.9,0.0711,2025-01-22,2025-01-22
ORD00451,2025-01-17,Cliente_243,Laura da Cunha,Maringá,PR,Sul,P0015,Fone de Ouvido Profissional AKG K92,Áudio,1.0,428.99,0.1443,2025-01-21,2025-01-18
ORD00452,2025-01-17,Cliente_246,Luiza Almeida,Itajaí,SC,Sul,P0006,Fone de ouvido Sem Fio QCY T27,Áudio,1.0,129.86,0.0438,2025-01-21,2025-01-20
ORD00453,2025-01-17,Cliente_254,Kevin Santos,Niterói,RJ,Sudeste,P0016,Fone de Ouvido Profissional EDIFIER WH950NB,Áudio,1.0,899.0,0.0344,2025-01-20,2025-01-19
ORD00454,2025-01-17,Cliente_263,Sr. Cauã Carvalho,Uberlândia,MG,Sudeste,P0009,Smart TV 32” Philco LED Roku TV,TV e Projeção,1.0,949.0,0.0266,2025-01-20,2025-01-18
ORD00455,2025-01-17,Cliente_264,Sr. Noah da Paz,Itacoatiara,AM,Norte,P0009,Smart TV 32” Philco LED Roku TV,TV e Projeção,3.0,949.0,0.056,2025-01-26,2025-01-27
ORD00456,2025-01-17,Cliente_265,Gabrielly Azevedo,São Bernardo do Campo,SP,Sudeste,P0018,"Monitor UHD Samsung 32""",Informática,1.0,1626.57,0.0662,2025-01-23,2025-01-21
ORD00457,2025-01-17,Cliente_285,Maria Vitória Jesus,Vitória da Conquista,BA,Nordeste,P0002,Samsung Galaxy Tab S6 Lite,Smartphones e Tablets,3.0,1799.01,0.1203,2025-01-23,2025-01-25
ORD00458,2025-01-17,Cliente_293,Luiza Teixeira,Santo André,SP,Sudeste,P0025,Webcam Logitech Full HD,Informática,3.0,329.9,0.0958,2025-01-22,2025-01-22
ORD00459,2025-01-17,Cliente_308,Enzo Gabriel Costa,Londrina,PR,Sul,P0024,Memória Kingston Fury 16GB DDR5,Informática,2.0,389.9,0.103,2025-01-22,2025-01-22
ORD00460,2025-01-17,Cliente_311,Catarina Vieira,Natal,RN,Nordeste,P0025,Webcam Logitech Full HD,Informática,1.0,329.9,0.0588,2025-01-21,2025-01-22
ORD00461,2025-01-17,Cliente_313,Noah Rodrigues,Ji-Paraná,RO,Norte,P0020,Teclado Mecanico Fizz,Informática,1.0,174.9,0.066,2025-01-23,2025-01-21
ORD00462,2025-01-17,Cliente_327,Sra. Maria Eduarda Cardoso,Vila Velha,ES,Sudeste,P0026,Cabo USB-C Trançado 2m,Acessórios Mobile,4.0,34.9,0.0661,2025-01-21,2025-01-21
ORD00463,2025-01-17,Cliente_330,Rebeca Farias,Cascavel,PR,Sul,P0009,Smart TV 32” Philco LED Roku TV,TV e Projeção,3.0,949.0,0.0356,2025-01-21,2025-01-20
ORD00464,2025-01-17,Cliente_340,Bruno Cardoso,Gravataí,RS,Sul,P0007,Película para iPhone 14Pro Anti impacto,Acessórios Mobile,4.0,51.8,0.1371,2025-01-21,2025-01-22
ORD00465,2025-01-17,Cliente_340,Bruno Cardoso,Gravataí,RS,Sul,P0025,Webcam Logitech Full HD,Informática,1.0,329.9,0.1165,2025-01-24,2025-01-23
ORD00466,2025-01-17,Cliente_342,Vitor Gabriel Nascimento,Rio Branco,AC,Norte,P0016,Fone de Ouvido Profissional EDIFIER WH950NB,Áudio,1.0,899.0,0.0235,2025-01-24,2025-01-24
ORD00467,2025-01-17,Cliente_344,Davi da Rocha,Duque de Caxias,RJ,Sudeste,P0005,"Fone de Ouvido Sem Fio TWS, PHILIPS",Áudio,3.0,124.91,0.0325,2025-01-20,2025-01-21
ORD00468,2025-01-17,Cliente_354,Pedro Miguel Mendes,Macapá,AP,Norte,P0015,Fone de Ouvido Profissional AKG K92,Áudio,4.0,428.99,0.1908,2025-01-26,2025-01-26
ORD00469,2025-01-17,Cliente_356,Matheus Ribeiro,Londrina,PR,Sul,P0015,Fone de Ouvido Profissional AKG K92,Áudio,4.0,428.99,0.1359,2025-01-20,2025-01-24
ORD00470,2025-01-17,Cliente_361,Clara da Paz,Camaçari,BA,Nordeste,P0020,Teclado Mecanico Fizz,Informática,1.0,174.9,0.0678,2025-01-24,2025-01-29
ORD00471,2025-01-17,Cliente_370,Cecília da Rocha,Patos,PB,Nordeste,P0026,Cabo USB-C Trançado 2m,Acessórios Mobile,1.0,34.9,0.0272,2025-01-26,2025-01-28
ORD00472,2025-01-17,Cliente_374,Letícia da Cunha,Florianópolis,SC,Sul,P0011,"Soundbar Samsung com 2.1 canais, Dolby Digital",Áudio,3.0,1072.0,0.086,2025-01-19,2025-01-19
ORD00473,2025-01-17,Cliente_394,Eduardo Oliveira,Ribeirão Preto,SP,Sudeste,P0001,Samsung Galaxy A36,Smartphones e Tablets,1.0,1979.1,0.0475,2025-01-23,2025-01-28
ORD00474,2025-01-17,Cliente_404,João Gabriel Duarte,Gravataí,RS,Sul,P0015,Fone de Ouvido Profissional AKG K92,Áudio,2.0,428.99,0.1159,2025-01-21,2025-01-21
ORD00475,2025-01-17,Cliente_409,Eloah Silva,Sobral,CE,Nordeste,P0001,Samsung Galaxy A36,Smartphones e Tablets,3.0,1979.1,0.0825,2025-01-23,2025-01-25
ORD00476,2025-01-17,cliente_413,Raul Rezende,Sobral,CE,Nordeste,P0015,Fone de Ouvido Profissional AKG K92,Áudio,,428.99,0.1439,2025-01-21,2025-01-20
ORD00477,2025-01-17,Cliente_414,Stephany Melo,Timon,MA,Nordeste,P0009,Smart TV 32” Philco LED Roku TV,TV e Projeção,3.0,949.0,0.0335,2025-01-22,2025-01-21
ORD00478,2025-01-17,Cliente_421,Kaique Oliveira Aragão,Campinas,SP,Sudeste,P0014,Projetor EPSON Powerlite Wide Screen,TV e Projeção,3.0,2742.13,0.1288,2025-01-23,2025-01-23
ORD00479,2025-01-17,Cliente_475,Lorena Teixeira,Chapecó,SC,Sul,P0006,Fone de ouvido Sem Fio QCY T27,Áudio,3.0,129.86,0.0191,2025-01-21,2025-01-25
ORD00480,2025-01-17,Cliente_487,Nathan Freitas Neves,Cascavel,PR,Sul,P0020,Teclado Mecanico Fizz,Informática,2.0,174.9,0.0699,2025-01-23,2025-01-22
ORD00481,2025-01-17,Cliente_499,Isabel Nogueira,Caicó,RN,Nordeste,P0005,"Fone de Ouvido Sem Fio TWS, PHILIPS",Áudio,3.0,124.91,0.0286,2025-01-24,2025-01-23
ORD00482,2025-01-17,Cliente_500,Rodrigo Ramos,Rio de Janeiro,RJ,Sudeste,P0021,SSD Crucial 1TB NVMe M.2 ,Informática,2.0,449.0,0.0588,2025-01-25,2025-01-22
ORD00483,2025-01-17,Cliente_511,Giovanna Jesus Campos,Santa Maria,RS,Sul,P0018,"Monitor UHD Samsung 32""",Informática,1.0,1626.57,0.06,2025-01-20,2025-01-20
ORD00484,2025-01-17,Cliente_521,Lívia Ferreira,Gravataí,RS,Sul,P0010,"Smart TV LED 32""Samsung LED Tizen TV",TV e Projeção,3.0,1079.0,0.0723,2025-01-20,2025-01-23
ORD00485,2025-01-17,Cliente_532,Gustavo Farias,Tarauacá,AC,Norte,P0012,"Soundbar Tomate MTS-2017, Bivolt",Áudio,3.0,769.9,0.0376,2025-01-20,2025-01-19
ORD00486,2025-01-18,Cliente_025,Matheus Novaes,Joinville,SC,Sul,P0005,"Fone de Ouvido Sem Fio TWS, PHILIPS",Áudio,2.0,124.91,0.0281,2025-01-23,2025-01-23
ORD00487,2025-01-18,Cliente_027,Davi Lucas Gomes,Ribeirão Preto,SP,Sudeste,P0026,Cabo USB-C Trançado 2m,Acessórios Mobile,3.0,34.9,0.0529,2025-01-22,2025-01-20
ORD00488,2025-01-18,Cliente_036,Bryan Pires,Manacapuru,AM,Norte,P0004,Carregador Turbo Tipo-C 50w,Acessórios Mobile,1.0,53.9,0.1341,2025-01-23,2025-02-02
ORD00489,2025-01-18,Cliente_036,Bryan Pires,Manacapuru,AM,Norte,P0012,"Soundbar Tomate MTS-2017, Bivolt",Áudio,2.0,769.9,0.0266,2025-01-27,2025-01-30
ORD00490,2025-01-18,Cliente_042,Dra. Valentina Gonçalves,Campina Grande,PB,Nordeste,P0006,Fone de ouvido Sem Fio QCY T27,Áudio,4.0,129.86,0.038,2025-01-26,2025-01-24
ORD00491,2025-01-18,Cliente_068,Stephany Moreira,Curitiba,PR,Sul,P0005,"Fone de Ouvido Sem Fio TWS, PHILIPS",Áudio,2.0,124.91,0.0415,2025-01-21,2025-01-21
ORD00492,2025-01-18,Cliente_074,Luiz Fernando Freitas,Duque de Caxias,RJ,Sudeste,P0025,Webcam Logitech Full HD,Informática,4.0,329.9,0.0395,2025-01-20,2025-01-19
ORD00493,2025-01-18,Cliente_098,Thales Castro,Caxias do Sul,RS,Sul,P0011,"Soundbar Samsung com 2.1 canais, Dolby Digital",Áudio,2.0,1072.0,0.1371,2025-01-20,2025-01-20
ORD00494,2025-01-18,Cliente_102,Dr. Miguel Cunha,Gravataí,RS,Sul,P0010,"Smart TV LED 32""Samsung LED Tizen TV",TV e Projeção,2.0,1079.0,0.074,2025-01-22,2025-01-22
ORD00495,2025-01-18,Cliente_103,Emanuel Aragão,Manaus,AM,Norte,P0010,"Smart TV LED 32""Samsung LED Tizen TV",TV e Projeção,1.0,1079.0,0.0582,2025-01-23,2025-01-23
ORD00496,2025-01-18,Cliente_129,Pietra Gonçalves,Duque de Caxias,RJ,Sudeste,P0010,"Smart TV LED 32""Samsung LED Tizen TV",TV e Projeção,,1079.0,0.1239,2025-01-24,2025-01-22
ORD00497,2025-01-18,Cliente_145,Manuela Lopes,Londrina,PR,Sul,P0002,Samsung Galaxy Tab S6 Lite,Smartphones e Tablets,3.0,1799.01,0.1986,2025-01-24,2025-01-23
ORD00498,2025-01-18,Cliente_162,Sra. Lorena Almeida,Manacapuru,AM,Norte,P0015,Fone de Ouvido Profissional AKG K92,Áudio,,428.99,0.156,2025-01-24,2025-01-27
ORD00499,2025-01-18,Cliente_163,Thiago Rodrigues,São Luís,MA,Nordeste,P0017,ACER Notebook Gamer Nitro,Informática,1.0,4604.0,0.0938,2025-01-24,2025-01-26
ORD00500,2025-01-18,Cliente_165,Maria Fernanda Teixeira,Duque de Caxias,RJ,Sudeste,P0020,Teclado Mecanico Fizz,Informática,2.0,174.9,0.1371,2025-01-22,2025-01-19
ORD00501,2025-01-18,Cliente_196,Fernando Costa,Vila Velha,ES,Sudeste,P0013,"Projetor Smart Epson EpiqVision, FULL HD",TV e Projeção,2.0,3049.99,0.06,2025-01-21,2025-01-19
ORD00502,2025-01-18,Cliente_206,João Miguel Azevedo,Estância,SE,Nordeste,P0007,Película para iPhone 14Pro Anti impacto,Acessórios Mobile,1.0,51.8,0.1104,2025-01-20,2025-01-22
ORD00503,2025-01-18,Cliente_237,Bryan Moreira,Serra,ES,Sudeste,P0002,Samsung Galaxy Tab S6 Lite,Smartphones e Tablets,2.0,1799.01,0.0853,2025-01-22,2025-01-22
ORD00504,2025-01-18,Cliente_245,Nina Azevedo,Castanhal,PA,Norte,P0018,"Monitor UHD Samsung 32""",Informática,2.0,1626.57,0.0544,2025-01-24,2025-01-24
ORD00505,2025-01-18,Cliente_266,Caroline Carvalho,Cruzeiro do Sul,AC,Norte,P0011,"Soundbar Samsung com 2.1 canais, Dolby Digital",Áudio,1.0,1072.0,0.0519,2025-01-26,2025-01-26
ORD00506,2025-01-18,Cliente_266,Caroline Carvalho,Cruzeiro do Sul,AC,Norte,P0015,Fone de Ouvido Profissional AKG K92,Áudio,1.0,428.99,0.0853,2025-01-24,2025-01-22
ORD00507,2025-01-18,Cliente_291,Enzo Gabriel Monteiro,Serra,ES,Sudeste,P0001,Samsung Galaxy A36,Smartphones e Tablets,2.0,1979.1,0.1178,2025-01-22,2025-01-20
ORD00508,2025-01-18,Cliente_314,Nina Ramos,Laranjal do Jari,AP,Norte,P0009,Smart TV 32” Philco LED Roku TV,TV e Projeção,2.0,949.0,0.0369,2025-01-24,2025-01-24
ORD00509,2025-01-18,Cliente_331,Guilherme Cavalcanti,Juiz de Fora,MG,Sudeste,P0008,Película de Vidro 3D Galaxy A30s,Acessórios Mobile,3.0,17.9,0.1218,2025-01-23,2025-01-26
ORD00510,2025-01-18,Cliente_364,Evelyn Azevedo,Fortaleza,CE,Nordeste,P0020,Teclado Mecanico Fizz,Informática,3.0,174.9,0.1308,2025-01-27,2025-01-25
ORD00511,2025-01-18,Cliente_371,Ana Luiza Nunes,Joinville,SC,Sul,P0003,Carregador Turbo USB-C 30W,Acessórios Mobile,2.0,49.9,0.0373,2025-01-21,2025-01-19
ORD00512,2025-01-18,Cliente_395,Luiz Henrique Castro,Betim,MG,Sudeste,P0009,Smart TV 32” Philco LED Roku TV,TV e Projeção,1.0,949.0,0.0229,2025-01-23,2025-01-24
ORD00513,2025-01-18,Cliente_468,Bianca Correia,Betim,MG,Sudeste,P0018,"Monitor UHD Samsung 32""",Informática,3.0,1626.57,0.0762,2025-01-22,2025-01-20
ORD00514,2025-01-18,Cliente_517!!,Letícia Cunha,Parnamirim,RN,Nordeste,P0015,Fone de Ouvido Profissional AKG K92,Áudio,3.0,428.99,0.159,2025-01-22,2025-01-20
ORD00515,2025-01-18,Cliente_540,Murilo Ferreira Costa,Pelotas,RS,Sul,P0012,"Soundbar Tomate MTS-2017, Bivolt",Áudio,3.0,769.9,0.0232,2025-01-21,2025-01-21
ORD00516,2025-01-19,Cliente_008,Thales Pereira,Cascavel,PR,Sul,P0008,Película de Vidro 3D Galaxy A30s,Acessórios Mobile,1.0,17.9,0.1856,2025-01-25,2025-01-24
ORD00517,2025-01-19,Cliente_016,Sr. Thomas Nascimento,Tarauacá,AC,Norte,P0027,Caixa de Som Bluetooth JBL,Áudio,2.0,549.9,0.0482,2025-01-25,2025-01-24
ORD00518,2025-01-19,Cliente_071,Bárbara Correia,Mazagão,AP,Norte,P0008,Película de Vidro 3D Galaxy A30s,Acessórios Mobile,4.0,,0.2152,2025-01-25,2025-01-24
ORD00519,2025-01-19,Cliente_085,Dra. Maria Sophia Ramos,Maringá,PR,Sul,P0004,Carregador Turbo Tipo-C 50w,Acessórios Mobile,2.0,53.9,0.1047,2025-01-24,2025-01-23
ORD00520,2025-01-19,Cliente_112,Maria Luiza das Neves,Linhares,ES,Sudeste,P0015,Fone de Ouvido Profissional AKG K92,Áudio,3.0,428.99,0.1899,2025-01-23,2025-01-21
ORD00521,2025-01-19,Cliente_177,Dra. Heloísa da Paz,São Paulo,SP,Sudeste,P0002,Samsung Galaxy Tab S6 Lite,Smartphones e Tablets,1.0,1799.01,0.0918,2025-01-23,2025-01-23
ORD00522,2025-01-19,Cliente_216,Yasmin Costela,Pelotas,RS,Sul,P0015,Fone de Ouvido Profissional AKG K92,Áudio,2.0,428.99,0.3271,2025-01-22,2025-01-22
ORD00523,2025-01-19,Cliente_236,Anthony Rezende,Timon,MA,Nordeste,P0023,Tablet Lenovo Tab M11,Smartphones e Tablets,1.0,1399.9,0.0358,2025-01-25,2025-01-25
ORD00524,2025-01-19,Cliente_248,Dr. João Guilherme da Rosa,Duque de Caxias,RJ,Sudeste,P0002,Samsung Galaxy Tab S6 Lite,Smartphones e Tablets,2.0,1799.01,0.0743,2025-01-21,2025-01-21
ORD00525,2025-01-19,Cliente_330,Rebeca Farias,Cascavel,PR,Sul,P0001,Samsung Galaxy A36,Smartphones e Tablets,2.0,1979.1,0.0933,2025-01-22,2025-01-20
ORD00526,2025-01-19,Cliente_337,Benício Fernandes,Castanhal,PA,Norte,P0019,Mouse Redragon Wireless,Informática,4.0,165.99,0.167,2025-01-23,2025-01-26
ORD00527,2025-01-19,Cliente_421,Kaique Oliveira Aragão,Campinas,SP,Sudeste,P0027,Caixa de Som Bluetooth JBL,Áudio,1.0,549.9,0.0448,2025-01-26,2025-01-27
ORD00528,2025-01-19,Cliente_518,Heitor Barbosa Cruz,Mossoró,RN,Nordeste,P0009,Smart TV 32” Philco LED Roku TV,TV e Projeção,1.0,949.0,0.0283,2025-01-25,2025-01-24
ORD00529,2025-01-19,Cliente_528,Thiago Mata Mendes,Niterói,RJ,Sudeste,P0005,"Fone de Ouvido Sem Fio TWS, PHILIPS",Áudio,2.0,124.91,0.0254,2025-01-21,2025-01-20
ORD00530,2025-01-19,Cliente_536,Caio Nunes Ferreira,Pelotas,RS,Sul,P0015,Fone de Ouvido Profissional AKG K92,Áudio,1.0,428.99,0.1731,2025-01-23,2025-01-23
ORD00531,2025-01-20,Cliente_001,Evelyn da Luz,Cacoal,RO,Norte,P0005,"Fone de Ouvido Sem Fio TWS, PHILIPS ",Áudio,1.0,124.91,0.0187,2025-01-28,2025-01-29
ORD00532,2025-01-20,Cliente_044,Dr. Pedro Porto,Londrina,PR,Sul,P0007,Película para iPhone 14Pro Anti impacto,Acessórios Mobile,3.0,51.8,0.0952,2025-01-24,2025-01-26
ORD00533,2025-01-20,Cliente_045,Juan Mendes,Ji-Paraná,RO,Norte,P0017,ACER Notebook Gamer Nitro,Informática,1.0,4604.0,0.0602,2025-01-26,2025-01-25
ORD00534,2025-01-20,Cliente_062,Rodrigo da Paz,Uberlândia,MG,Sudeste,P0024,Memória Kingston Fury 16GB DDR5,Informática,1.0,389.9,0.0536,2025-01-23,2025-01-23
ORD00535,2025-01-20,Cliente_067,Nicole Dias,Uberlândia,MG,Sudeste,P0015,Fone de Ouvido Profissional AKG K92,Áudio,3.0,428.99,0.1417,2025-01-24,2025-01-26
ORD00536,2025-01-20,Cliente_073,Evelyn Castro,Juazeiro,BA,Nordeste,P0015,Fone de Ouvido Profissional AKG K92,Áudio,4.0,428.99,0.1401,2025-01-27,2025-01-24
ORD00537,2025-01-20,cliente#110,Rafaela Carvalho,Betim,MG,Sudeste,P0004,Carregador Turbo Tipo-C 50w,Acessórios Mobile,4.0,53.9,0.0682,2025-01-23,2025-01-22
ORD00538,2025-01-20,Cliente_126,Luiz Fernando da Costa,Juiz de Fora,MG,Sudeste,P0023,Tablet Lenovo Tab M11,Smartphones e Tablets,3.0,1399.9,0.0588,2025-01-26,2025-01-26
ORD00539,2025-01-20,Cliente_127,Lucas Gabriel Jesus,Ji-Paraná,RO,Norte,P0006,Fone de ouvido Sem Fio QCY T27,Áudio,1.0,129.86,0.0403,2025-01-24,2025-01-24
ORD00540,2025-01-20,Cliente_177,Dra. Heloísa da Paz,São Paulo,SP,Sudeste,P0026,Cabo USB-C Trançado 2m,Acessórios Mobile,3.0,,0.0489,2025-01-23,2025-01-27
ORD00541,2025-01-20,Cliente_264,Sr. Noah da Paz,Itacoatiara,AM,Norte,P0015,Fone de Ouvido Profissional AKG K92,Áudio,3.0,428.99,0.1525,2025-01-24,2025-01-24
ORD00542,2025-01-20,Cliente_289,Noah Oliveira,Santana,AP,Norte,P0027,Caixa de Som Bluetooth JBL,Áudio,2.0,549.9,0.0288,2025-01-26,2025-01-29
ORD00543,2025-01-20,Cliente_323,Dr. João Pedro Carvalho,Boa Vista,RR,Norte,P0027,Caixa de Som Bluetooth JBL,Áudio,1.0,549.9,0.0304,2025-01-27,2025-01-29
ORD00544,2025-01-20,Cliente_327,Sra. Maria Eduarda Cardoso,Vila Velha,ES,Sudeste,P0004,Carregador Turbo Tipo-C 50w,Acessórios Mobile,1.0,53.9,0.0918,2025-01-22,2025-01-22
ORD00545,2025-01-20,Cliente_342,Vitor Gabriel Nascimento,Rio Branco,AC,Norte,P0013,"Projetor Smart Epson EpiqVision, FULL HD",TV e Projeção,1.0,3049.99,0.1529,2025-01-26,2025-01-25
ORD00546,2025-01-20,Cliente_377,Lucas Castro,Rio Branco,AC,Norte,P0015,Fone de Ouvido Profissional AKG K92,Áudio,2.0,428.99,0.1648,2025-01-24,2025-01-26
ORD00547,2025-01-20,Cliente_401,Luna Almeida,Juiz de Fora,MG,Sudeste,P0001,Samsung Galaxy A36,Smartphones e Tablets,4.0,1979.1,0.1568,2025-01-24,2025-01-23
ORD00548,2025-01-20,Cliente_413,Raul Rezende,Sobral,CE,Nordeste,P0020,Teclado Mecanico Fizz,Informática,2.0,174.9,0.118,2025-01-28,2025-01-29
ORD00549,2025-01-20,Cliente_439,Stella Cunha,Nova Iguaçu,RJ,Sudeste,P0003,Carregador Turbo USB-C 30W,Acessórios Mobile,3.0,49.9,0.051,2025-01-25,2025-01-25
ORD00550,2025-01-20,Cliente_499,Isabel Nogueira,Caicó,RN,Nordeste,P0019,Mouse Redragon Wireless ,Informática,4.0,165.99,0.1648,2025-01-24,2025-01-23
ORD00551,2025-01-20,cliente_523,Lucas Moreira,Curitiba,PR,Sul,P0011,"Soundbar Samsung com 2.1 canais, Dolby Digital",Áudio,3.0,1072.0,0.0743,2025-01-26,2025-01-26
ORD00552,2025-01-21,Cliente_036,Bryan Pires,Manacapuru,AM,Norte,P0021,SSD Crucial 1TB NVMe M.2,Informática,4.0,449.0,0.0441,2025-01-24,2025-01-26
ORD00553,2025-01-21,Cliente_061,Dr. Emanuel Fogaça,Porto Nacional,TO,Norte,P0016,Fone de Ouvido Profissional EDIFIER WH950NB,Áudio,4.0,899.0,0.0224,2025-01-24,2025-01-24
ORD00554,2025-01-21,Cliente_138,Pedro Nascimento,Uberlândia,MG,Sudeste,P0016,Fone de Ouvido Profissional EDIFIER WH950NB,Áudio,1.0,899.0,0.0215,2025-01-27,2025-01-27
ORD00555,2025-01-21,Cliente_151,Lorenzo Moura,Vitória da Conquista,BA,Nordeste,P0012,"Soundbar Tomate MTS-2017, Bivolt",Áudio,3.0,769.9,0.0255,2025-01-25,2025-02-02
ORD00556,2025-01-21,Cliente_165,Maria Fernanda Teixeira,Duque de Caxias,RJ,Sudeste,P0013,"Projetor Smart Epson EpiqVision, FULL HD",TV e Projeção,1.0,3049.99,0.1054,2025-01-26,2025-01-31
ORD00557,2025-01-21,Cliente_169,Pedro Henrique Monteiro,Ji-Paraná,RO,Norte,P0015,Fone de Ouvido Profissional AKG K92,Áudio,2.0,428.99,0.1438,2025-01-28,2025-01-29
ORD00558,2025-01-21,Cliente_170,Nicolas Vieira,Patos,PB,Nordeste,P0016,Fone de Ouvido Profissional EDIFIER WH950NB,Áudio,4.0,899.0,0.0453,2025-01-26,2025-01-25
ORD00559,2025-01-21,Cliente_209,Eduarda Nunes,Recife,PE,Nordeste,P0009,Smart TV 32” Philco LED Roku TV,TV e Projeção,1.0,949.0,0.0436,2025-01-28,2025-02-02
ORD00560,2025-01-21,Cliente_209,Eduarda Nunes,Recife,PE,Nordeste,P0009,Smart TV 32” Philco LED Roku TV,TV e Projeção,2.0,,0.0237,2025-01-29,2025-01-28
ORD00561,2025-01-21,Cliente_234,Leonardo Oliveira,Maringá,PR,Sul,P0008,Película de Vidro 3D Galaxy A30s,Acessórios Mobile,3.0,17.9,0.1878,2025-01-24,2025-01-23
ORD00562,2025-01-21,Cliente_251,Dr. João Felipe Sales,Ribeirão Preto,SP,Sudeste,P0014,Projetor EPSON Powerlite Wide Screen,TV e Projeção,3.0,2742.13,0.3034,2025-01-25,2025-01-25
ORD00563,2025-01-21,Cliente_272,Julia Freitas,Salvador,BA,Nordeste,P0019,Mouse Redragon Wireless,Informática,1.0,165.99,0.0736,2025-01-29,2025-01-27
ORD00564,2025-01-21,Cliente_279,Sofia Santos,Chapecó,SC,Sul,P0027,Caixa de Som Bluetooth JBL,Áudio,4.0,549.9,0.064,2025-01-26,2025-01-24
ORD00565,2025-01-21,Cliente_283,Maria Clara Porto,Teresina,PI,Nordeste,P0013,"Projetor Smart Epson EpiqVision, FULL HD",TV e Projeção,1.0,3049.99,0.0952,2025-01-23,2025-01-22
ORD00566,2025-01-21,Cliente_312,Juan Araújo,Bacabal,MA,Nordeste,P0003,Carregador Turbo USB-C 30W,Acessórios Mobile,4.0,49.9,0.1113,2025-01-27,2025-01-27
ORD00567,2025-01-21,Cliente_314,Nina Ramos,Laranjal do Jari,AP,Norte,P0002,Samsung Galaxy Tab S6 Lite,Smartphones e Tablets,,1799.01,0.1017,2025-01-29,2025-01-30
ORD00568,2025-01-21,Cliente_330,Rebeca Farias,Cascavel,PR,Sul,P0006,Fone de ouvido Sem Fio QCY T27,Áudio,2.0,129.86,0.0356,2025-01-26,2025-01-27
ORD00569,2025-01-21,Cliente_341,Alana Cardoso,Timon,MA,Nordeste,P0007,Película para iPhone 14Pro Anti impacto,Acessórios Mobile,3.0,51.8,0.0722,2025-01-27,2025-01-31
ORD00570,2025-01-21,Cliente_436,Daniel Carvalho,Itajaí,SC,Sul,P0015,Fone de Ouvido Profissional AKG K92,Áudio,4.0,428.99,0.3313,2025-01-27,2025-01-28
ORD00571,2025-01-21,Cliente_465,Antônio Campos,Feira de Santana,BA,Nordeste,P0020,Teclado Mecanico Fizz,Informática,4.0,174.9,0.0511,2025-01-24,2025-01-22
ORD00572,2025-01-21,Cliente_546,Nicole Costa,Caracaraí,RR,Norte,P0010,"Smart TV LED 32""Samsung LED Tizen TV",TV e Projeção,1.0,1079.0,0.0721,2025-01-28,2025-01-27
ORD00573,2025-01-22,Cliente_025,Matheus Novaes,Joinville,SC,Sul,P0023,Tablet Lenovo Tab M11,Smartphones e Tablets,1.0,1399.9,0.0725,2025-01-27,2025-01-25
ORD00574,2025-01-22,Cliente-030,João Lucas da Costa,Joinville,SC,Sul,P0007,Película para iPhone 14Pro Anti impacto,Acessórios Mobile,3.0,51.8,0.0896,2025-01-24,2025-01-23
ORD00575,2025-01-22,Cliente_043,Luiz Fernando Moura,Vilhena,RO,Norte,P0002,Samsung Galaxy Tab S6 Lite,Smartphones e Tablets,2.0,1799.01,0.077,2025-01-30,2025-01-28
ORD00576,2025-01-22,Cliente_100,Beatriz Costa,Bom Jesus,PI,Nordeste,P0011,"Soundbar Samsung com 2.1 canais, Dolby Digital",Áudio,1.0,1072.0,0.1496,2025-01-27,2025-01-24
ORD00577,2025-01-22,Cliente_117,Dra. Maysa Fogaça,Propriá,SE,Nordeste,P0008,Película de Vidro 3D Galaxy A30s,Acessórios Mobile,,17.9,0.0908,2025-01-24,2025-01-24
ORD00578,2025-01-22,Cliente_146,Levi Freitas,Ji-Paraná,RO,Norte,P0018,"Monitor UHD Samsung 32""",Informática,4.0,1626.57,0.0583,2025-01-27,2025-01-29
ORD00579,2025-01-22,Cliente_154,Juan Duarte,São Paulo,SP,Sudeste,P0006,Fone de ouvido Sem Fio QCY T27,Áudio,3.0,129.86,0.0215,2025-01-27,2025-01-31
ORD00580,2025-01-22,Cliente_158,Emanuel Ramos,Timon,MA,Nordeste,P0003,Carregador Turbo USB-C 30W,Acessórios Mobile,4.0,49.9,0.062,2025-01-30,2025-02-03
ORD00581,2025-01-22,Cliente_161,Murilo Monteiro,Currais Novos,RN,Nordeste,P0006,Fone de ouvido Sem Fio QCY T27,Áudio,1.0,129.86,0.0182,2025-01-27,2025-01-27
ORD00582,2025-01-22,Cliente_174,Manuela Nogueira,Pelotas,RS,Sul,P0005,"Fone de Ouvido Sem Fio TWS, PHILIPS",Áudio,1.0,124.91,0.0119,2025-01-27,2025-01-27
ORD00583,2025-01-22,Cliente_225,Enzo Gabriel Ramos,Caxias,MA,Nordeste,P0009,Smart TV 32” Philco LED Roku TV,TV e Projeção,,949.0,0.0379,2025-01-29,2025-01-28
ORD00584,2025-01-22,Cliente_230,Maria Nogueira,Bayeux,PB,Nordeste,P0024,Memória Kingston Fury 16GB DDR5,Informática,1.0,389.9,0.0855,2025-01-25,2025-01-24
ORD00585,2025-01-22,Cliente_231,Maria Luiza Rezende,Maringá,PR,Sul,P0003,Carregador Turbo USB-C 30W,Acessórios Mobile,1.0,49.9,0.0471,2025-01-26,2025-01-28
ORD00586,2025-01-22,Cliente_240,Esther Monteiro,Fortaleza,CE,Nordeste,P0012,"Soundbar Tomate MTS-2017, Bivolt",Áudio,3.0,769.9,0.0236,2025-01-27,2025-01-27
ORD00587,2025-01-22,Cliente_247,João Moraes,Campinas,SP,Sudeste,P0004,Carregador Turbo Tipo-C 50w,Acessórios Mobile,2.0,53.9,0.0671,2025-01-29,2025-01-29
ORD00588,2025-01-22,Cliente_247,João Moraes,Campinas,SP,Sudeste,P0010,"Smart TV LED 32""Samsung LED Tizen TV",TV e Projeção,3.0,1079.0,0.1214,2025-01-26,2025-01-25
ORD00589,2025-01-22,Cliente_263,Sr. Cauã Carvalho,Uberlândia,MG,Sudeste,P0001,Samsung Galaxy A36,Smartphones e Tablets,1.0,1979.1,0.0568,2025-01-25,2025-01-25
ORD00590,2025-01-22,Cliente_263,Sr. Cauã Carvalho,Uberlândia,MG,Sudeste,P0023,Tablet Lenovo Tab M11,Smartphones e Tablets,4.0,1399.9,0.0803,2025-01-27,2025-01-28
ORD00591,2025-01-22,Cliente_326,Emanuella Porto,Ferreira Gomes,AP,Norte,P0012,"Soundbar Tomate MTS-2017, Bivolt",Áudio,2.0,769.9,0.0111,2025-01-27,2025-01-27
ORD00592,2025-01-22,Cliente_360,Mariane Campos,Teresina,PI,Nordeste,P0018,"Monitor UHD Samsung 32""",Informática,2.0,1626.57,0.0603,2025-01-29,2025-01-28
ORD00593,2025-01-22,Cliente_371,Ana Luiza Nunes,Joinville,SC,Sul,P0022,Smartphone Motorola Edge 50 Neo,Smartphones e Tablets,3.0,2299.9,0.0776,2025-01-26,2025-01-26
ORD00594,2025-01-22,Cliente_402,Catarina Gonçalves,Niterói,RJ,Sudeste,P0017,ACER Notebook Gamer Nitro,Informática,3.0,4604.0,0.056,2025-01-24,2025-01-23
ORD00595,2025-01-22,Cliente_420,Anthony Oliveira Cruz,Vitória,ES,Sudeste,P0006,Fone de ouvido Sem Fio QCY T27,Áudio,2.0,129.86,0.0577,2025-01-28,2025-01-30
ORD00596,2025-01-22,Cliente_435,Augusto Silveira,Cachoeiro de Itapemirim,ES,Sudeste,P0004,Carregador Turbo Tipo-C 50w,Acessórios Mobile,4.0,53.9,0.1788,2025-01-24,2025-01-23
ORD00597,2025-01-22,Cliente_483,Melissa Gomes,Blumenau,SC,Sul,P0016,Fone de Ouvido Profissional EDIFIER WH950NB,Áudio,1.0,899.0,0.0343,2025-01-25,2025-01-24
ORD00598,2025-01-22,Cliente_501,Júlia Mota,Contagem,MG,Sudeste,P0017,ACER Notebook Gamer Nitro,Informática,2.0,4604.0,0.0738,2025-01-27,2025-01-27
ORD00599,2025-01-22,Cliente_513,Bryan Pereira,Londrina,PR,Sul,P0004,Carregador Turbo Tipo-C 50w,Acessórios Mobile,4.0,53.9,0.2083,2025-01-26,2025-01-25
ORD00600,2025-01-22,Cliente_521,Lívia Ferreira,Gravataí,RS,Sul,P0005,"Fone de Ouvido Sem Fio TWS, PHILIPS",Áudio,4.0,124.91,0.0378,2025-01-26,2025-01-31
ORD00601,2025-01-22,Cliente_523,Lucas Moreira,Curitiba,PR,Sul,P0012,"Soundbar Tomate MTS-2017, Bivolt",Áudio,2.0,769.9,0.0223,2025-01-25,2025-01-29
ORD00602,2025-01-22,Cliente_528,Thiago Mata Mendes,Niterói,RJ,Sudeste,P0013,"Projetor Smart Epson EpiqVision, FULL HD",TV e Projeção,1.0,3049.99,0.1388,2025-01-26,2025-01-26
ORD00603,2025-01-23,Cliente_053,Pedro Moreira,Campinas,SP,Sudeste,P0013,"Projetor Smart Epson EpiqVision, FULL HD",TV e Projeção,2.0,3049.99,0.0928,2025-01-29,2025-01-29
ORD00604,2025-01-23,Cliente_122,Natália Silva,Cascavel,PR,Sul,P0011,"Soundbar Samsung com 2.1 canais, Dolby Digital",Áudio,1.0,1072.0,0.1779,2025-01-27,2025-01-27
ORD00605,2025-01-23,Cliente_149,Manuela Santos,Caxias do Sul,RS,Sul,P0007,Película para iPhone 14Pro Anti impacto,Acessórios Mobile,3.0,51.8,0.0888,2025-01-28,2025-01-29
ORD00606,2025-01-23,Cliente_191,Juliana Pereira,Ribeirão Preto,SP,Sudeste,P0005,"Fone de Ouvido Sem Fio TWS, PHILIPS",Áudio,3.0,124.91,0.0283,2025-01-27,2025-01-27
ORD00607,2025-01-23,Cliente_191,Juliana Pereira,Ribeirão Preto,SP,Sudeste,P0012,"Soundbar Tomate MTS-2017, Bivolt",Áudio,4.0,769.9,0.0518,2025-01-25,2025-01-28
ORD00608,2025-01-23,Cliente_194,Pedro Gomes,Pelotas,RS,Sul,P0005,"Fone de Ouvido Sem Fio TWS, PHILIPS",Áudio,2.0,124.91,0.0166,2025-01-29,2025-02-03
ORD00609,2025-01-23,Cliente-195,Maria Luiza da Conceição,Belém,PA,Norte,P0010,"Smart TV LED 32""Samsung LED Tizen TV",TV e Projeção,1.0,1079.0,0.1022,2025-01-29,2025-01-28
ORD00610,2025-01-23,Cliente_196,Fernando Costa,Vila Velha,ES,Sudeste,P0018,"Monitor UHD Samsung 32""",Informática,1.0,1626.57,0.0335,2025-01-25,2025-01-26
ORD00611,2025-01-23,Cliente_213,Sra. Daniela Lima,São Bernardo do Campo,SP,Sudeste,P0020,Teclado Mecanico Fizz,Informática,1.0,174.9,0.0815,2025-01-27,2025-01-27
ORD00612,2025-01-23,Cliente_220,Larissa da Paz,Caucaia,CE,Nordeste,P0009,Smart TV 32” Philco LED Roku TV ,TV e Projeção,1.0,949.0,0.0197,2025-01-29,2025-01-26
ORD00613,2025-01-23,Cliente_234,Leonardo Oliveira,Maringá,PR,Sul,P0017,ACER Notebook Gamer Nitro,Informática,3.0,4604.0,0.11,2025-01-25,2025-01-25
ORD00614,2025-01-23,Cliente_244,Maria Vitória Martins,Rio de Janeiro,RJ,Sudeste,P0005,"Fone de Ouvido Sem Fio TWS, PHILIPS",Áudio,3.0,124.91,0.0151,2025-01-28,2025-01-27
ORD00615,2025-01-23,Cliente_263,Sr. Cauã Carvalho,Uberlândia,MG,Sudeste,P0008,Película de Vidro 3D Galaxy A30s,Acessórios Mobile,1.0,17.9,0.1303,2025-01-29,2025-01-29
ORD00616,2025-01-23,Cliente_285,Maria Vitória Jesus,Vitória da Conquista,BA,Nordeste,P0004,Carregador Turbo Tipo-C 50w,Acessórios Mobile,4.0,53.9,0.0823,2025-01-28,2025-01-26
ORD00617,2025-01-23,Cliente_300,Dra. Maria Sophia Nogueira,Chapecó,SC,Sul,P0008,Película de Vidro 3D Galaxy A30s,Acessórios Mobile,2.0,17.9,0.0848,2025-01-28,2025-01-28
ORD00618,2025-01-23,Cliente_323,Dr. João Pedro Carvalho,Boa Vista,RR,Norte,P0006,Fone de ouvido Sem Fio QCY T27,Áudio,1.0,129.86,0.0572,2025-01-29,2025-01-29
ORD00619,,Cliente_324,João Guilherme Araújo,Nova Iguaçu,RJ,Sudeste,P0007,Película para iPhone 14Pro Anti impacto,Acessórios Mobile,4.0,51.8,0.1076,2025-01-26,2025-01-25
ORD00620,2025-01-23,Cliente325,Fernanda da Costa,Joinville,SC,Sul,P0015,Fone de Ouvido Profissional AKG K92,Áudio,2.0,428.99,0.109,2025-01-26,2025-01-26
ORD00621,2025-01-23,Cliente_326,Emanuella Porto,Ferreira Gomes,AP,Norte,P0025,Webcam Logitech Full HD,Informática,4.0,329.9,0.1612,2025-01-27,2025-01-30
ORD00622,2025-01-23,Cliente_337,Benício Fernandes,Castanhal,PA,Norte,P0002,Samsung Galaxy Tab S6 Lite,Smartphones e Tablets,,1799.01,0.0753,2025-01-29,2025-01-28
ORD00623,2025-01-23,Cliente_337,Benício Fernandes,Castanhal,PA,Norte,P0020,Teclado Mecanico Fizz,Informática,4.0,174.9,0.0803,2025-01-28,2025-01-27
ORD00624,2025-01-23,Cliente_356,Matheus Ribeiro,Londrina,PR,Sul,P0011,"Soundbar Samsung com 2.1 canais, Dolby Digital",Áudio,2.0,1072.0,0.0764,2025-01-27,2025-01-27
ORD00625,2025-01-23,Cliente_394,Eduardo Oliveira,Ribeirão Preto,SP,Sudeste,P0008,Película de Vidro 3D Galaxy A30s,Acessórios Mobile,2.0,17.9,0.1138,2025-01-26,2025-01-24
ORD00626,2025-01-23,Cliente_416,Maria Julia Duarte,Caicó,RN,Nordeste,P0027,Caixa de Som Bluetooth JBL,Áudio,1.0,549.9,0.0227,2025-01-31,2025-02-04
ORD00627,2025-01-23,Cliente_420,Anthony Oliveira Cruz,Vitória,ES,Sudeste,P0026,Cabo USB-C Trançado 2m,Acessórios Mobile,,34.9,0.0989,2025-01-29,2025-01-26
ORD00628,2025-01-23,Cliente_425,Igor Mota Castro,Pico,PI,Nordeste,P0015,Fone de Ouvido Profissional AKG K92,Áudio,4.0,428.99,0.1768,2025-01-28,2025-01-29
ORD00629,2025-01-23,Cliente_442,Gabriela Novaes,Londrina,PR,Sul,P0015,Fone de Ouvido Profissional AKG K92,Áudio,2.0,428.99,0.1745,2025-01-28,2025-02-01
ORD00630,2025-01-23,Cliente_459,Nina Costela,Duque de Caxias,RJ,Sudeste,P0012,"Soundbar Tomate MTS-2017, Bivolt",Áudio,2.0,769.9,0.0487,2025-01-27,2025-01-26
ORD00631,2025-01-23,Cliente_491 ,Thiago Teixeira Moreira,Ponta Grossa,PR,Sul,P0012,"Soundbar Tomate MTS-2017, Bivolt",Áudio,3.0,769.9,0.0197,2025-01-30,2025-01-29
ORD00632,2025-01-23,cliente#531,Juliana Freitas Ribeiro,Blumenau,SC,Sul,P0027,Caixa de Som Bluetooth JBL,Áudio,2.0,549.9,0.0554,2025-01-26,2025-01-26
ORD00633,2025-01-24,Cliente_007,Helena Souza,Feira de Santana,BA,Nordeste,P0015,Fone de Ouvido Profissional AKG K92,Áudio,2.0,428.99,0.1763,2025-01-29,2025-01-28
ORD00634,2025-01-24,Cliente_008,Thales Pereira,Cascavel,PR,Sul,P0025,Webcam Logitech Full HD,Informática ,3.0,329.9,0.1106,2025-01-30,2025-01-30
ORD00635,2025-01-24,Cliente_009,Sofia Sales,Ponta Grossa,PR,Sul,P0011,"Soundbar Samsung com 2.1 canais, Dolby Digital",Áudio,1.0,1072.0,0.1153,2025-01-29,2025-01-27
ORD00636,2025-01-24,Cliente_017,Vitor Gabriel Costa,Estância,SE,Nordeste,P0015,Fone de Ouvido Profissional AKG K92,Áudio,2.0,428.99,0.2095,2025-01-29,2025-01-29
ORD00637,2025-01-24,Cliente_043,Luiz Fernando Moura,Vilhena,RO,Norte,P0005,"Fone de Ouvido Sem Fio TWS, PHILIPS",Áudio,2.0,124.91,0.0142,2025-02-01,2025-02-01
ORD00638,2025-01-24,Cliente_044,Dr. Pedro Porto,Londrina,PR,Sul,P0020,Teclado Mecanico Fizz,Informática,4.0,174.9,0.0543,2025-01-27,2025-01-26
ORD00639,2025-01-24,Cliente_058,Sr. Nathan Peixoto,Itacoatiara,AM,Norte,P0008,Película de Vidro 3D Galaxy A30s,Acessórios Mobile,4.0,17.9,0.1312,2025-02-01,2025-02-01
ORD00640,2025-01-24,Cliente_058,Sr. Nathan Peixoto,Itacoatiara,AM,Norte,P0010,"Smart TV LED 32""Samsung LED Tizen TV",TV e Projeção,4.0,1079.0,0.0646,2025-01-31,2025-01-31
ORD00641,2025-01-24,Cliente_097,Brenda Nunes,Manaus,AM,Norte,P0022,Smartphone Motorola Edge 50 Neo,Smartphones e Tablets,4.0,2299.9,0.0551,2025-01-28,2025-01-27
ORD00642,2025-01-24,Cliente_100,Beatriz Costa,Bom Jesus,PI,Nordeste,P0013,"Projetor Smart Epson EpiqVision, FULL HD",TV e Projeção,1.0,3049.99,0.1313,2025-01-30,2025-02-01
ORD00643,2025-01-24,Cliente_114,Evelyn da Paz,Mucajaí,RR,Norte,P0012,"Soundbar Tomate MTS-2017, Bivolt",Áudio,4.0,769.9,0.0267,2025-01-30,2025-01-29
ORD00644,2025-01-24,Cliente_133,Isadora Novaes,Cachoeiro de Itapemirim,ES,Sudeste,P0021,SSD Crucial 1TB NVMe M.2,Informática,3.0,449.0,0.0316,2025-01-27,2025-01-26
ORD00645,2025-01-24,Cliente_165,Maria Fernanda Teixeira,Duque de Caxias,RJ,Sudeste,P0018,"Monitor UHD Samsung 32""",Informática,3.0,1626.57,0.0701,2025-01-27,2025-01-29
ORD00646,2025-01-24,cliente_169,Pedro Henrique Monteiro,Ji-Paraná,RO,Norte,P0021,SSD Crucial 1TB NVMe M.2,Informática,3.0,449.0,0.0482,2025-01-29,2025-01-27
ORD00647,2025-01-24,Cliente_191,Juliana Pereira,Ribeirão Preto,SP,Sudeste,P0017,ACER Notebook Gamer Nitro,Informática,1.0,4604.0,0.0751,2025-01-29,2025-02-02
ORD00648,2025-01-24,Cliente_204,Júlia da Mota,Santa Maria,RS,Sul,P0027,Caixa de Som Bluetooth JBL,Áudio,2.0,549.9,0.0369,2025-01-30,2025-01-31
ORD00649,2025-01-24,Cliente_218,Isabel Pereira,Vila Velha,ES,Sudeste,P0004,Carregador Turbo Tipo-C 50w,Acessórios Mobile,2.0,53.9,0.0717,2025-01-30,2025-01-31
ORD00650,2025-01-24,Cliente_218,Isabel Pereira,Vila Velha,ES,Sudeste,P0025,Webcam Logitech Full HD,Informática,,329.9,0.076,2025-01-28,2025-01-27
ORD00651,2025-01-24,Cliente_223,Felipe da Cunha,Tarauacá,AC,Norte,P0023,Tablet Lenovo Tab M11,Smartphones e Tablets,4.0,1399.9,0.1892,2025-01-30,2025-02-04
ORD00652,2025-01-24,Cliente_227,Bruno Nascimento,Bayeux,PB,Nordeste,P0007, Película para iPhone 14Pro Anti impacto,Acessórios Mobile,4.0,51.8,0.0968,2025-01-29,2025-02-03
ORD00653,2025-01-24,Cliente_232,Benjamin Santos,Caxias,MA,Nordeste,P0016,Fone de Ouvido Profissional EDIFIER WH950NB,Áudio,1.0,899.0,0.0355,2025-01-31,2025-01-28
ORD00654,2025-01-24,Cliente_236,Anthony Rezende,Timon,MA,Nordeste,P0012,"Soundbar Tomate MTS-2017, Bivolt",Áudio,4.0,769.9,0.0347,2025-01-29,2025-01-27
ORD00655,2025-01-24,Cliente_248,Dr. João Guilherme da Rosa,Duque de Caxias,RJ,Sudeste,P0005,"Fone de Ouvido Sem Fio TWS, PHILIPS",Áudio,1.0,124.91,0.0349,2025-01-29,2025-01-30
ORD00656,2025-01-24,Cliente_294,Larissa Teixeira,Ferreira Gomes,AP,Norte,P0020,Teclado Mecanico Fizz,Informática,4.0,174.9,0.1542,2025-01-31,2025-01-29
ORD00657,2025-01-24,Cliente_300,Dra. Maria Sophia Nogueira,Chapecó,SC,Sul,P0024,Memória Kingston Fury 16GB DDR5,Informática,2.0,389.9,0.0773,2025-01-27,2025-01-27
ORD00658,2025-01-24,Cliente_300,Dra. Maria Sophia Nogueira,Chapecó,SC,Sul,P0026,Cabo USB-C Trançado 2m,Acessórios Mobile,2.0,34.9,0.0535,2025-01-30,2025-01-30
ORD00659,2025-01-24,Cliente_312,Juan Araújo,Bacabal,MA,Nordeste,P0001,Samsung Galaxy A36,Smartphones e Tablets,3.0,1979.1,0.0782,2025-01-29,2025-01-30
ORD00660,2025-01-24,Cliente_314,Nina Ramos,Laranjal do Jari,AP,Norte,P0008,Película de Vidro 3D Galaxy A30s,Acessórios Mobile,4.0,17.9,0.1795,2025-02-02,2025-02-07
ORD00661,2025-01-24,Cliente_323,Dr. João Pedro Carvalho,Boa Vista,RR,Norte,P0018,"Monitor UHD Samsung 32""",Informática,2.0,1626.57,0.0916,2025-01-30,2025-02-01
ORD00662,2025-01-24,Cliente_325,Fernanda da Costa,Joinville,SC,Sul,P0016,Fone de Ouvido Profissional EDIFIER WH950NB,Áudio,3.0,899.0,0.0352,2025-01-29,2025-01-29
ORD00663,2025-01-24,Cliente_394,Eduardo Oliveira,Ribeirão Preto,SP,Sudeste,P0027,Caixa de Som Bluetooth JBL,Áudio,2.0,549.9,0.0368,2025-01-26,2025-01-28
ORD00664,2025-01-24,Cliente_413,Raul Rezende,Sobral,CE,Nordeste,P0027,Caixa de Som Bluetooth JBL,Áudio,2.0,549.9,0.0444,2025-01-31,2025-01-31
ORD00665,2025-01-24,Cliente_418,Benício Monteiro,Nova Iguaçu,RJ,Sudeste,P0017,ACER Notebook Gamer Nitro,Informática,3.0,4604.0,0.0354,2025-01-30,2025-02-09
ORD00666,2025-01-24,Cliente_422,Renan Conceição Ribeiro,Uberlândia,MG,Sudeste,P0008,Película de Vidro 3D Galaxy A30s,Acessórios Mobile,4.0,,0.1247,2025-01-27,2025-01-27
ORD00667,2025-01-24,Cliente_430,Guilherme Silveira Gomes,Caxias do Sul,RS,Sul,P0011,"Soundbar Samsung com 2.1 canais, Dolby Digital",Áudio,4.0,1072.0,0.0881,2025-01-27,2025-01-26
ORD00668,2025-01-24,Cliente_433,Clarice Vieira,Uberlândia,MG,Sudeste,P0009,Smart TV 32” Philco LED Roku TV,TV e Projeção,1.0,949.0,0.0184,2025-01-31,2025-01-31
ORD00669,2025-01-24,Cliente_434,Isadora Jesus Araújo,Caxias,MA,Nordeste,P0018,"Monitor UHD Samsung 32""",Informática,1.0,1626.57,0.1062,2025-01-30,2025-02-04
ORD00670,2025-01-24,Cliente_436,Daniel Carvalho,Itajaí,SC,Sul,P0012,"Soundbar Tomate MTS-2017, Bivolt",Áudio,4.0,769.9,0.0196,2025-01-27,2025-01-29
ORD00671,2025-01-24,Cliente_440,Ian Campos Gonçalves,Nova Iguaçu,RJ,Sudeste,P0004,Carregador Turbo Tipo-C 50w,Acessórios Mobile,2.0,53.9,0.1131,2025-01-27,2025-01-26
ORD00672,2025-01-24,Cliente_442,Gabriela Novaes,Londrina,PR,Sul,P0011,"Soundbar Samsung com 2.1 canais, Dolby Digital",Áudio,3.0,1072.0,0.1434,2025-01-27,2025-01-27
ORD00673,2025-01-24,Cliente_499,Isabel Nogueira,Caicó,RN,Nordeste,P0027,Caixa de Som Bluetooth JBL,Áudio,1.0,549.9,0.0367,2025-01-30,2025-02-03
ORD00674,2025-01-24,Cliente_506,Juliana Barbosa,Bacabal,MA,Nordeste,P0027,Caixa de Som Bluetooth JBL,Áudio,1.0,549.9,0.0237,2025-02-01,2025-01-30
ORD00675,2025-01-24,Cliente_545,Felipe Cardoso,Florianópolis,SC,Sul,P0003,Carregador Turbo USB-C 30W,Acessórios Mobile,1.0,49.9,0.0307,2025-01-26,2025-01-25
ORD00676,2025-01-25,Cliente_058,Sr. Nathan Peixoto,Itacoatiara,AM,Norte,P0015,Fone de Ouvido Profissional AKG K92,Áudio,2.0,428.99,0.193,2025-01-29,2025-01-27
ORD00677,2025-01-25,Cliente_062,Rodrigo da Paz,Uberlândia,MG,Sudeste,P0015,Fone de Ouvido Profissional AKG K92,Áudio,2.0,428.99,0.21,2025-01-29,2025-01-29
ORD00678,2025-01-25,Cliente_074,Luiz Fernando Freitas,Duque de Caxias,RJ,Sudeste,P0001,Samsung Galaxy A36,Smartphones e Tablets,4.0,1979.1,0.1055,2025-02-01,2025-02-01
ORD00679,2025-01-25,Cliente_074,Luiz Fernando Freitas,Duque de Caxias,RJ,Sudeste,P0018,"Monitor UHD Samsung 32""",Informática,3.0,1626.57,0.1092,2025-01-29,2025-01-28
ORD00680,2025-01-25,Cliente_094,Daniel Martins,Teresina,PI,Nordeste,P0004,Carregador Turbo Tipo-C 50w,Acessórios Mobile,2.0,53.9,0.176,2025-01-31,2025-01-31
ORD00681,2025-01-25,Cliente_119,Daniel Costa,Jaboatão dos Guararapes,PE,Nordeste,P0026,Cabo USB-C Trançado 2m,Acessórios Mobile,3.0,34.9,0.0636,2025-01-30,2025-01-30
ORD00682,2025-01-25,Cliente_130,Isadora Rocha,Itajaí,SC,Sul,P0002,Samsung Galaxy Tab S6 Lite,Smartphones e Tablets,2.0,1799.01,0.118,2025-01-30,2025-01-29
ORD00683,2025-01-25,Cliente_165,Maria Fernanda Teixeira,Duque de Caxias,RJ,Sudeste,P0027,Caixa de Som Bluetooth JBL,Áudio,2.0,549.9,0.0268,2025-01-28,2025-01-27
ORD00684,2025-01-25,Cliente_192,Davi Lucas Pires,Chapecó,SC,Sul,P0010,"Smart TV LED 32""Samsung LED Tizen TV",TV e Projeção,3.0,1079.0,0.1364,2025-01-28,2025-01-28
ORD00685,2025-01-25,Cliente_199,João Guilherme Fogaça,Ananindeua,PA,Norte,P0027,Caixa de Som Bluetooth JBL,Áudio,2.0,549.9,0.0507,2025-01-30,2025-01-31
ORD00686,2025-01-25,Cliente_208,Vitor Araújo,Betim,MG,Sudeste,P0013,"Projetor Smart Epson EpiqVision, FULL HD",TV e Projeção,1.0,3049.99,0.0408,2025-01-27,2025-01-26
ORD00687,2025-01-25,Cliente_215,Olivia Souza,Camaçari,BA,Nordeste,P0020,Teclado Mecanico Fizz,Informática,4.0,174.9,0.1045,2025-01-29,2025-01-29
ORD00688,2025-01-25,Cliente_264,Sr. Noah da Paz,Itacoatiara,AM,Norte,P0025,Webcam Logitech Full HD, Informática,2.0,329.9,0.0671,2025-01-29,2025-01-28
ORD00689,2025-01-25,Cliente_275,Marina Caldeira,Porto Alegre,RS,Sul,P0005,"Fone de Ouvido Sem Fio TWS, PHILIPS ",Áudio,4.0,124.91,0.0246,2025-01-28,2025-01-28
ORD00690,2025-01-25,Cliente_300,Dra. Maria Sophia Nogueira,Chapecó,SC,Sul,P0016,Fone de Ouvido Profissional EDIFIER WH950NB,Áudio,3.0,899.0,0.0213,2025-01-30,2025-01-31
ORD00691,,Cliente_312,Juan Araújo,Bacabal,MA,Nordeste,P0020,Teclado Mecanico Fizz,Informática,4.0,174.9,0.0602,2025-01-30,2025-01-30
ORD00692,2025-01-25,Cliente_330,Rebeca Farias,Cascavel,PR,Sul,P0027,Caixa de Som Bluetooth JBL,Áudio,1.0,549.9,0.0357,2025-01-31,2025-01-29
ORD00693,2025-01-25,Cliente_359,Maria Eduarda Silveira,Vila Velha,ES,Sudeste,P0024,Memória Kingston Fury 16GB DDR5,Informática,4.0,389.9,0.1223,2025-01-31,2025-02-05
ORD00694,2025-01-25,Cliente_384,Brenda Monteiro,Santana,AP,Norte,P0024,Memória Kingston Fury 16GB DDR5,Informática,4.0,389.9,0.1621,2025-02-01,2025-01-30
ORD00695,2025-01-25,cliente_394,Eduardo Oliveira,Ribeirão Preto,SP,Sudeste,P0004,Carregador Turbo Tipo-C 50w,Acessórios Mobile,2.0,53.9,0.1385,2025-01-29,2025-01-28
ORD00696,2025-01-25,Cliente_413,Raul Rezende,Sobral,CE,Nordeste,P0007,Película para iPhone 14Pro Anti impacto,Acessórios Mobile,3.0,51.8,0.1186,2025-01-29,2025-01-28
ORD00697,2025-01-25,Cliente_415,Dra. Ana Carolina da Rocha,Maringá,PR,Sul,P0004,Carregador Turbo Tipo-C 50w,Acessórios Mobile,4.0,53.9,0.1005,2025-01-27,2025-01-31
ORD00698,2025-01-25,Cliente_424,João Pereira,Caxias do Sul,RS,Sul,P0025,Webcam Logitech Full HD,Informática,4.0,329.9,0.0726,2025-01-30,2025-01-30
ORD00699,2025-01-25,Cliente_436,Daniel Carvalho,Itajaí,SC,Sul,P0015,Fone de Ouvido Profissional AKG K92,Áudio,3.0,428.99,0.1911,2025-01-29,2025-02-02
ORD00700,2025-01-25,Cliente_437,Miguel Castro,Santo André,SP,Sudeste,P0027,Caixa de Som Bluetooth JBL,Áudio,2.0,549.9,0.036,2025-01-30,2025-01-28
ORD00701,2025-01-25,Cliente_480,Eloah Rezende,Itajaí,SC,Sul,P0018,"Monitor UHD Samsung 32""",Informática,1.0,1626.57,0.0476,2025-01-29,2025-01-29
ORD00702,2025-01-25,Cliente_506,Juliana Barbosa,Bacabal,MA,Nordeste,P0012,"Soundbar Tomate MTS-2017, Bivolt",Áudio,4.0,769.9,0.0532,2025-01-29,2025-01-29
ORD00703,2025-01-25,Cliente_517,Letícia Cunha,Parnamirim,RN,Nordeste,P0008,Película de Vidro 3D Galaxy A30s,Acessórios Mobile,2.0,17.9,0.0589,2025-02-01,2025-02-02
ORD00704,2025-01-25,Cliente_528,Thiago Mata Mendes,Niterói,RJ,Sudeste,P0008,Película de Vidro 3D Galaxy A30s,Acessórios Mobile,1.0,17.9,0.1331,2025-01-28,2025-01-28
ORD00705,2025-01-26,Cliente_068,Stephany Moreira,Curitiba,PR,Sul,P0025,Webcam Logitech Full HD,Informática,3.0,329.9,0.0816,2025-01-31,2025-01-30
ORD00706,2025-01-26,Cliente-181,Davi Luiz da Conceição,Floriano,PI,Nordeste,P0012,"Soundbar Tomate MTS-2017, Bivolt",Áudio,2.0,769.9,0.0374,2025-01-29,2025-02-01
ORD00707,2025-01-26,Cliente_215,Olivia Souza,Camaçari,BA,Nordeste,P0003,Carregador Turbo USB-C 30W,Acessórios Mobile,1.0,49.9,0.027,2025-01-31,2025-01-31
ORD00708,,Cliente_218,Isabel Pereira,Vila Velha,ES,Sudeste,P0024,Memória Kingston Fury 16GB DDR5,Informática,3.0,389.9,0.0762,2025-01-30,2025-01-29
ORD00709,2025-01-26,Cliente_243,Laura da Cunha,Maringá,PR,Sul,P0012,"Soundbar Tomate MTS-2017, Bivolt",Áudio,4.0,769.9,0.0351,2025-01-30,2025-01-29
ORD00710,2025-01-26,Cliente_247,João Moraes,Campinas,SP,Sudeste,P0012,"Soundbar Tomate MTS-2017, Bivolt",Áudio,2.0,769.9,0.0378,2025-01-31,2025-01-31
ORD00711,2025-01-26,Cliente_266,Caroline Carvalho,Cruzeiro do Sul,AC,Norte,P0020,Teclado Mecanico Fizz,Informática,4.0,174.9,0.1291,2025-02-01,2025-01-30
ORD00712,2025-01-26,Cliente_272,Julia Freitas,Salvador,BA,Nordeste,P0013,"Projetor Smart Epson EpiqVision, FULL HD",TV e Projeção,2.0,3049.99,0.0896,2025-02-01,2025-02-11
ORD00713,2025-01-26,Cliente_347,Murilo Cunha,Porto Nacional,TO,Norte,P0015,Fone de Ouvido Profissional AKG K92,Áudio,4.0,428.99,0.1989,2025-02-03,2025-02-03
ORD00714,2025-01-26,Cliente_357,Amanda Araújo,Araguaína,TO,Norte,P0016,Fone de Ouvido Profissional EDIFIER WH950NB,Áudio,1.0,899.0,0.0334,2025-02-03,2025-02-03
ORD00715,2025-01-26,Cliente_368,Bryan da Mota,Lagarto,SE,Nordeste,P0010,"Smart TV LED 32""Samsung LED Tizen TV",TV e Projeção,2.0,1079.0,0.0723,2025-01-30,2025-01-29
ORD00716,2025-01-26,Cliente_406,Laís da Costa,Juiz de Fora,MG,Sudeste,P0016,Fone de Ouvido Profissional EDIFIER WH950NB,Áudio,4.0,899.0,0.0356,2025-02-01,2025-02-02
ORD00717,2025-01-26,Cliente_419,Rafaela Mata,Santa Rita,PB,Nordeste,P0024,Memória Kingston Fury 16GB DDR5,Informática,1.0,389.9,0.0512,2025-01-31,2025-01-31
ORD00718,2025-01-26,Cliente_423,Clarice Barros,Santo André,SP,Sudeste,P0015,Fone de Ouvido Profissional AKG K92,Áudio,4.0,428.99,0.1955,2025-02-01,2025-01-30
ORD00719,2025-01-26,Cliente_483,Melissa Gomes,Blumenau,SC,Sul,P0004,Carregador Turbo Tipo-C 50w,Acessórios Mobile,4.0,53.9,0.0883,2025-01-30,2025-01-30
ORD00720,2025-01-26,Cliente_509,Sophie Almeida,Cascavel,PR,Sul,P0021,SSD Crucial 1TB NVMe M.2,Informática,4.0,449.0,0.0325,2025-01-31,2025-01-30
ORD00721,2025-01-27,Cliente_008,Thales Pereira,Cascavel,PR,Sul,P0008,Película de Vidro 3D Galaxy A30s,Acessórios Mobile,3.0,17.9,0.1737,2025-02-02,2025-02-02
ORD00722,2025-01-27,Cliente_013,Luiza Silva,Natal,RN,Nordeste,P0025,Webcam Logitech Full HD,Informática,2.0,329.9,0.0896,2025-02-02,2025-02-01
ORD00723,2025-01-27,Cliente_021,Mirella Rodrigues,Ribeirão Preto,SP,Sudeste,P0016,Fone de Ouvido Profissional EDIFIER WH950NB,Áudio,3.0,899.0,0.0664,2025-02-02,2025-02-01
ORD00724,2025-01-27,Cliente_033,Lucca Cardoso,Ji-Paraná,RO,Norte,P0018,"Monitor UHD Samsung 32""",Informática,1.0,1626.57,0.0362,2025-02-02,2025-02-01
ORD00725,2025-01-27,Cliente_036,Bryan Pires,Manacapuru,AM,Norte,P0023,Tablet Lenovo Tab M11,Smartphones e Tablets,4.0,1399.9,0.0477,2025-02-02,2025-01-31
ORD00726,2025-01-27,Cliente_057,Sr. Antônio Ramos,Sena Madureira,AC,Norte,P0008,Película de Vidro 3D Galaxy A30s,Acessórios Mobile,4.0,17.9,0.2105,2025-02-05,2025-02-05
ORD00727,2025-01-27,Cliente_062,Rodrigo da Paz,Uberlândia,MG,Sudeste,P0020,Teclado Mecanico Fizz,Informática,2.0,174.9,0.1386,2025-01-31,2025-01-31
ORD00728,2025-01-27,Cliente_066,Antônio Moraes,Cascavel,PR,Sul,P0027,Caixa de Som Bluetooth JBL,Áudio,3.0,549.9,0.0411,2025-02-01,2025-01-29
ORD00729,2025-01-27,Cliente_102,Dr. Miguel Cunha,Gravataí,RS,Sul,P0015,Fone de Ouvido Profissional AKG K92,Áudio,4.0,428.99,0.1655,2025-02-01,2025-02-03
ORD00730,2025-01-27,Cliente_106,Nicolas Costela,Contagem,MG,Sudeste,P0027,Caixa de Som Bluetooth JBL,Áudio,,549.9,0.0148,2025-01-29,2025-01-29
ORD00731,2025-01-27,Cliente_119,Daniel Costa,Jaboatão dos Guararapes,PE,Nordeste,P0004,Carregador Turbo Tipo-C 50w,Acessórios Mobile,4.0,53.9,0.0807,2025-02-03,2025-02-04
ORD00732,2025-01-27,Cliente_126,Luiz Fernando da Costa,Juiz de Fora,MG,Sudeste,P0021,SSD Crucial 1TB NVMe M.2,Informática,2.0,,0.0211,2025-01-29,2025-01-29
ORD00733,2025-01-27,Cliente_164,Breno Rezende,Currais Novos,RN,Nordeste,P0020,Teclado Mecanico Fizz,Informática,3.0,174.9,0.0671,2025-02-03,2025-02-02
ORD00734,2025-01-27,Cliente_212,Letícia Carvalho,Juiz de Fora,MG,Sudeste,P0027,Caixa de Som Bluetooth JBL,Áudio,2.0,549.9,0.0264,2025-01-30,2025-01-30
ORD00735,2025-01-27,Cliente_218,Isabel Pereira,Vila Velha,ES,Sudeste,P0004,Carregador Turbo Tipo-C 50w,Acessórios Mobile,4.0,53.9,0.0932,2025-01-29,2025-01-28
ORD00736,2025-01-27,Cliente_218,Isabel Pereira,Vila Velha,ES,Sudeste,P0012,"Soundbar Tomate MTS-2017, Bivolt",Áudio,3.0,769.9,0.0242,2025-01-31,2025-02-03
ORD00737,2025-01-27,Cliente_234,Leonardo Oliveira,Maringá,PR,Sul,P0004,Carregador Turbo Tipo-C 50w,Acessórios Mobile,4.0,53.9,0.1778,2025-02-02,2025-02-02
ORD00738,2025-01-27,Cliente_264,Sr. Noah da Paz,Itacoatiara,AM,Norte,P0011,"Soundbar Samsung com 2.1 canais, Dolby Digital",Áudio,1.0,1072.0,0.0735,2025-01-31,2025-02-03
ORD00739,2025-01-27,Cliente_273,Leonardo Melo,Sobral,CE,Nordeste,P0020,Teclado Mecanico Fizz,Informática,2.0,174.9,0.0538,2025-02-02,2025-02-01
ORD00740,2025-01-27,cliente#275,Marina Caldeira,Porto Alegre,RS,Sul,P0013,"Projetor Smart Epson EpiqVision, FULL HD",TV e Projeção,2.0,3049.99,0.0686,2025-02-02,2025-02-01
ORD00741,2025-01-27,Cliente_281,Letícia da Luz,Campina Grande,PB,Nordeste,P0011,"Soundbar Samsung com 2.1 canais, Dolby Digital",Áudio,1.0,1072.0,0.1312,2025-02-03,2025-01-31
ORD00742,2025-01-27,Cliente_300,Dra. Maria Sophia Nogueira,Chapecó,SC,Sul,P0002,Samsung Galaxy Tab S6 Lite,Smartphones e Tablets,2.0,1799.01,0.0524,2025-01-30,2025-01-29
ORD00743,2025-01-27,Cliente_301,Sarah Melo,Curitiba,PR,Sul,P0027,Caixa de Som Bluetooth JBL,Áudio,2.0,549.9,0.0567,2025-01-31,2025-01-31
ORD00744,2025-01-27,Cliente_312,Juan Araújo,Bacabal,MA,Nordeste,P0013,"Projetor Smart Epson EpiqVision, FULL HD",TV e Projeção,2.0,3049.99,0.0511,2025-01-29,2025-01-28
ORD00745,2025-01-27,Cliente_322,Ana Vitória Costela,Caxias do Sul,RS,Sul,P0016,Fone de Ouvido Profissional EDIFIER WH950NB,Áudio,,899.0,0.0326,2025-01-29,2025-02-02
ORD00746,2025-01-27,Cliente_324,João Guilherme Araújo,Nova Iguaçu,RJ,Sudeste,P0009,Smart TV 32” Philco LED Roku TV,TV e Projeção,2.0,949.0,0.0357,2025-01-31,2025-02-04
ORD00747,2025-01-27,Cliente_326,Emanuella Porto,Ferreira Gomes,AP,Norte,P0020,Teclado Mecanico Fizz,Informática,2.0,174.9,0.1357,2025-01-31,2025-01-30
ORD00748,2025-01-27,Cliente_332,Júlia Moraes,São Bernardo do Campo,SP,Sudeste,P0027,Caixa de Som Bluetooth JBL,Áudio,4.0,549.9,0.0823,2025-02-01,2025-02-01
ORD00749,2025-01-27,Cliente_340,Bruno Cardoso,Gravataí,RS,Sul,P0016,Fone de Ouvido Profissional EDIFIER WH950NB,Áudio ,4.0,,0.0444,2025-01-31,2025-01-31
ORD00750,2025-01-27,Cliente_344,Davi da Rocha,Duque de Caxias,RJ,Sudeste,P0012,"Soundbar Tomate MTS-2017, Bivolt",Áudio,1.0,769.9,0.0218,2025-01-29,2025-01-29
ORD00751,2025-01-27,Cliente_356,Matheus Ribeiro,Londrina,PR,Sul,P0027,Caixa de Som Bluetooth JBL,Áudio,3.0,549.9,0.0513,2025-01-31,2025-01-31
ORD00752,2025-01-27,Cliente_360,Mariane Campos,Teresina,PI,Nordeste,P0017,ACER Notebook Gamer Nitro,Informática,1.0,4604.0,0.0709,2025-02-01,2025-02-01
ORD00753,2025-01-27,Cliente_386,Diego Cavalcanti,Mucajaí,RR,Norte,P0027,Caixa de Som Bluetooth JBL,Áudio,2.0,549.9,0.0446,2025-02-02,2025-02-01
ORD00754,2025-01-27,Cliente_406,Laís da Costa,Juiz de Fora,MG,Sudeste,P0027,Caixa de Som Bluetooth JBL,Áudio,3.0,549.9,0.0421,2025-01-31,2025-01-30
ORD00755,2025-01-27,Cliente_409,Eloah Silva,Sobral,CE,Nordeste,P0006,Fone de ouvido Sem Fio QCY T27,Áudio,1.0,129.86,0.0297,2025-01-30,2025-02-04
ORD00756,2025-01-27,cliente_418,Benício Monteiro,Nova Iguaçu,RJ,Sudeste,P0027,Caixa de Som Bluetooth JBL,Áudio,2.0,549.9,0.0292,2025-01-29,2025-01-28
ORD00757,2025-01-27,Cliente_421,Kaique Oliveira Aragão,Campinas,SP,Sudeste,P0004,Carregador Turbo Tipo-C 50w,Acessórios Mobile,1.0,53.9,0.1819,2025-01-31,2025-01-31
ORD00758,2025-01-27,Cliente_432,Davi Gomes Nogueira,Uberlândia,MG,Sudeste,P0005,"Fone de Ouvido Sem Fio TWS, PHILIPS",Áudio,3.0,124.91,0.0269,2025-01-29,2025-01-29
ORD00759,2025-01-27,Cliente_436,Daniel Carvalho,Itajaí,SC,Sul,P0010,"Smart TV LED 32""Samsung LED Tizen TV",TV e Projeção ,1.0,1079.0,0.0922,2025-01-30,2025-01-28
ORD00760,2025-01-27,Cliente_446,Fernanda Silveira Gomes,Blumenau,SC,Sul,P0015,Fone de Ouvido Profissional AKG K92,Áudio,3.0,428.99,0.1737,2025-02-01,2025-02-01
ORD00761,2025-01-27,Cliente_462,Srta. Cruz,Vitória,ES,Sudeste,P0016,Fone de Ouvido Profissional EDIFIER WH950NB,Áudio,3.0,899.0,0.0271,2025-01-31,2025-01-29
ORD00762,2025-01-27,Cliente_491,Thiago Teixeira Moreira,Ponta Grossa,PR,Sul,P0010,"Smart TV LED 32""Samsung LED Tizen TV",TV e Projeção,1.0,1079.0,0.0626,2025-01-31,2025-02-02
ORD00763,2025-01-27,Cliente_491,Thiago Teixeira Moreira,Ponta Grossa,PR,Sul,P0025,Webcam Logitech Full HD,Informática,2.0,329.9,0.0613,2025-01-29,2025-01-30
ORD00764,2025-01-27,Cliente_512,Kaique Mata,Camaçari,BA,Nordeste,P0008,Película de Vidro 3D Galaxy A30s,Acessórios Mobile,3.0,17.9,0.1864,2025-02-02,2025-02-02
ORD00765,2025-01-28,Cliente_043,Luiz Fernando Moura,Vilhena,RO,Norte,P0015,Fone de Ouvido Profissional AKG K92,Áudio,2.0,428.99,0.1314,2025-02-01,2025-02-01
ORD00766,2025-01-28,Cliente_052,Ana Beatriz Freitas,Ponta Grossa,PR,Sul,P0011,"Soundbar Samsung com 2.1 canais, Dolby Digital",Áudio,3.0,1072.0,0.074,2025-02-02,2025-02-05
ORD00767,2025-01-28,Cliente_054,Benício Aragão,Caxias do Sul,RS,Sul,P0025,Webcam Logitech Full HD,Informática,1.0,329.9,0.0575,2025-02-01,2025-01-31
ORD00768,2025-01-28,Cliente_119,Daniel Costa,Jaboatão dos Guararapes,PE,Nordeste,P0015,Fone de Ouvido Profissional AKG K92,Áudio,3.0,428.99,0.1871,2025-02-04,2025-02-02
ORD00769,2025-01-28,Cliente_124,Srta. Ana Júlia Pereira,Santo André,SP,Sudeste,P0016,Fone de Ouvido Profissional EDIFIER WH950NB,Áudio,1.0,899.0,0.0477,2025-01-31,2025-01-29
ORD00770,2025-01-28,Cliente_165,Maria Fernanda Teixeira,Duque de Caxias,RJ,Sudeste,P0021,SSD Crucial 1TB NVMe M.2,Informática,3.0,449.0,0.0482,2025-02-02,2025-02-01
ORD00771,2025-01-28,Cliente223,Felipe da Cunha,Tarauacá,AC,Norte,P0021,SSD Crucial 1TB NVMe M.2,Informática,1.0,449.0,0.0372,2025-02-03,2025-02-05
ORD00772,2025-01-28,Cliente_253,Mariane Lopes,Estância,SE,Nordeste,P0004,Carregador Turbo Tipo-C 50w,Acessórios Mobile,4.0,53.9,0.0951,2025-02-03,2025-02-03
ORD00773,,Cliente_259,Melissa da Rocha,São Bernardo do Campo,SP,Sudeste,P0026,Cabo USB-C Trançado 2m,Acessórios Mobile,4.0,,0.0478,2025-02-01,2025-01-30
ORD00774,2025-01-28,Cliente_326,Emanuella Porto,Ferreira Gomes,AP,Norte,P0018,"Monitor UHD Samsung 32""",Informática,3.0,1626.57,0.072,2025-02-02,2025-02-02
ORD00775,2025-01-28,Cliente_340,Bruno Cardoso,Gravataí,RS,Sul,P0013,"Projetor Smart Epson EpiqVision, FULL HD",TV e Projeção,1.0,3049.99,0.0958,2025-01-30,2025-01-29
ORD00776,2025-01-28,Cliente_340,Bruno Cardoso,Gravataí,RS,Sul,P0015,Fone de Ouvido Profissional AKG K92,Áudio,4.0,428.99,0.1506,2025-01-30,2025-02-04
ORD00777,2025-01-28,Cliente_365,Diogo Nascimento,Vila Velha,ES,Sudeste,P0017,ACER Notebook Gamer Nitro,Informática,1.0,4604.0,0.0875,2025-02-01,2025-02-01
ORD00778,2025-01-28,Cliente_379,Maitê da Conceição,Manaus,AM,Norte,P0004,Carregador Turbo Tipo-C 50w,Acessórios Mobile,2.0,53.9,0.0577,2025-02-02,2025-02-03
ORD00779,2025-01-28,Cliente_389,Kevin Oliveira,Londrina,PR,Sul,P0008,Película de Vidro 3D Galaxy A30s,Acessórios Mobile,4.0,17.9,0.167,2025-02-01,2025-02-01
ORD00780,2025-01-28,Cliente_397,Isabella Gonçalves,Vitória,ES,Sudeste,P0022,Smartphone Motorola Edge 50 Neo,Smartphones e Tablets,4.0,2299.9,0.067,2025-01-31,2025-02-01
ORD00781,2025-01-28,Cliente_406,Laís da Costa,Juiz de Fora,MG,Sudeste,P0006,Fone de ouvido Sem Fio QCY T27,Áudio,1.0,129.86,0.0811,2025-01-31,2025-01-31
ORD00782,2025-01-28,Cliente_513,Bryan Pereira,Londrina,PR,Sul,P0008,Película de Vidro 3D Galaxy A30s,Acessórios Mobile,1.0,17.9,0.0912,2025-01-31,2025-01-29
ORD00783,2025-01-28,Cliente_530,Pietra Farias Novaes,Juazeiro do Norte,CE,Nordeste,P0024,Memória Kingston Fury 16GB DDR5,Informática,1.0,389.9,0.0674,2025-02-02,2025-02-02
ORD00784,2025-01-28,Cliente_545,Felipe Cardoso,Florianópolis,SC,Sul,P0005,"Fone de Ouvido Sem Fio TWS, PHILIPS",Áudio,3.0,124.91,0.0251,2025-02-02,2025-01-31
ORD00785,,Cliente_550,Levi Duarte,Serra,ES,Sudeste,P0026,Cabo USB-C Trançado 2m,Acessórios Mobile,4.0,34.9,0.0933,2025-02-01,2025-02-01
ORD00786,2025-01-29,Cliente_007,Helena Souza,Feira de Santana,BA,Nordeste,P0027,Caixa de Som Bluetooth JBL,Áudio,3.0,549.9,0.0649,2025-02-07,2025-02-07
ORD00787,2025-01-29,Cliente_022,Lívia Gomes,Vitória,ES,Sudeste,P0007,Película para iPhone 14Pro Anti impacto,Acessórios Mobile,3.0,51.8,0.0538,2025-02-01,2025-01-31
ORD00788,2025-01-29,Cliente_034,Clarice Barbosa,Ji-Paraná,RO,Norte,P0001,Samsung Galaxy A36,Smartphones e Tablets,2.0,1979.1,0.07,2025-02-01,2025-02-01
ORD00789,2025-01-29,Cliente_052,Ana Beatriz Freitas,Ponta Grossa,PR,Sul,P0020,Teclado Mecanico Fizz,Informática,2.0,174.9,0.1121,2025-02-02,2025-02-01
ORD00790,2025-01-29,Cliente_053!!,Pedro Moreira,Campinas,SP,Sudeste,P0023,Tablet Lenovo Tab M11,Smartphones e Tablets,2.0,1399.9,0.1085,2025-02-01,2025-02-02
ORD00791,2025-01-29,Cliente_063,Bryan Nascimento,Juazeiro do Norte,CE,Nordeste,P0027,Caixa de Som Bluetooth JBL,Áudio,4.0,549.9,0.036,2025-02-01,2025-01-30
ORD00792,2025-01-29,Cliente_122,Natália Silva,Cascavel,PR,Sul,P0009,Smart TV 32” Philco LED Roku TV,TV e Projeção,2.0,949.0,0.0257,2025-02-01,2025-02-01
ORD00793,2025-01-29,Cliente_153,Enrico Dias,Manacapuru,AM,Norte,P0004,Carregador Turbo Tipo-C 50w,Acessórios Mobile,2.0,53.9,0.0444,2025-02-03,2025-02-05
ORD00794,2025-01-29,Cliente_209,Eduarda Nunes,Recife,PE,Nordeste,P0027,Caixa de Som Bluetooth JBL,Áudio,,549.9,0.0181,2025-02-01,2025-02-01
ORD00795,2025-01-29,Cliente_215,Olivia Souza,Camaçari,BA,Nordeste,P0010,"Smart TV LED 32""Samsung LED Tizen TV",TV e Projeção,1.0,1079.0,0.0554,2025-02-02,2025-02-02
ORD00796,2025-01-29,Cliente_218,Isabel Pereira,Vila Velha,ES,Sudeste,P0005,"Fone de Ouvido Sem Fio TWS, PHILIPS",Áudio,3.0,124.91,0.0297,2025-02-01,2025-02-02
ORD00797,2025-01-29,Cliente_230,Maria Nogueira,Bayeux,PB,Nordeste,P0020,Teclado Mecanico Fizz,Informática,2.0,174.9,0.0929,2025-02-04,2025-02-04
ORD00798,2025-01-29,Cliente_230,Maria Nogueira,Bayeux,PB,Nordeste,P0024,Memória Kingston Fury 16GB DDR5,Informática,3.0,389.9,0.0827,2025-02-04,2025-02-03
ORD00799,2025-01-29,Cliente_256,Daniela Fogaça,Florianópolis,SC,Sul,P0001,Samsung Galaxy A36,Smartphones e Tablets,1.0,1979.1,0.1068,2025-02-01,2025-02-01
ORD00800,2025-01-29,Cliente_270,Marina Freitas,Itacoatiara,AM,Norte,P0015,Fone de Ouvido Profissional AKG K92,Áudio,4.0,428.99,0.2165,2025-02-03,2025-02-02
ORD00801,2025-01-29,Cliente_282,Dr. Luiz Felipe Lopes,Niterói,RJ,Sudeste,P0026,Cabo USB-C Trançado 2m,Acessórios Mobile,4.0,34.9,0.0516,2025-02-01,2025-02-02
ORD00802,2025-01-29,Cliente_300,Dra. Maria Sophia Nogueira,Chapecó,SC,Sul,P0014,Projetor EPSON Powerlite Wide Screen,TV e Projeção,4.0,2742.13,0.1723,2025-02-02,2025-02-05
ORD00803,2025-01-29,Cliente_305,Ana Julia Pires,Uberlândia,MG,Sudeste,P0008,Película de Vidro 3D Galaxy A30s,Acessórios Mobile,2.0,17.9,0.1227,2025-02-05,2025-02-04
ORD00804,2025-01-29,Cliente_312,Juan Araújo,Bacabal,MA,Nordeste,P0026,Cabo USB-C Trançado 2m,Acessórios Mobile,4.0,34.9,0.0638,2025-02-02,2025-02-02
ORD00805,2025-01-29,Cliente_322,Ana Vitória Costela,Caxias do Sul,RS,Sul,P0008,Película de Vidro 3D Galaxy A30s,Acessórios Mobile,2.0,17.9,0.096,2025-02-04,2025-02-01
ORD00806,2025-01-29,Cliente_356,Matheus Ribeiro,Londrina,PR,Sul,P0010,"Smart TV LED 32""Samsung LED Tizen TV",TV e Projeção ,3.0,1079.0,0.0744,2025-02-05,2025-02-05
ORD00807,2025-01-29,Cliente_381,Fernanda Rocha,Ribeirão Preto,SP,Sudeste,P0002,Samsung Galaxy Tab S6 Lite,Smartphones e Tablets,2.0,1799.01,0.0697,2025-02-04,2025-02-02
ORD00808,2025-01-29,Cliente_395,Luiz Henrique Castro,Betim,MG,Sudeste,P0011,"Soundbar Samsung com 2.1 canais, Dolby Digital",Áudio,2.0,1072.0,0.1064,2025-02-04,2025-02-03
ORD00809,2025-01-29,Cliente_446,Fernanda Silveira Gomes,Blumenau,SC,Sul,P0016,Fone de Ouvido Profissional EDIFIER WH950NB,Áudio,1.0,899.0,0.04,2025-01-31,2025-01-31
ORD00810,2025-01-29,Cliente_484,Rafael Novaes Nogueira,Santa Maria,RS,Sul,P0015,Fone de Ouvido Profissional AKG K92,Áudio,2.0,428.99,0.2315,2025-02-02,2025-02-01
ORD00811,2025-01-29,Cliente_492,Nathan Correia,Londrina,PR,Sul,P0020,Teclado Mecanico Fizz,Informática,2.0,174.9,0.0834,2025-02-06,2025-02-05
ORD00812,2025-01-29,Cliente_521,Lívia Ferreira,Gravataí,RS,Sul,P0022,Smartphone Motorola Edge 50 Neo,Smartphones e Tablets,2.0,2299.9,0.0545,2025-02-02,2025-02-06
ORD00813,2025-01-30,Cliente_012,Dr. Arthur da Cunha,Caracaraí,RR,Norte,P0018,"Monitor UHD Samsung 32""",Informática,2.0,1626.57,0.0268,2025-02-03,2025-02-06
ORD00814,2025-01-30,Cliente_060,Kaique Gomes,São Bernardo do Campo,SP,Sudeste,P0020,Teclado Mecanico Fizz,Informática,2.0,174.9,0.1372,2025-02-04,2025-02-03
ORD00815,2025-01-30,Cliente_086,Srta. Heloísa Moraes,Pelotas,RS,Sul,P0001,Samsung Galaxy A36,Smartphones e Tablets,1.0,1979.1,0.095,2025-02-04,2025-02-06
ORD00816,2025-01-30,Cliente_138,Pedro Nascimento,Uberlândia,MG,Sudeste,P0024,Memória Kingston Fury 16GB DDR5,Informática,4.0,389.9,0.1704,2025-02-03,2025-02-02
ORD00817,2025-01-30,Cliente_153,Enrico Dias,Manacapuru,AM,Norte,P0002,Samsung Galaxy Tab S6 Lite,Smartphones e Tablets,2.0,,0.0691,2025-02-07,2025-02-07
ORD00818,2025-01-30,Cliente_220,Larissa da Paz,Caucaia,CE,Nordeste,P0020,Teclado Mecanico Fizz,Informática,4.0,174.9,0.0508,2025-02-05,2025-02-03
ORD00819,2025-01-30,Cliente_244,Maria Vitória Martins,Rio de Janeiro,RJ,Sudeste,P0008,Película de Vidro 3D Galaxy A30s,Acessórios Mobile,2.0,17.9,0.1288,2025-02-03,2025-02-01
ORD00820,2025-01-30,Cliente266,Caroline Carvalho,Cruzeiro do Sul,AC,Norte,P0020,Teclado Mecanico Fizz,Informática,2.0,174.9,0.1157,2025-02-05,2025-02-04
ORD00821,2025-01-30,Cliente_270,Marina Freitas,Itacoatiara,AM,Norte,P0007,Película para iPhone 14Pro Anti impacto,Acessórios Mobile,4.0,51.8,0.1526,2025-02-03,2025-02-07
ORD00822,2025-01-30,Cliente_368,Bryan da Mota,Lagarto,SE,Nordeste,P0016,Fone de Ouvido Profissional EDIFIER WH950NB,Áudio,1.0,899.0,0.0275,2025-02-03,2025-02-03
ORD00823,2025-01-30,Cliente_372,Diego Silva,Caracaraí,RR,Norte,P0008,Película de Vidro 3D Galaxy A30s,Acessórios Mobile,2.0,17.9,0.073,2025-02-06,2025-02-05
ORD00824,2025-01-30,Cliente_377,Lucas Castro,Rio Branco,AC,Norte,P0008,Película de Vidro 3D Galaxy A30s,Acessórios Mobile,4.0,17.9,0.0972,2025-02-04,2025-02-07
ORD00825,2025-01-30,Cliente_379,Maitê da Conceição,Manaus,AM,Norte,P0021,SSD Crucial 1TB NVMe M.2,Informática,4.0,449.0,0.0384,2025-02-05,2025-02-04
ORD00826,2025-01-30,Cliente_401,Luna Almeida,Juiz de Fora,MG,Sudeste,P0005,"Fone de Ouvido Sem Fio TWS, PHILIPS",Áudio,1.0,124.91,0.0485,2025-02-02,2025-02-01
ORD00827,2025-01-30,Cliente-461,Arthur Martins Silveira,Cascavel,PR,Sul,P0012,"Soundbar Tomate MTS-2017, Bivolt",Áudio,2.0,769.9,0.0191,2025-02-05,2025-02-05
ORD00828,2025-01-30,Cliente_480,Eloah Rezende,Itajaí,SC,Sul,P0004,Carregador Turbo Tipo-C 50w,Acessórios Mobile,3.0,53.9,0.1193,2025-02-01,2025-02-03
ORD00829,2025-01-30,Cliente_484,Rafael Novaes Nogueira,Santa Maria,RS,Sul,P0013,"Projetor Smart Epson EpiqVision, FULL HD",TV e Projeção,1.0,3049.99,0.1465,2025-02-05,2025-02-03
ORD00830,2025-01-30,Cliente_517,Letícia Cunha,Parnamirim,RN,Nordeste,P0006,Fone de ouvido Sem Fio QCY T27,Áudio,1.0,129.86,0.0549,2025-02-05,2025-02-03
ORD00831,2025-01-31,cliente_010,Cauã da Rosa,Sobral,CE,Nordeste,P0027,Caixa de Som Bluetooth JBL,Áudio,3.0,549.9,0.033,2025-02-05,2025-02-05
ORD00832,2025-01-31,Cliente_019,Gabriela da Paz,Uberlândia,MG,Sudeste,P0024,Memória Kingston Fury 16GB DDR5,Informática,1.0,389.9,0.0614,2025-02-02,2025-02-02
ORD00833,2025-01-31,Cliente_033,Lucca Cardoso,Ji-Paraná,RO,Norte,P0022,Smartphone Motorola Edge 50 Neo,Smartphones e Tablets,2.0,2299.9,0.0375,2025-02-05,2025-02-05
ORD00834,2025-01-31,Cliente_047,Maria Julia Nascimento,Duque de Caxias,RJ,Sudeste,P0007,Película para iPhone 14Pro Anti impacto,Acessórios Mobile,3.0,51.8,0.0801,2025-02-04,2025-02-04
ORD00835,2025-01-31,Cliente_048,Sr. Gustavo Henrique Peixoto,Gravataí,RS,Sul,P0008,Película de Vidro 3D Galaxy A30s,Acessórios Mobile,4.0,17.9,0.1572,2025-02-05,2025-02-06
ORD00836,2025-01-31,Cliente_052,Ana Beatriz Freitas,Ponta Grossa,PR,Sul,P0017,ACER Notebook Gamer Nitro,Informática,1.0,4604.0,0.059,2025-02-03,2025-02-07
ORD00837,2025-01-31,Cliente_060,Kaique Gomes,São Bernardo do Campo,SP,Sudeste,P0004,Carregador Turbo Tipo-C 50w,Acessórios Mobile,2.0,53.9,0.0761,2025-02-06,2025-02-03
ORD00838,2025-01-31,Cliente_071,Bárbara Correia,Mazagão,AP,Norte,P0013,"Projetor Smart Epson EpiqVision, FULL HD",TV e Projeção,2.0,3049.99,0.0569,2025-02-08,2025-02-07
ORD00839,2025-01-31,Cliente_102,Dr. Miguel Cunha,Gravataí,RS,Sul,P0009,Smart TV 32” Philco LED Roku TV,TV e Projeção,1.0,949.0,0.0262,2025-02-03,2025-02-04
ORD00840,2025-01-31,cliente#109,Gustavo Henrique Cunha,Cantá,RR,Norte,P0004,Carregador Turbo Tipo-C 50w,Acessórios Mobile,4.0,53.9,0.1577,2025-02-05,2025-02-04
ORD00841,2025-01-31,Cliente_121,Kamilly Pereira,Pelotas,RS,Sul,P0018,"Monitor UHD Samsung 32""",Informática,4.0,1626.57,0.0421,2025-02-02,2025-02-01
ORD00842,,Cliente_122,Natália Silva,Cascavel,PR,Sul,P0010,"Smart TV LED 32""Samsung LED Tizen TV",TV e Projeção,3.0,1079.0,0.1135,2025-02-05,2025-02-05
ORD00843,2025-01-31,Cliente_128,Kamilly Correia,Curitiba,PR,Sul,P0002,Samsung Galaxy Tab S6 Lite, Smartphones e Tablets,2.0,1799.01,0.0742,2025-02-03,2025-02-03
ORD00844,2025-01-31,Cliente_132,Pedro Miguel Rodrigues,São Bernardo do Campo,SP,Sudeste,P0010,"Smart TV LED 32""Samsung LED Tizen TV",TV e Projeção,3.0,1079.0,0.0643,2025-02-03,2025-02-08
ORD00845,2025-01-31,Cliente_171,Vitor Gabriel Fernandes,Ferreira Gomes,AP,Norte,P0027,Caixa de Som Bluetooth JBL,Áudio,2.0,549.9,0.0333,2025-02-05,2025-02-05
ORD00846,2025-01-31,Cliente_177,Dra. Heloísa da Paz,São Paulo,SP,Sudeste,P0009,Smart TV 32” Philco LED Roku TV,TV e Projeção,1.0,949.0,0.022,2025-02-02,2025-02-06
ORD00847,2025-01-31,Cliente_178,Arthur Azevedo,Caxias,MA,Nordeste,P0005,"Fone de Ouvido Sem Fio TWS, PHILIPS",Áudio,3.0,124.91,0.0227,2025-02-07,2025-02-07
ORD00848,2025-01-31,Cliente_194,Pedro Gomes,Pelotas,RS,Sul,P0025,Webcam Logitech Full HD,Informática,3.0,329.9,0.1034,2025-02-05,2025-02-05
ORD00849,2025-01-31,Cliente_206,João Miguel Azevedo,Estância,SE,Nordeste,P0016,Fone de Ouvido Profissional EDIFIER WH950NB ,Áudio,1.0,899.0,0.0292,2025-02-05,2025-02-05
ORD00850,2025-01-31,Cliente_208,Vitor Araújo,Betim,MG,Sudeste,P0004,Carregador Turbo Tipo-C 50w,Acessórios Mobile,4.0,53.9,0.1092,2025-02-04,2025-02-05
ORD00851,2025-01-31,Cliente_218,Isabel Pereira,Vila Velha,ES,Sudeste,P0016,Fone de Ouvido Profissional EDIFIER WH950NB,Áudio,1.0,899.0,0.0597,2025-02-04,2025-02-02
ORD00852,2025-01-31,Cliente_218,Isabel Pereira,Vila Velha,ES,Sudeste,P0021,SSD Crucial 1TB NVMe M.2,Informática,2.0,449.0,0.0313,2025-02-02,2025-02-01
ORD00853,2025-01-31,Cliente_218,Isabel Pereira,Vila Velha,ES,Sudeste,P0026,Cabo USB-C Trançado 2m,Acessórios Mobile,4.0,34.9,0.0648,2025-02-02,2025-02-01
ORD00854,,Cliente_219,Natália da Luz,Cascavel,PR,Sul,P0009,Smart TV 32” Philco LED Roku TV,TV e Projeção,1.0,949.0,0.0595,2025-02-05,2025-02-05
ORD00855,2025-01-31,Cliente_228,Gabrielly Santos,Santarém,PA,Norte,P0004,Carregador Turbo Tipo-C 50w,Acessórios Mobile,4.0,53.9,0.0868,2025-02-05,2025-02-10
ORD00856,2025-01-31,Cliente_234,Leonardo Oliveira,Maringá,PR,Sul,P0018,"Monitor UHD Samsung 32""",Informática,,1626.57,0.0438,2025-02-06,2025-02-05
ORD00857,2025-01-31,Cliente_258,Pedro Lucas Pires,Blumenau,SC,Sul,P0014,Projetor EPSON Powerlite Wide Screen,TV e Projeção,1.0,2742.13,0.2018,2025-02-03,2025-02-02
ORD00858,2025-01-31,Cliente_259,Melissa da Rocha,São Bernardo do Campo,SP,Sudeste,P0010,"Smart TV LED 32""Samsung LED Tizen TV",TV e Projeção,3.0,1079.0,0.1128,2025-02-04,2025-02-04
ORD00859,2025-01-31,Cliente_263,Sr. Cauã Carvalho,Uberlândia,MG,Sudeste,P0009,Smart TV 32” Philco LED Roku TV,TV e Projeção,3.0,949.0,0.0236,2025-02-03,2025-02-01
ORD00860,2025-01-31,Cliente_301,Sarah Melo,Curitiba,PR,Sul,P0016,Fone de Ouvido Profissional EDIFIER WH950NB,Áudio,3.0,899.0,0.0386,2025-02-06,2025-02-10
ORD00861,2025-01-31,Cliente_312,Juan Araújo,Bacabal,MA,Nordeste,P0014,Projetor EPSON Powerlite Wide Screen,TV e Projeção,1.0,2742.13,0.1965,2025-02-07,2025-02-10
ORD00862,2025-01-31,Cliente_314,Nina Ramos,Laranjal do Jari,AP,Norte,P0016,Fone de Ouvido Profissional EDIFIER WH950NB,Áudio,3.0,899.0,0.0459,2025-02-06,2025-02-06
ORD00863,2025-01-31,Cliente_371,Ana Luiza Nunes,Joinville,SC,Sul,P0015,Fone de Ouvido Profissional AKG K92,Áudio,3.0,428.99,0.35,2025-02-03,2025-02-01
ORD00864,2025-01-31,Cliente_371,Ana Luiza Nunes,Joinville,SC,Sul,P0017,ACER Notebook Gamer Nitro,Informática,1.0,4604.0,0.054,2025-02-03,2025-02-01
ORD00865,2025-01-31,Cliente_385,Helena Barros,Campinas,SP,Sudeste,P0017,ACER Notebook Gamer Nitro,Informática,2.0,4604.0,0.1463,2025-02-05,2025-02-03
ORD00866,2025-01-31,Cliente_386,Diego Cavalcanti,Mucajaí,RR,Norte,P0015,Fone de Ouvido Profissional AKG K92,Áudio,2.0,428.99,0.2542,2025-02-03,2025-02-04
ORD00867,2025-01-31,Cliente_394,Eduardo Oliveira,Ribeirão Preto,SP,Sudeste,P0018,"Monitor UHD Samsung 32""",Informática,4.0,1626.57,0.0527,2025-02-05,2025-02-05
ORD00868,2025-01-31,Cliente_394,Eduardo Oliveira,Ribeirão Preto,SP,Sudeste,P0021,SSD Crucial 1TB NVMe M.2,Informática,4.0,449.0,0.0312,2025-02-04,2025-02-04
ORD00869,2025-01-31,Cliente_400,Ana Sophia da Rosa,Floriano,PI,Nordeste,P0025,Webcam Logitech Full HD,Informática,2.0,329.9,0.1726,2025-02-05,2025-02-05
ORD00870,2025-01-31,Cliente_408,Maria Julia Duarte,Marabá,PA,Norte,P0021,SSD Crucial 1TB NVMe M.2,Informática,3.0,449.0,0.0477,2025-02-05,2025-02-04
ORD00871,2025-01-31,Cliente_414,Stephany Melo,Timon,MA,Nordeste,P0011,"Soundbar Samsung com 2.1 canais, Dolby Digital",Áudio,4.0,1072.0,0.088,2025-02-05,2025-02-02
ORD00872,2025-01-31,Cliente_417,Francisco Nogueira,Ribeirão Preto,SP,Sudeste,P0025,Webcam Logitech Full HD,Informática,2.0,329.9,0.0946,2025-02-03,2025-02-01
ORD00873,2025-01-31,Cliente_428,Miguel Carvalho,Maringá,PR,Sul,P0008,Película de Vidro 3D Galaxy A30s,Acessórios Mobile,3.0,17.9,0.1973,2025-02-06,2025-02-06
ORD00874,2025-01-31,Cliente_439,Stella Cunha,Nova Iguaçu,RJ,Sudeste,P0016,Fone de Ouvido Profissional EDIFIER WH950NB,Áudio,4.0,899.0,0.0419,2025-02-04,2025-02-02
ORD00875,2025-01-31,Cliente_453,Maitê Moreira Viana,Itajaí,SC,Sul,P0015,Fone de Ouvido Profissional AKG K92,Áudio,2.0,428.99,0.1681,2025-02-05,2025-02-04
ORD00876,2025-01-31, Cliente_458 ,Gabriela Fernandes,Juiz de Fora,MG,Sudeste,P0001,Samsung Galaxy A36,Smartphones e Tablets,1.0,1979.1,0.0668,2025-02-04,2025-02-08
ORD00877,2025-01-31,Cliente_484,Rafael Novaes Nogueira,Santa Maria,RS,Sul,P0017,ACER Notebook Gamer Nitro,Informática,1.0,4604.0,0.0701,2025-02-02,2025-02-06
ORD00878,2025-01-31,Cliente_498,Sophie Jesus,Camaçari,BA,Nordeste,P0004,Carregador Turbo Tipo-C 50w,Acessórios Mobile,4.0,53.9,0.0914,2025-02-09,2025-02-12
ORD00879,2025-01-31,Cliente_506,Juliana Barbosa,Bacabal,MA,Nordeste,P0008,Película de Vidro 3D Galaxy A30s,Acessórios Mobile,1.0,17.9,0.1153,2025-02-04,2025-02-04
ORD00880,2025-01-31,Cliente_516,João Gonçalves,Blumenau,SC,Sul,P0027,Caixa de Som Bluetooth JBL,Áudio,2.0,549.9,0.0695,2025-02-03,2025-02-03
ORD00881,2025-02-01,Cliente_003,Giovanna Aragão,Belém,PA,Norte,P0005,"Fone de Ouvido Sem Fio TWS, PHILIPS",Áudio,3.0,124.91,0.0612,2025-02-06,2025-02-06
ORD00882,2025-02-01,Cliente_008,Thales Pereira,Cascavel,PR,Sul,P0010,"Smart TV LED 32""Samsung LED Tizen TV",TV e Projeção,3.0,1079.0,0.0819,2025-02-03,2025-02-03
ORD00883,2025-02-01,Cliente_010,Cauã da Rosa,Sobral,CE,Nordeste,P0007,Película para iPhone 14Pro Anti impacto,Acessórios Mobile,,51.8,0.1117,2025-02-06,2025-02-07
ORD00884,2025-02-01,Cliente_016,Sr. Thomas Nascimento,Tarauacá,AC,Norte,P0005,"Fone de Ouvido Sem Fio TWS, PHILIPS",Áudio,2.0,124.91,0.0374,2025-02-08,2025-02-06
ORD00885,2025-02-01,Cliente_018,Murilo Ferreira,Itacoatiara,AM,Norte,P0001,Samsung Galaxy A36,Smartphones e Tablets,2.0,1979.1,0.0338,2025-02-07,2025-02-06
ORD00886,2025-02-01,Cliente_036,Bryan Pires,Manacapuru,AM,Norte,P0002,Samsung Galaxy Tab S6 Lite,Smartphones e Tablets,2.0,1799.01,0.1063,2025-02-07,2025-02-07
ORD00887,2025-02-01,Cliente_040,Renan Silveira,Propriá,SE,Nordeste,P0020,Teclado Mecanico Fizz,Informática,2.0,174.9,0.0913,2025-02-08,2025-02-07
ORD00888,2025-02-01,Cliente_047,Maria Julia Nascimento,Duque de Caxias,RJ,Sudeste,P0007,Película para iPhone 14Pro Anti impacto,Acessórios Mobile,4.0,51.8,0.1519,2025-02-05,2025-02-05
ORD00889,2025-02-01,Cliente_052,Ana Beatriz Freitas,Ponta Grossa,PR,Sul,P0010,"Smart TV LED 32""Samsung LED Tizen TV",TV e Projeção,3.0,1079.0,0.1569,2025-02-04,2025-02-04
ORD00890,2025-02-01,Cliente_054,Benício Aragão,Caxias do Sul,RS,Sul,P0011,"Soundbar Samsung com 2.1 canais, Dolby Digital",Áudio,1.0,1072.0,0.0074,2025-02-05,2025-02-04
ORD00891,2025-02-01,Cliente_056,Joana Rodrigues,Sobral,CE,Nordeste,P0022,Smartphone Motorola Edge 50 Neo,Smartphones e Tablets,1.0,2299.9,0.0919,2025-02-06,2025-02-06
ORD00892,2025-02-01,Cliente_067,Nicole Dias,Uberlândia,MG,Sudeste,P0005,"Fone de Ouvido Sem Fio TWS, PHILIPS",Áudio,1.0,124.91,0.0451,2025-02-07,2025-02-10
ORD00893,2025-02-01,Cliente_132,Pedro Miguel Rodrigues,São Bernardo do Campo,SP,Sudeste,P0027,Caixa de Som Bluetooth JBL,Áudio,3.0,549.9,0.1126,2025-02-07,2025-02-08
ORD00894,2025-02-01,Cliente_148,Sr. Kaique da Mota,Feira de Santana,BA,Nordeste,P0006,Fone de ouvido Sem Fio QCY T27,Áudio,4.0,129.86,0.043,2025-02-03,2025-02-02
ORD00895,2025-02-01,Cliente_160,Vitória da Conceição,Santa Rita,PB,Nordeste,P0008,Película de Vidro 3D Galaxy A30s,Acessórios Mobile,1.0,17.9,0.0527,2025-02-07,2025-02-12
ORD00896,2025-02-01,cliente#169,Pedro Henrique Monteiro,Ji-Paraná,RO,Norte,P0015,Fone de Ouvido Profissional AKG K92,Áudio,4.0,428.99,0.1901,2025-02-06,2025-02-07
ORD00897,2025-02-01,Cliente_183,Ian Peixoto,Santo André,SP,Sudeste,P0010,"Smart TV LED 32""Samsung LED Tizen TV",TV e Projeção,2.0,1079.0,0.0713,2025-02-04,2025-02-05
ORD00898,2025-02-01,Cliente_242,Clarice Campos,Curitiba,PR,Sul,P0010,"Smart TV LED 32""Samsung LED Tizen TV",TV e Projeção,3.0,1079.0,0.0864,2025-02-05,2025-02-04
ORD00899,2025-02-01,Cliente_244,Maria Vitória Martins,Rio de Janeiro,RJ,Sudeste,P0015,Fone de Ouvido Profissional AKG K92,Áudio,4.0,428.99,0.1497,2025-02-04,2025-02-03
ORD00900,2025-02-01,Cliente_247,João Moraes,Campinas,SP,Sudeste,P0006,Fone de ouvido Sem Fio QCY T27,Áudio,,129.86,0.0522,2025-02-05,2025-02-04
ORD00901,2025-02-01,Cliente_270,Marina Freitas,Itacoatiara,AM,Norte,P0012,"Soundbar Tomate MTS-2017, Bivolt",Áudio,2.0,769.9,0.0325,2025-02-06,2025-02-04
ORD00902,2025-02-01,Cliente_278,Bianca Pereira,Porto Nacional,TO,Norte,P0009,Smart TV 32” Philco LED Roku TV ,TV e Projeção,4.0,949.0,0.015,2025-02-06,2025-02-06
ORD00903,2025-02-01,Cliente_279,Sofia Santos,Chapecó,SC,Sul,P0005,"Fone de Ouvido Sem Fio TWS, PHILIPS",Áudio,1.0,124.91,0.0413,2025-02-04,2025-02-04
ORD00904,2025-02-01,Cliente_294,Larissa Teixeira,Ferreira Gomes,AP,Norte,P0002,Samsung Galaxy Tab S6 Lite,Smartphones e Tablets,2.0,1799.01,0.0817,2025-02-06,2025-02-03
ORD00905,2025-02-01,Cliente_330,Rebeca Farias,Cascavel,PR,Sul,P0009,Smart TV 32” Philco LED Roku TV,TV e Projeção,4.0,949.0,0.0349,2025-02-08,2025-02-07
ORD00906,2025-02-01,Cliente_337,Benício Fernandes,Castanhal,PA,Norte,P0015,Fone de Ouvido Profissional AKG K92,Áudio,3.0,428.99,0.1523,2025-02-08,2025-02-11
ORD00907,2025-02-01,Cliente_340,Bruno Cardoso,Gravataí,RS,Sul,P0006,Fone de ouvido Sem Fio QCY T27,Áudio,4.0,129.86,0.0991,2025-02-05,2025-02-05
ORD00908,2025-02-01,Cliente_344,Davi da Rocha,Duque de Caxias,RJ,Sudeste,P0009,Smart TV 32” Philco LED Roku TV,TV e Projeção,3.0,949.0,0.0258,2025-02-07,2025-02-07
ORD00909,2025-02-01,Cliente_353,Sophia Aragão,Santana,AP,Norte,P0015,Fone de Ouvido Profissional AKG K92,Áudio,2.0,428.99,0.35,2025-02-08,2025-02-09
ORD00910,2025-02-01,Cliente_354,Pedro Miguel Mendes,Macapá,AP,Norte,P0027,Caixa de Som Bluetooth JBL,Áudio,4.0,549.9,0.0557,2025-02-03,2025-02-03
ORD00911,2025-02-01,Cliente_386,Diego Cavalcanti,Mucajaí,RR,Norte,P0017,ACER Notebook Gamer Nitro,Informática,2.0,4604.0,0.0748,2025-02-08,2025-02-08
ORD00912,2025-02-01,Cliente_390,Enzo da Rocha,Santa Maria,RS,Sul,P0011,"Soundbar Samsung com 2.1 canais, Dolby Digital",Áudio,,1072.0,0.0312,2025-02-06,2025-02-05
ORD00913,2025-02-01,Cliente_437,Miguel Castro,Santo André,SP,Sudeste,P0005,"Fone de Ouvido Sem Fio TWS, PHILIPS",Áudio,2.0,124.91,0.0376,2025-02-07,2025-02-07
ORD00914,2025-02-01,Cliente_488,Raul Teixeira Luz,Serra,ES,Sudeste,P0002,Samsung Galaxy Tab S6 Lite,Smartphones e Tablets,3.0,1799.01,0.1576,2025-02-07,2025-02-08
ORD00915,2025-02-01,Cliente_489,Bruno Caldeira,Duque de Caxias,RJ,Sudeste,P0016,Fone de Ouvido Profissional EDIFIER WH950NB,Áudio,1.0,899.0,0.0603,2025-02-03,2025-02-03
ORD00916,2025-02-02,Cliente_007,Helena Souza,Feira de Santana,BA,Nordeste,P0018,"Monitor UHD Samsung 32""",Informática,4.0,1626.57,0.0857,2025-02-06,2025-02-06
ORD00917,2025-02-02,Cliente_103,Emanuel Aragão,Manaus,AM,Norte,P0011,"Soundbar Samsung com 2.1 canais, Dolby Digital ",Áudio,1.0,1072.0,0.0142,2025-02-07,2025-02-05
ORD00918,2025-02-02,Cliente_126,Luiz Fernando da Costa,Juiz de Fora,MG,Sudeste,P0011,"Soundbar Samsung com 2.1 canais, Dolby Digital",Áudio,1.0,1072.0,0.0159,2025-02-06,2025-02-05
ORD00919,2025-02-02,Cliente_149,Manuela Santos,Caxias do Sul,RS,Sul,P0011,"Soundbar Samsung com 2.1 canais, Dolby Digital",Áudio,3.0,1072.0,0.0216,2025-02-06,2025-02-09
ORD00920,2025-02-02,Cliente_154,Juan Duarte,São Paulo,SP,Sudeste,P0005,"Fone de Ouvido Sem Fio TWS, PHILIPS",Áudio,1.0,124.91,0.0262,2025-02-09,2025-02-08
ORD00921,2025-02-02,Cliente_179,Ana Vitória da Rocha,São Paulo,SP,Sudeste,P0009,Smart TV 32” Philco LED Roku TV,TV e Projeção,4.0,949.0,0.0342,2025-02-06,2025-02-03
ORD00922,2025-02-02,Cliente_208,Vitor Araújo,Betim,MG,Sudeste,P0008,Película de Vidro 3D Galaxy A30s,Acessórios Mobile,3.0,17.9,0.0533,2025-02-06,2025-02-04
ORD00923,2025-02-02,Cliente_234,Leonardo Oliveira,Maringá,PR,Sul,P0020,Teclado Mecanico Fizz, Informática,4.0,174.9,0.1512,2025-02-08,2025-02-07
ORD00924,2025-02-02,Cliente_248,Dr. João Guilherme da Rosa,Duque de Caxias,RJ,Sudeste,P0005,"Fone de Ouvido Sem Fio TWS, PHILIPS",Áudio,3.0,124.91,0.0221,2025-02-07,2025-02-07
ORD00925,2025-02-02,Cliente_254,Kevin Santos,Niterói,RJ,Sudeste,P0005,"Fone de Ouvido Sem Fio TWS, PHILIPS",Áudio,1.0,124.91,0.0319,2025-02-07,2025-02-06
ORD00926,2025-02-02,Cliente_280,Daniel da Luz,Santo André,SP,Sudeste,P0011,"Soundbar Samsung com 2.1 canais, Dolby Digital",Áudio,3.0,1072.0,0.0184,2025-02-06,2025-02-04
ORD00927,2025-02-02,Cliente_280,Daniel da Luz,Santo André,SP,Sudeste,P0016,Fone de Ouvido Profissional EDIFIER WH950NB,Áudio,2.0,899.0,0.0597,2025-02-06,2025-02-06
ORD00928,2025-02-02,Cliente_311,Catarina Vieira,Natal,RN,Nordeste,P0007,Película para iPhone 14Pro Anti impacto,Acessórios Mobile,2.0,51.8,0.1054,2025-02-08,2025-02-08
ORD00929,2025-02-02,Cliente_314,Nina Ramos,Laranjal do Jari,AP,Norte,P0016,Fone de Ouvido Profissional EDIFIER WH950NB,Áudio,2.0,899.0,0.0421,2025-02-07,2025-02-07
ORD00930,2025-02-02,Cliente_337,Benício Fernandes,Castanhal,PA,Norte,P0004,Carregador Turbo Tipo-C 50w,Acessórios Mobile,1.0,53.9,0.0318,2025-02-07,2025-02-06
ORD00931,2025-02-02,Cliente_345,Nathan Castro,Brasiléia,AC,Norte,P0021,SSD Crucial 1TB NVMe M.2,Informática,4.0,449.0,0.0725,2025-02-09,2025-02-08
ORD00932,2025-02-02,Cliente_373,Sr. Cauê Martins,Gravataí,RS,Sul,P0017,ACER Notebook Gamer Nitro,Informática,2.0,4604.0,0.0605,2025-02-08,2025-02-07
ORD00933,2025-02-02,Cliente_425,Igor Mota Castro,Pico,PI,Nordeste,P0014,Projetor EPSON Powerlite Wide Screen,TV e Projeção,2.0,2742.13,0.0801,2025-02-07,2025-02-05
ORD00934,,Cliente_443,Leonardo Rezende,Caucaia,CE,Nordeste,P0027,Caixa de Som Bluetooth JBL,Áudio,1.0,549.9,0.1636,2025-02-07,2025-02-09
ORD00935,2025-02-02,Cliente_487,Nathan Freitas Neves,Cascavel,PR,Sul,P0004,Carregador Turbo Tipo-C 50w,Acessórios Mobile,2.0,53.9,0.0452,2025-02-07,2025-02-06
ORD00936,2025-02-02,Cliente_490,Manuela Freitas Mota,Pico,PI,Nordeste,P0020,Teclado Mecanico Fizz,Informática,3.0,174.9,0.1558,2025-02-11,2025-02-09
ORD00937,2025-02-03,Cliente_007,Helena Souza,Feira de Santana,BA,Nordeste,P0021,SSD Crucial 1TB NVMe M.2,Informática,3.0,449.0,0.029,2025-02-09,2025-02-11
ORD00938,2025-02-03,Cliente_012,Dr. Arthur da Cunha,Caracaraí,RR,Norte,P0013,"Projetor Smart Epson EpiqVision, FULL HD",TV e Projeção,,3049.99,0.0764,2025-02-09,2025-02-13
ORD00939,2025-02-03,Cliente_021,Mirella Rodrigues,Ribeirão Preto,SP,Sudeste,P0017,ACER Notebook Gamer Nitro,Informática,1.0,4604.0,0.0983,2025-02-06,2025-02-05
ORD00940,2025-02-03,Cliente_027,Davi Lucas Gomes,Ribeirão Preto,SP,Sudeste,P0011,"Soundbar Samsung com 2.1 canais, Dolby Digital",Áudio,4.0,1072.0,0.0161,2025-02-07,2025-02-06
ORD00941,2025-02-03,Cliente_036,Bryan Pires,Manacapuru,AM,Norte,P0001,Samsung Galaxy A36,Smartphones e Tablets,1.0,1979.1,0.057,2025-02-08,2025-02-14
ORD00942,2025-02-03,Cliente_044,Dr. Pedro Porto,Londrina,PR,Sul,P0015,Fone de Ouvido Profissional AKG K92,Áudio,3.0,428.99,0.2133,2025-02-08,2025-02-08
ORD00943,2025-02-03,Cliente_046,Dra. Emanuella Sales,Cruzeiro do Sul,AC,Norte,P0005,"Fone de Ouvido Sem Fio TWS, PHILIPS",Áudio,3.0,124.91,0.0307,2025-02-08,2025-02-06
ORD00944,2025-02-03,Cliente_058,Sr. Nathan Peixoto,Itacoatiara,AM,Norte,P0007,Película para iPhone 14Pro Anti impacto,Acessórios Mobile,2.0,51.8,0.1958,2025-02-09,2025-02-06
ORD00945,2025-02-03,Cliente_083,Sophie Souza,Santo André,SP,Sudeste,P0017,ACER Notebook Gamer Nitro,Informática,4.0,4604.0,0.1247,2025-02-05,2025-02-05
ORD00946,2025-02-03,Cliente_107,Leandro Nunes,Maringá,PR,Sul,P0004,Carregador Turbo Tipo-C 50w,Acessórios Mobile,4.0,53.9,0.0921,2025-02-06,2025-02-06
ORD00947,2025-02-03,Cliente_132,Pedro Miguel Rodrigues,São Bernardo do Campo,SP,Sudeste,P0024,Memória Kingston Fury 16GB DDR5,Informática,1.0,389.9,0.1315,2025-02-07,2025-02-05
ORD00948,2025-02-03,Cliente_165,Maria Fernanda Teixeira,Duque de Caxias,RJ,Sudeste,P0007,Película para iPhone 14Pro Anti impacto,Acessórios Mobile,3.0,51.8,0.2003,2025-02-07,2025-02-11
ORD00949,2025-02-03,Cliente_255,Anthony Pires,Caxias do Sul,RS,Sul,P0020,Teclado Mecanico Fizz,Informática,3.0,174.9,0.1365,2025-02-05,2025-02-04
ORD00950,2025-02-03,Cliente_280,Daniel da Luz,Santo André,SP,Sudeste,P0001,Samsung Galaxy A36,Smartphones e Tablets,1.0,1979.1,0.0499,2025-02-07,2025-02-11
ORD00951,2025-02-03,Cliente_293,Luiza Teixeira,Santo André,SP,Sudeste,P0010,"Smart TV LED 32""Samsung LED Tizen TV",TV e Projeção,1.0,1079.0,0.0994,2025-02-05,2025-02-08
ORD00952,2025-02-03,Cliente_313,Noah Rodrigues,Ji-Paraná,RO,Norte,P0009,Smart TV 32” Philco LED Roku TV,TV e Projeção,2.0,949.0,0.0065,2025-02-08,2025-02-07
ORD00953,2025-02-03,Cliente_323,Dr. João Pedro Carvalho,Boa Vista,RR,Norte,P0008,Película de Vidro 3D Galaxy A30s,Acessórios Mobile,4.0,17.9,0.152,2025-02-06,2025-02-06
ORD00954,2025-02-03,Cliente_442,Gabriela Novaes,Londrina,PR,Sul,P0019,Mouse Redragon Wireless,Informática,1.0,165.99,0.1759,2025-02-06,2025-02-09
ORD00955,2025-02-03,cliente_460,Enrico Almeida Gomes,Londrina,PR,Sul,P0007,Película para iPhone 14Pro Anti impacto,Acessórios Mobile,2.0,51.8,0.1206,2025-02-09,2025-02-06
ORD00956,2025-02-03,Cliente_464,Esther Nunes Ribeiro,Florianópolis,SC,Sul,P0008,Película de Vidro 3D Galaxy A30s,Acessórios Mobile,3.0,17.9,0.1246,2025-02-08,2025-02-08
ORD00957,2025-02-03,Cliente_466,Enzo Rodrigues,Santo André,SP,Sudeste,P0017,ACER Notebook Gamer Nitro,Informática,1.0,4604.0,0.0845,2025-02-05,2025-02-06
ORD00958,2025-02-03,Cliente_484,Rafael Novaes Nogueira,Santa Maria,RS,Sul,P0027,Caixa de Som Bluetooth JBL,Áudio,3.0,549.9,0.1378,2025-02-06,2025-02-08
ORD00959,2025-02-03,Cliente_513,Bryan Pereira,Londrina,PR,Sul,P0024,Memória Kingston Fury 16GB DDR5,Informática,3.0,389.9,0.1178,2025-02-07,2025-02-06
ORD00960,2025-02-03,Cliente_520,Isabella Fernandes,Santo André,SP,Sudeste,P0004,Carregador Turbo Tipo-C 50w,Acessórios Mobile,4.0,53.9,0.0472,2025-02-09,2025-02-10
ORD00961,2025-02-04,Cliente_005,Srta. Clara Moraes,Itajaí,SC,Sul,P0008,Película de Vidro 3D Galaxy A30s,Acessórios Mobile,2.0,17.9,0.0882,2025-02-07,2025-02-07
ORD00962,2025-02-04,Cliente_071,Bárbara Correia,Mazagão,AP,Norte,P0016,Fone de Ouvido Profissional EDIFIER WH950NB,Áudio,1.0,899.0,0.0633,2025-02-10,2025-02-14
ORD00963,2025-02-04,Cliente_074,Luiz Fernando Freitas,Duque de Caxias,RJ,Sudeste,P0020,Teclado Mecanico Fizz,Informática,2.0,174.9,0.0997,2025-02-09,2025-02-08
ORD00964,2025-02-04,Cliente_179,Ana Vitória da Rocha,São Paulo,SP,Sudeste,P0012,"Soundbar Tomate MTS-2017, Bivolt",Áudio,1.0,769.9,0.0189,2025-02-06,2025-02-05
ORD00965,2025-02-04,Cliente_188,Ana Beatriz Barbosa,Estância,SE,Nordeste,P0012,"Soundbar Tomate MTS-2017, Bivolt",Áudio,3.0,769.9,0.0164,2025-02-09,2025-02-08
ORD00966,2025-02-04,Cliente_277,Melissa Peixoto,João Pessoa,PB,Nordeste,P0027,Caixa de Som Bluetooth JBL,Áudio,3.0,549.9,0.1089,2025-02-11,2025-02-17
ORD00967,2025-02-04,Cliente_302,Emilly Farias,Ribeirão Preto,SP,Sudeste,P0027,Caixa de Som Bluetooth JBL,Áudio,2.0,549.9,0.0959,2025-02-06,2025-02-09
ORD00968,2025-02-04,Cliente_303,Davi Lucca Freitas,Boa Vista,RR,Norte,P0003,Carregador Turbo USB-C 30W,Acessórios Mobile,3.0,49.9,0.1412,2025-02-13,2025-02-12
ORD00969,2025-02-04,Cliente_319,Catarina Silva,Tarauacá,AC,Norte,P0002,Samsung Galaxy Tab S6 Lite,Smartphones e Tablets,4.0,1799.01,0.1033,2025-02-09,2025-02-08
ORD00970,2025-02-04,Cliente_319,Catarina Silva,Tarauacá,AC,Norte,P0004,Carregador Turbo Tipo-C 50w,Acessórios Mobile,3.0,53.9,0.064,2025-02-10,2025-02-08
ORD00971,2025-02-04,Cliente_327,Sra. Maria Eduarda Cardoso,Vila Velha,ES,Sudeste,P0017,ACER Notebook Gamer Nitro,Informática,1.0,4604.0,0.1427,2025-02-09,2025-02-08
ORD00972,2025-02-04,Cliente_340,Bruno Cardoso,Gravataí,RS,Sul,P0001,Samsung Galaxy A36,Smartphones e Tablets,1.0,1979.1,0.0645,2025-02-09,2025-02-08
ORD00973,2025-02-04,Cliente_356,Matheus Ribeiro,Londrina,PR,Sul,P0013,"Projetor Smart Epson EpiqVision, FULL HD",TV e Projeção,4.0,3049.99,0.0836,2025-02-08,2025-02-09
ORD00974,2025-02-04,Cliente_406,Laís da Costa,Juiz de Fora,MG,Sudeste,P0018,"Monitor UHD Samsung 32""",Informática,2.0,1626.57,0.0759,2025-02-06,2025-02-05
ORD00975,2025-02-04,Cliente_446,Fernanda Silveira Gomes,Blumenau,SC,Sul,P0017,ACER Notebook Gamer Nitro,Informática,4.0,4604.0,0.2502,2025-02-09,2025-02-08
ORD00976,2025-02-05,Cliente_008,Thales Pereira,Cascavel,PR,Sul,P0016,Fone de Ouvido Profissional EDIFIER WH950NB,Áudio,3.0,899.0,0.0449,2025-02-09,2025-02-08
ORD00977,2025-02-05,Cliente_019,Gabriela da Paz,Uberlândia,MG,Sudeste,P0008,Película de Vidro 3D Galaxy A30s,Acessórios Mobile,3.0,17.9,0.1312,2025-02-07,2025-02-06
ORD00978,2025-02-05, Cliente_022,Lívia Gomes,Vitória,ES,Sudeste,P0020,Teclado Mecanico Fizz,Informática,4.0,174.9,0.2561,2025-02-09,2025-02-11
ORD00979,2025-02-05,Cliente_069,Levi da Rosa,Porto Nacional,TO,Norte,P0017,ACER Notebook Gamer Nitro,Informática,1.0,4604.0,0.051,2025-02-13,2025-02-12
ORD00980,2025-02-05,Cliente_087,Dr. Pietro Silva,Pico,PI,Nordeste,P0011,"Soundbar Samsung com 2.1 canais, Dolby Digital",Áudio,3.0,1072.0,0.0137,2025-02-10,2025-02-09
ORD00981,2025-02-05,Cliente_103,Emanuel Aragão,Manaus,AM,Norte,P0023,Tablet Lenovo Tab M11,Smartphones e Tablets,3.0,1399.9,0.35,2025-02-11,2025-02-09
ORD00982,2025-02-05,Cliente_106,Nicolas Costela,Contagem,MG,Sudeste,P0010,"Smart TV LED 32""Samsung LED Tizen TV",TV e Projeção,1.0,1079.0,0.053,2025-02-12,2025-02-10
ORD00983,2025-02-05,Cliente_123,Sra. Isabelly Oliveira,Ribeirão Preto,SP,Sudeste,P0009,Smart TV 32” Philco LED Roku TV,TV e Projeção,1.0,949.0,0.0085,2025-02-08,2025-02-07
ORD00984,2025-02-05,Cliente_139,Sr. Daniel Pinto,Nova Iguaçu,RJ,Sudeste,P0017,ACER Notebook Gamer Nitro,Informática,1.0,4604.0,0.0643,2025-02-09,2025-02-07
ORD00985,2025-02-05,Cliente_146,Levi Freitas,Ji-Paraná,RO,Norte,P0027,Caixa de Som Bluetooth JBL,Áudio,3.0,549.9,0.1438,2025-02-12,2025-02-11
ORD00986,2025-02-05,Cliente_153,Enrico Dias,Manacapuru,AM,Norte,P0005,"Fone de Ouvido Sem Fio TWS, PHILIPS",Áudio,2.0,124.91,0.0462,2025-02-13,2025-02-21
ORD00987,2025-02-05,Cliente-166,Pietro Jesus,Porto Velho,RO,Norte,P0020,Teclado Mecanico Fizz,Informática,2.0,174.9,0.105,2025-02-12,2025-02-12
ORD00988,2025-02-05,Cliente_187,Sabrina Fernandes,Caxias do Sul,RS,Sul,P0009,Smart TV 32” Philco LED Roku TV,TV e Projeção,1.0,949.0,0.0143,2025-02-12,2025-02-12
ORD00989,2025-02-05,Cliente_247,João Moraes,Campinas,SP,Sudeste,P0011,"Soundbar Samsung com 2.1 canais, Dolby Digital",Áudio,3.0,1072.0,0.0277,2025-02-11,2025-02-12
ORD00990,2025-02-05,Cliente_253,Mariane Lopes,Estância,SE,Nordeste,P0013,"Projetor Smart Epson EpiqVision, FULL HD",TV e Projeção,1.0,3049.99,0.0826,2025-02-10,2025-02-10
ORD00991,2025-02-05,Cliente_256,Daniela Fogaça,Florianópolis,SC,Sul,P0008,Película de Vidro 3D Galaxy A30s,Acessórios Mobile,4.0,17.9,0.0913,2025-02-11,2025-02-11
ORD00992,2025-02-05,Cliente_268,Pietra Pires,Parnamirim,RN,Nordeste,P0001,Samsung Galaxy A36,Smartphones e Tablets,2.0,1979.1,0.064,2025-02-08,2025-02-11
ORD00993,2025-02-05,Cliente_312,Juan Araújo,Bacabal,MA,Nordeste,P0002,Samsung Galaxy Tab S6 Lite,Smartphones e Tablets,2.0,1799.01,0.1546,2025-02-10,2025-02-08
ORD00994,2025-02-05,Cliente_325,Fernanda da Costa,Joinville,SC,Sul,P0006,Fone de ouvido Sem Fio QCY T27,Áudio,3.0,129.86,0.0327,2025-02-09,2025-02-09
ORD00995,2025-02-05,Cliente_326,Emanuella Porto,Ferreira Gomes,AP,Norte,P0009,Smart TV 32” Philco LED Roku TV,TV e Projeção,2.0,949.0,0.0115,2025-02-10,2025-02-12
ORD00996,2025-02-05,Cliente_327,Sra. Maria Eduarda Cardoso,Vila Velha,ES,Sudeste,P0001,Samsung Galaxy A36,Smartphones e Tablets,1.0,1979.1,0.026,2025-02-09,2025-02-07
ORD00997,2025-02-05,Cliente_329,Sra. Daniela Aragão,Duque de Caxias,RJ,Sudeste,P0018,"Monitor UHD Samsung 32""",Informática,1.0,1626.57,0.0401,2025-02-08,2025-02-10
ORD00998,2025-02-05,Cliente_334,Dr. Rafael Castro,Caicó,RN,Nordeste,P0007,Película para iPhone 14Pro Anti impacto,Acessórios Mobile,4.0,51.8,0.18,2025-02-11,2025-02-14
ORD00999,2025-02-05,Cliente_340,Bruno Cardoso,Gravataí,RS,Sul,P0008,Película de Vidro 3D Galaxy A30s,Acessórios Mobile,1.0,17.9,0.097,2025-02-09,2025-02-06
ORD01000,2025-02-05,Cliente_373,Sr. Cauê Martins,Gravataí,RS,Sul,P0013,"Projetor Smart Epson EpiqVision, FULL HD",TV e Projeção,1.0,3049.99,0.0445,2025-02-12,2025-02-12
ORD01001,2025-02-05,Cliente_396,Isaac Freitas,Nova Iguaçu,RJ,Sudeste,P0012,"Soundbar Tomate MTS-2017, Bivolt",Áudio,2.0,769.9,0.0361,2025-02-11,2025-02-11
ORD01002,2025-02-05,Cliente_414,Stephany Melo,Timon,MA,Nordeste,P0020,Teclado Mecanico Fizz,Informática,2.0,174.9,0.3197,2025-02-12,2025-02-11
ORD01003,2025-02-05,Cliente_435,Augusto Silveira,Cachoeiro de Itapemirim,ES,Sudeste,P0015,Fone de Ouvido Profissional AKG K92,Áudio ,2.0,428.99,0.1204,2025-02-10,2025-02-10
ORD01004,2025-02-05,Cliente_453,Maitê Moreira Viana,Itajaí,SC,Sul,P0018,"Monitor UHD Samsung 32""",Informática,2.0,1626.57,0.0741,2025-02-08,2025-02-07
ORD01005,2025-02-05,Cliente_460,Enrico Almeida Gomes,Londrina,PR,Sul,P0019,Mouse Redragon Wireless,Informática,,165.99,0.0627,2025-02-08,2025-02-06
ORD01006,2025-02-05,Cliente_520,Isabella Fernandes,Santo André,SP,Sudeste,P0027,Caixa de Som Bluetooth JBL,Áudio,2.0,549.9,0.0906,2025-02-11,2025-02-11
ORD01007,2025-02-06,Cliente_030,João Lucas da Costa,Joinville,SC,Sul,P0009,Smart TV 32” Philco LED Roku TV,TV e Projeção,2.0,949.0,0.0142,2025-02-13,2025-02-13
ORD01008,2025-02-06,Cliente_039,Bruna Almeida,Gravataí,RS,Sul,P0008,Película de Vidro 3D Galaxy A30s,Acessórios Mobile,4.0,17.9,0.2367,2025-02-10,2025-02-10
ORD01009,2025-02-06,Cliente_128,Kamilly Correia,Curitiba,PR,Sul,P0017,ACER Notebook Gamer Nitro,Informática,1.0,4604.0,0.0655,2025-02-10,2025-02-11
ORD01010,2025-02-06,Cliente_133,Isadora Novaes,Cachoeiro de Itapemirim,ES,Sudeste,P0009,Smart TV 32” Philco LED Roku TV,TV e Projeção,1.0,949.0,0.007,2025-02-11,2025-02-11
ORD01011,2025-02-06,Cliente_161,Murilo Monteiro,Currais Novos,RN,Nordeste,P0010,"Smart TV LED 32""Samsung LED Tizen TV",TV e Projeção,2.0,1079.0,0.0789,2025-02-11,2025-02-11
ORD01012,2025-02-06,Cliente_202,Nicolas Viana,Niterói,RJ,Sudeste,P0007,Película para iPhone 14Pro Anti impacto,Acessórios Mobile,4.0,51.8,0.131,2025-02-10,2025-02-11
ORD01013,2025-02-06,Cliente_259,Melissa da Rocha,São Bernardo do Campo,SP,Sudeste,P0011,"Soundbar Samsung com 2.1 canais, Dolby Digital",Áudio,,1072.0,0.0184,2025-02-11,2025-02-10
ORD01014,2025-02-06,Cliente_337,Benício Fernandes,Castanhal,PA,Norte,P0003,Carregador Turbo USB-C 30W,Acessórios Mobile,2.0,,0.1489,2025-02-11,2025-02-10
ORD01015,2025-02-06,Cliente_345,Nathan Castro,Brasiléia,AC,Norte,P0020,Teclado Mecanico Fizz,Informática,4.0,174.9,0.1888,2025-02-10,2025-02-14
ORD01016,2025-02-06,Cliente_361,Clara da Paz,Camaçari,BA,Nordeste,P0008,Película de Vidro 3D Galaxy A30s,Acessórios Mobile,4.0,17.9,0.1693,2025-02-10,2025-02-12
ORD01017,2025-02-06,Cliente_368,Bryan da Mota,Lagarto,SE,Nordeste,P0007,Película para iPhone 14Pro Anti impacto,Acessórios Mobile,4.0,51.8,0.1005,2025-02-15,2025-02-19
ORD01018,2025-02-06,Cliente_528,Thiago Mata Mendes,Niterói,RJ,Sudeste,P0007,Película para iPhone 14Pro Anti impacto,Acessórios Mobile,4.0,51.8,0.0894,2025-02-12,2025-02-11
ORD01019,2025-02-07,Cliente_016,Sr. Thomas Nascimento,Tarauacá,AC,Norte,P0012,"Soundbar Tomate MTS-2017, Bivolt",Áudio,3.0,769.9,0.0232,2025-02-13,2025-02-10
ORD01020,2025-02-07,Cliente_040,Renan Silveira,Propriá,SE,Nordeste,P0015,Fone de Ouvido Profissional AKG K92,Áudio,2.0,428.99,0.2547,2025-02-15,2025-02-15
ORD01021,2025-02-07,Cliente_058,Sr. Nathan Peixoto,Itacoatiara,AM,Norte,P0016,Fone de Ouvido Profissional EDIFIER WH950NB,Áudio,2.0,899.0,0.0573,2025-02-12,2025-02-11
ORD01022,2025-02-07,Cliente_074,Luiz Fernando Freitas,Duque de Caxias,RJ,Sudeste,P0019,Mouse Redragon Wireless,Informática,1.0,165.99,0.1979,2025-02-13,2025-02-12
ORD01023,2025-02-07,Cliente_081,Sr. Heitor da Paz,Brasiléia,AC,Norte,P0013,"Projetor Smart Epson EpiqVision, FULL HD",TV e Projeção,1.0,3049.99,0.0999,2025-02-10,2025-02-10
ORD01024,2025-02-07,Cliente_088,Bernardo Pereira,Olinda,PE,Nordeste,P0016,Fone de Ouvido Profissional EDIFIER WH950NB,Áudio,1.0,899.0,0.024,2025-02-13,2025-02-13
ORD01025,2025-02-07,Cliente_104,Clarice Rezende,Blumenau,SC,Sul,P0027,Caixa de Som Bluetooth JBL,Áudio,,549.9,0.1127,2025-02-11,2025-02-10
ORD01026,2025-02-07,Cliente_132,Pedro Miguel Rodrigues,São Bernardo do Campo,SP,Sudeste,P0007,Película para iPhone 14Pro Anti impacto,Acessórios Mobile,4.0,51.8,0.0833,2025-02-09,2025-02-09
ORD01027,2025-02-07,Cliente_138,Pedro Nascimento,Uberlândia,MG,Sudeste,P0013,"Projetor Smart Epson EpiqVision, FULL HD",TV e Projeção,1.0,3049.99,0.0963,2025-02-10,2025-02-10
ORD01028,2025-02-07,Cliente-143,Cecília Barros,Londrina,PR,Sul,P0015,Fone de Ouvido Profissional AKG K92,Áudio,3.0,428.99,0.1264,2025-02-11,2025-02-10
ORD01029,2025-02-07,Cliente_146,Levi Freitas,Ji-Paraná,RO,Norte,P0003,Carregador Turbo USB-C 30W,Acessórios Mobile,3.0,49.9,0.1069,2025-02-14,2025-02-14
ORD01030,2025-02-07,Cliente_165,Maria Fernanda Teixeira,Duque de Caxias,RJ,Sudeste,P0016,Fone de Ouvido Profissional EDIFIER WH950NB,Áudio,1.0,899.0,0.0226,2025-02-10,2025-02-12
ORD01031,2025-02-07,Cliente_175,Srta. Gabriela Caldeira,Rio Branco,AC,Norte,P0020,Teclado Mecanico Fizz,Informática,3.0,174.9,0.2311,2025-02-13,2025-02-13
ORD01032,2025-02-07,Cliente_182,Pedro Henrique Pinto,Parnaíba,PI,Nordeste,P0020,Teclado Mecanico Fizz,Informática,3.0,174.9,0.1437,2025-02-15,2025-02-15
ORD01033,2025-02-07,Cliente_199,João Guilherme Fogaça,Ananindeua,PA,Norte,P0005,"Fone de Ouvido Sem Fio TWS, PHILIPS",Áudio,2.0,124.91,0.0313,2025-02-15,2025-02-13
ORD01034,2025-02-07,Cliente_205,Kevin Souza,Santa Rita,PB,Nordeste,P0024,Memória Kingston Fury 16GB DDR5,Informática,3.0,389.9,0.191,2025-02-10,2025-02-08
ORD01035,2025-02-07,Cliente_206,João Miguel Azevedo,Estância,SE,Nordeste,P0007,Película para iPhone 14Pro Anti impacto,Acessórios Mobile,4.0,51.8,0.1403,2025-02-12,2025-02-12
ORD01036,2025-02-07,Cliente_208,Vitor Araújo,Betim,MG,Sudeste,P0001,Samsung Galaxy A36,Smartphones e Tablets,1.0,1979.1,0.0594,2025-02-11,2025-02-10
ORD01037,2025-02-07,Cliente_215,Olivia Souza,Camaçari,BA,Nordeste,P0027,Caixa de Som Bluetooth JBL,Áudio,2.0,549.9,0.0882,2025-02-12,2025-02-11
ORD01038,2025-02-07,Cliente_218,Isabel Pereira,Vila Velha,ES,Sudeste,P0014,Projetor EPSON Powerlite Wide Screen,TV e Projeção,1.0,2742.13,0.0396,2025-02-10,2025-02-09
ORD01039,2025-02-07,Cliente_244,Maria Vitória Martins,Rio de Janeiro,RJ,Sudeste,P0008,Película de Vidro 3D Galaxy A30s ,Acessórios Mobile,4.0,17.9,0.0802,2025-02-13,2025-02-13
ORD01040,2025-02-07,Cliente_244,Maria Vitória Martins,Rio de Janeiro,RJ,Sudeste,P0018,"Monitor UHD Samsung 32""",Informática,3.0,1626.57,0.1232,2025-02-12,2025-02-11
ORD01041,2025-02-07,Cliente_247,João Moraes,Campinas,SP,Sudeste,P0012,"Soundbar Tomate MTS-2017, Bivolt",Áudio,1.0,769.9,0.0162,2025-02-12,2025-02-11
ORD01042,2025-02-07,Cliente_247,João Moraes,Campinas,SP,Sudeste,P0025,Webcam Logitech Full HD,Informática,2.0,329.9,0.0697,2025-02-11,2025-02-11
ORD01043,2025-02-07,Cliente_250,Raul Carvalho,Santana,AP,Norte,P0027,Caixa de Som Bluetooth JBL,Áudio,2.0,549.9,0.0876,2025-02-13,2025-02-13
ORD01044,2025-02-07,Cliente_256,Daniela Fogaça,Florianópolis,SC,Sul,P0020,Teclado Mecanico Fizz,Informática,3.0,174.9,0.1965,2025-02-11,2025-02-14
ORD01045,2025-02-07,Cliente_256,Daniela Fogaça,Florianópolis,SC,Sul,P0020,Teclado Mecanico Fizz,Informática,2.0,174.9,0.2675,2025-02-12,2025-02-11
ORD01046,2025-02-07,Cliente_263,Sr. Cauã Carvalho,Uberlândia,MG,Sudeste,P0001,Samsung Galaxy A36,Smartphones e Tablets,,1979.1,0.0318,2025-02-12,2025-02-11
ORD01047,2025-02-07,Cliente_263,Sr. Cauã Carvalho,Uberlândia,MG,Sudeste,P0021,SSD Crucial 1TB NVMe M.2,Informática,2.0,449.0,0.0402,2025-02-12,2025-02-11
ORD01048,2025-02-07,Cliente_266,Caroline Carvalho,Cruzeiro do Sul,AC,Norte,P0006,Fone de ouvido Sem Fio QCY T27,Áudio,2.0,129.86,0.0772,2025-02-09,2025-02-14
ORD01049,2025-02-07,Cliente_266,Caroline Carvalho,Cruzeiro do Sul,AC,Norte,P0010,"Smart TV LED 32""Samsung LED Tizen TV",TV e Projeção,3.0,1079.0,0.0848,2025-02-14,2025-02-14
ORD01050,2025-02-07,Cliente_268,Pietra Pires,Parnamirim,RN,Nordeste,P0025,Webcam Logitech Full HD,Informática,3.0,329.9,0.1608,2025-02-13,2025-02-14
ORD01051,2025-02-07,Cliente_280,Daniel da Luz,Santo André,SP,Sudeste,P0001,Samsung Galaxy A36,Smartphones e Tablets,4.0,1979.1,0.0943,2025-02-12,2025-02-12
ORD01052,2025-02-07,Cliente_300,Dra. Maria Sophia Nogueira,Chapecó,SC,Sul,P0002,Samsung Galaxy Tab S6 Lite,Smartphones e Tablets,1.0,1799.01,0.1108,2025-02-11,2025-02-10
ORD01053,2025-02-07,Cliente_300,Dra. Maria Sophia Nogueira,Chapecó,SC,Sul,P0007,Película para iPhone 14Pro Anti impacto,Acessórios Mobile,4.0,51.8,0.0885,2025-02-10,2025-02-10
ORD01054,2025-02-07,Cliente_301,Sarah Melo,Curitiba,PR,Sul,P0006,Fone de ouvido Sem Fio QCY T27,Áudio,4.0,129.86,0.0521,2025-02-11,2025-02-11
ORD01055,2025-02-07,Cliente_301,Sarah Melo,Curitiba,PR,Sul,P0011,"Soundbar Samsung com 2.1 canais, Dolby Digital",Áudio,2.0,1072.0,0.0272,2025-02-12,2025-02-11
ORD01056,2025-02-07,Cliente_335,Larissa Rodrigues,Floriano,PI,Nordeste,P0017,ACER Notebook Gamer Nitro,Informática,1.0,4604.0,0.0399,2025-02-12,2025-02-12
ORD01057,2025-02-07,Cliente_337,Benício Fernandes,Castanhal,PA,Norte,P0010,"Smart TV LED 32""Samsung LED Tizen TV",TV e Projeção,3.0,1079.0,0.1319,2025-02-13,2025-02-15
ORD01058,2025-02-07,Cliente_337,Benício Fernandes,Castanhal,PA,Norte,P0026,Cabo USB-C Trançado 2m,Acessórios Mobile,4.0,34.9,0.0591,2025-02-10,2025-02-08
ORD01059,2025-02-07,Cliente_340,Bruno Cardoso,Gravataí,RS,Sul,P0005,"Fone de Ouvido Sem Fio TWS, PHILIPS",Áudio,1.0,124.91,0.0217,2025-02-12,2025-02-11
ORD01060,2025-02-07,Cliente_354,Pedro Miguel Mendes,Macapá,AP,Norte,P0016,Fone de Ouvido Profissional EDIFIER WH950NB,Áudio,1.0,899.0,0.0308,2025-02-11,2025-02-14
ORD01061,2025-02-07,Cliente_360,Mariane Campos,Teresina,PI,Nordeste,P0007,Película para iPhone 14Pro Anti impacto,Acessórios Mobile,2.0,51.8,0.116,2025-02-12,2025-02-14
ORD01062,2025-02-07,Cliente_371,Ana Luiza Nunes,Joinville,SC,Sul,P0005,"Fone de Ouvido Sem Fio TWS, PHILIPS",Áudio,3.0,124.91,0.0543,2025-02-12,2025-02-10
ORD01063,2025-02-07,Cliente_373,Sr. Cauê Martins,Gravataí,RS,Sul,P0011,"Soundbar Samsung com 2.1 canais, Dolby Digital",Áudio,2.0,1072.0,0.0325,2025-02-11,2025-02-12
ORD01064,2025-02-07,Cliente_377,Lucas Castro,Rio Branco,AC,Norte,P0002,Samsung Galaxy Tab S6 Lite,Smartphones e Tablets,2.0,1799.01,0.0549,2025-02-15,2025-02-15
ORD01065,2025-02-07, Cliente_381,Fernanda Rocha,Ribeirão Preto,SP,Sudeste,P0020,Teclado Mecanico Fizz,Informática,3.0,174.9,0.192,2025-02-14,2025-02-13
ORD01066,2025-02-07,Cliente403,Laís da Paz,João Pessoa,PB,Nordeste,P0010,"Smart TV LED 32""Samsung LED Tizen TV",TV e Projeção,1.0,1079.0,0.1485,2025-02-11,2025-02-12
ORD01067,2025-02-07,Cliente_421,Kaique Oliveira Aragão,Campinas,SP,Sudeste,P0025,Webcam Logitech Full HD,Informática,1.0,329.9,0.0917,2025-02-11,2025-02-12
ORD01068,2025-02-07,Cliente_422,Renan Conceição Ribeiro,Uberlândia,MG,Sudeste,P0007,Película para iPhone 14Pro Anti impacto,Acessórios Mobile,3.0,51.8,0.1906,2025-02-10,2025-02-10
ORD01069,2025-02-07,Cliente_425,Igor Mota Castro,Pico,PI,Nordeste,P0027,Caixa de Som Bluetooth JBL,Áudio,2.0,549.9,0.0901,2025-02-12,2025-02-12
ORD01070,2025-02-07,Cliente_506,Juliana Barbosa,Bacabal,MA,Nordeste,P0016,Fone de Ouvido Profissional EDIFIER WH950NB,Áudio,1.0,899.0,0.0631,2025-02-10,2025-02-10
ORD01071,2025-02-07,Cliente_520,Isabella Fernandes,Santo André,SP,Sudeste,P0015,Fone de Ouvido Profissional AKG K92 ,Áudio,3.0,428.99,0.1236,2025-02-12,2025-02-10
ORD01072,2025-02-07,Cliente_526,Larissa Alves,Juiz de Fora,MG,Sudeste,P0018,"Monitor UHD Samsung 32""",Informática,,1626.57,0.1099,2025-02-12,2025-02-12
ORD01073,2025-02-07,Cliente_528,Thiago Mata Mendes,Niterói,RJ,Sudeste,P0009,Smart TV 32” Philco LED Roku TV,TV e Projeção,1.0,949.0,0.0231,2025-02-12,2025-02-12
ORD01074,2025-02-07,Cliente_528,Thiago Mata Mendes,Niterói,RJ,Sudeste,P0011,"Soundbar Samsung com 2.1 canais, Dolby Digital",Áudio,1.0,1072.0,0.0192,2025-02-13,2025-02-13
ORD01075,2025-02-08,Cliente_006,Miguel Cardoso,Juazeiro,BA,Nordeste,P0004,Carregador Turbo Tipo-C 50w,Acessórios Mobile,3.0,53.9,0.0551,2025-02-14,2025-02-12
ORD01076,2025-02-08,Cliente_014,Pedro Lucas Melo,Brasiléia,AC,Norte,P0023,Tablet Lenovo Tab M11,Smartphones e Tablets,3.0,1399.9,0.1749,2025-02-16,2025-02-16
ORD01077,2025-02-08,Cliente_016,Sr. Thomas Nascimento,Tarauacá,AC,Norte,P0019,Mouse Redragon Wireless,Informática,4.0,165.99,0.2141,2025-02-16,2025-02-15
ORD01078,2025-02-08,Cliente_018,Murilo Ferreira,Itacoatiara,AM,Norte,P0008,Película de Vidro 3D Galaxy A30s,Acessórios Mobile,3.0,17.9,0.0816,2025-02-14,2025-02-13
ORD01079,2025-02-08,Cliente_053,Pedro Moreira,Campinas,SP,Sudeste,P0016,Fone de Ouvido Profissional EDIFIER WH950NB,Áudio,3.0,899.0,0.0277,2025-02-15,2025-02-16
ORD01080,2025-02-08,Cliente_087,Dr. Pietro Silva,Pico,PI,Nordeste,P0007,Película para iPhone 14Pro Anti impacto,Acessórios Mobile,2.0,51.8,0.0833,2025-02-15,2025-02-20
ORD01081,2025-02-08,Cliente_093,Bárbara Martins,Feira de Santana,BA,Nordeste,P0005,"Fone de Ouvido Sem Fio TWS, PHILIPS",Áudio,2.0,124.91,0.0427,2025-02-14,2025-02-12
ORD01082,2025-02-08,Cliente_108,Sr. Eduardo Moreira,Recife,PE,Nordeste,P0027,Caixa de Som Bluetooth JBL,Áudio,1.0,549.9,0.1257,2025-02-12,2025-02-16
ORD01083,2025-02-08,Cliente_146,Levi Freitas,Ji-Paraná,RO,Norte,P0005,"Fone de Ouvido Sem Fio TWS, PHILIPS",Áudio,3.0,124.91,0.0404,2025-02-16,2025-02-20
ORD01084,2025-02-08,Cliente_158,Emanuel Ramos,Timon,MA,Nordeste,P0001,Samsung Galaxy A36,Smartphones e Tablets,2.0,1979.1,0.0436,2025-02-10,2025-02-10
ORD01085,2025-02-08,Cliente_167,Sophie da Cruz,Caucaia,CE,Nordeste,P0027,Caixa de Som Bluetooth JBL,Áudio,2.0,549.9,0.0916,2025-02-14,2025-02-15
ORD01086,2025-02-08,cliente#208,Vitor Araújo,Betim,MG,Sudeste,P0008,Película de Vidro 3D Galaxy A30s,Acessórios Mobile,2.0,17.9,0.0665,2025-02-10,2025-02-09
ORD01087,2025-02-08,Cliente_218,Isabel Pereira,Vila Velha,ES,Sudeste,P0012,"Soundbar Tomate MTS-2017, Bivolt",Áudio,2.0,769.9,0.0137,2025-02-11,2025-02-11
ORD01088,2025-02-08,Cliente_222,João Gabriel Nunes,Vitória,ES,Sudeste,P0018,"Monitor UHD Samsung 32""", Informática,2.0,1626.57,0.0725,2025-02-13,2025-02-11
ORD01089,2025-02-08,Cliente_263,Sr. Cauã Carvalho,Uberlândia,MG,Sudeste,P0016,Fone de Ouvido Profissional EDIFIER WH950NB,Áudio,1.0,899.0,0.0288,2025-02-14,2025-02-16
ORD01090,2025-02-08,Cliente_271,Rebeca Pires,Bom Jesus,PI,Nordeste,P0016, Fone de Ouvido Profissional EDIFIER WH950NB,Áudio,1.0,899.0,0.0381,2025-02-15,2025-02-13
ORD01091,2025-02-08,Cliente_293,Luiza Teixeira,Santo André,SP,Sudeste,P0021,SSD Crucial 1TB NVMe M.2,Informática,2.0,449.0,0.0238,2025-02-10,2025-02-11
ORD01092,2025-02-08,Cliente_323,Dr. João Pedro Carvalho,Boa Vista,RR,Norte,P0017,ACER Notebook Gamer Nitro,Informática,3.0,4604.0,0.1266,2025-02-14,2025-02-14
ORD01093,2025-02-08,Cliente_323,Dr. João Pedro Carvalho,Boa Vista,RR,Norte,P0026,Cabo USB-C Trançado 2m,Acessórios Mobile,2.0,34.9,0.0958,2025-02-15,2025-02-17
ORD01094,2025-02-08,Cliente_333,Isaac Lopes,Londrina,PR,Sul,P0004,Carregador Turbo Tipo-C 50w,Acessórios Mobile,4.0,53.9,0.0705,2025-02-10,2025-02-09
ORD01095,2025-02-08,Cliente_347,Murilo Cunha,Porto Nacional,TO,Norte,P0010,"Smart TV LED 32""Samsung LED Tizen TV",TV e Projeção,2.0,1079.0,0.103,2025-02-13,2025-02-13
ORD01096,2025-02-08,Cliente_371,Ana Luiza Nunes,Joinville,SC,Sul,P0007,Película para iPhone 14Pro Anti impacto,Acessórios Mobile,1.0,51.8,0.1058,2025-02-12,2025-02-11
ORD01097,2025-02-08,Cliente_381 ,Fernanda Rocha,Ribeirão Preto,SP,Sudeste,P0012,"Soundbar Tomate MTS-2017, Bivolt",Áudio,2.0,769.9,0.0182,2025-02-12,2025-02-14
ORD01098,2025-02-08,Cliente_402,Catarina Gonçalves,Niterói,RJ,Sudeste,P0002,Samsung Galaxy Tab S6 Lite,Smartphones e Tablets,2.0,1799.01,0.1766,2025-02-14,2025-02-13
ORD01099,2025-02-08,Cliente_467,Pedro Cardoso Nogueira,Contagem,MG,Sudeste,P0005,"Fone de Ouvido Sem Fio TWS, PHILIPS",Áudio,1.0,124.91,0.0353,2025-02-13,2025-02-17
ORD01100,2025-02-08,Cliente_483,Melissa Gomes,Blumenau,SC,Sul,P0007,Película para iPhone 14Pro Anti impacto,Acessórios Mobile,2.0,51.8,0.0706,2025-02-15,2025-02-15
ORD01101,2025-02-09,Cliente_016,Sr. Thomas Nascimento,Tarauacá,AC,Norte,P0007,Película para iPhone 14Pro Anti impacto,Acessórios Mobile,4.0,51.8,0.1228,2025-02-16,2025-02-14
ORD01102,2025-02-09,Cliente_036,Bryan Pires,Manacapuru,AM,Norte,P0006,Fone de ouvido Sem Fio QCY T27,Áudio,1.0,129.86,0.0457,2025-02-16,2025-02-18
ORD01103,2025-02-09,Cliente_075,Rafaela Peixoto,Ribeirão Preto,SP,Sudeste,P0027,Caixa de Som Bluetooth JBL,Áudio,1.0,549.9,0.1319,2025-02-14,2025-02-12
ORD01104,2025-02-09,Cliente_076,Leandro da Costa,Rolim de Moura,RO,Norte,P0014,Projetor EPSON Powerlite Wide Screen,TV e Projeção,2.0,2742.13,0.0635,2025-02-17,2025-02-15
ORD01105,2025-02-09,Cliente_098,Thales Castro,Caxias do Sul,RS,Sul,P0025,Webcam Logitech Full HD,Informática,3.0,329.9,0.0408,2025-02-12,2025-02-12
ORD01106,2025-02-09,Cliente_127,Lucas Gabriel Jesus,Ji-Paraná,RO,Norte,P0005,"Fone de Ouvido Sem Fio TWS, PHILIPS",Áudio,3.0,124.91,0.024,2025-02-16,2025-02-16
ORD01107,2025-02-09,Cliente_159,Dr. Igor Correia,Santa Rita,PB,Nordeste,P0007,Película para iPhone 14Pro Anti impacto,Acessórios Mobile,1.0,51.8,0.0909,2025-02-12,2025-02-12
ORD01108,2025-02-09,Cliente_174,Manuela Nogueira,Pelotas,RS,Sul,P0021,SSD Crucial 1TB NVMe M.2,Informática,4.0,449.0,0.0561,2025-02-12,2025-02-10
ORD01109,2025-02-09,Cliente_205,Kevin Souza,Santa Rita,PB,Nordeste,P0010,"Smart TV LED 32""Samsung LED Tizen TV",TV e Projeção,3.0,1079.0,0.043,2025-02-14,2025-02-13
ORD01110,2025-02-09,Cliente_211,Srta. Natália Cardoso,Cruzeiro do Sul,AC,Norte,P0007,Película para iPhone 14Pro Anti impacto,Acessórios Mobile,2.0,51.8,0.0701,2025-02-15,2025-02-13
ORD01111,2025-02-09,Cliente_216,Yasmin Costela,Pelotas,RS,Sul,P0003,Carregador Turbo USB-C 30W,Acessórios Mobile,3.0,49.9,0.0622,2025-02-11,2025-02-11
ORD01112,2025-02-09,Cliente_266,Caroline Carvalho,Cruzeiro do Sul,AC,Norte,P0006,Fone de ouvido Sem Fio QCY T27,Áudio,1.0,129.86,0.0749,2025-02-13,2025-02-12
ORD01113,2025-02-09,Cliente_289,Noah Oliveira,Santana,AP,Norte,P0012,"Soundbar Tomate MTS-2017, Bivolt",Áudio,2.0,769.9,0.0234,2025-02-12,2025-02-11
ORD01114,2025-02-09,Cliente_330,Rebeca Farias,Cascavel,PR,Sul,P0011,"Soundbar Samsung com 2.1 canais, Dolby Digital",Áudio,4.0,1072.0,0.0201,2025-02-14,2025-02-13
ORD01115,2025-02-09,Cliente_333,Isaac Lopes,Londrina,PR,Sul,P0015,Fone de Ouvido Profissional AKG K92,Áudio,3.0,428.99,0.3293,2025-02-12,2025-02-11
ORD01116,2025-02-09,Cliente_347,Murilo Cunha,Porto Nacional,TO,Norte,P0006,Fone de ouvido Sem Fio QCY T27,Áudio,1.0,129.86,0.0639,2025-02-16,2025-02-16
ORD01117,2025-02-09,Cliente_347,Murilo Cunha,Porto Nacional,TO,Norte,P0008,Película de Vidro 3D Galaxy A30s,Acessórios Mobile,3.0,17.9,0.1052,2025-02-16,2025-02-16
ORD01118,2025-02-09,Cliente_355,Srta. Marina Rocha,Caucaia,CE,Nordeste,P0003,Carregador Turbo USB-C 30W,Acessórios Mobile ,2.0,49.9,0.0585,2025-02-15,2025-02-14
ORD01119,2025-02-09,Cliente_356,Matheus Ribeiro,Londrina,PR,Sul,P0026,Cabo USB-C Trançado 2m,Acessórios Mobile,1.0,34.9,0.0977,2025-02-14,2025-02-12
ORD01120,2025-02-09,Cliente_397,Isabella Gonçalves,Vitória,ES,Sudeste,P0014,Projetor EPSON Powerlite Wide Screen,TV e Projeção,,2742.13,0.0689,2025-02-14,2025-02-13
ORD01121,2025-02-09,Cliente_402,Catarina Gonçalves,Niterói,RJ,Sudeste,P0002,Samsung Galaxy Tab S6 Lite,Smartphones e Tablets,3.0,1799.01,0.0906,2025-02-14,2025-02-14
ORD01122,2025-02-09,Cliente_408,Maria Julia Duarte,Marabá,PA,Norte,P0004,Carregador Turbo Tipo-C 50w,Acessórios Mobile,2.0,53.9,0.0564,2025-02-14,2025-02-14
ORD01123,2025-02-09,Cliente_489,Bruno Caldeira,Duque de Caxias,RJ,Sudeste,P0027,Caixa de Som Bluetooth JBL,Áudio,1.0,549.9,0.1279,2025-02-12,2025-02-12
ORD01124,2025-02-09,Cliente_501,Júlia Mota,Contagem,MG,Sudeste,P0017,ACER Notebook Gamer Nitro,Informática,3.0,4604.0,0.1733,2025-02-13,2025-02-18
ORD01125,2025-02-09,Cliente_521,Lívia Ferreira,Gravataí,RS,Sul,P0027,Caixa de Som Bluetooth JBL,Áudio,1.0,549.9,0.0902,2025-02-13,2025-02-13
ORD01126,2025-02-09,Cliente_524,Bruno Costela,Maringá,PR,Sul,P0027,Caixa de Som Bluetooth JBL,Áudio,3.0,549.9,0.0823,2025-02-13,2025-02-16
ORD01127,2025-02-10,Cliente_036,Bryan Pires,Manacapuru,AM,Norte,P0007,Película para iPhone 14Pro Anti impacto,Acessórios Mobile,3.0,51.8,0.065,2025-02-18,2025-02-19
ORD01128,2025-02-10,Cliente_036,Bryan Pires,Manacapuru,AM,Norte,P0018,"Monitor UHD Samsung 32""",Informática,3.0,1626.57,0.0762,2025-02-16,2025-02-15
ORD01129,2025-02-10,Cliente_040,Renan Silveira,Propriá,SE,Nordeste,P0006,Fone de ouvido Sem Fio QCY T27,Áudio,2.0,129.86,0.05,2025-02-18,2025-02-22
ORD01130,2025-02-10,Cliente_061,Dr. Emanuel Fogaça,Porto Nacional,TO,Norte,P0007,Película para iPhone 14Pro Anti impacto,Acessórios Mobile,3.0,51.8,0.119,2025-02-19,2025-02-19
ORD01131,2025-02-10,Cliente_068,Stephany Moreira,Curitiba,PR,Sul,P0004,Carregador Turbo Tipo-C 50w,Acessórios Mobile,1.0,53.9,0.0636,2025-02-13,2025-02-12
ORD01132,2025-02-10,Cliente_119,Daniel Costa,Jaboatão dos Guararapes,PE,Nordeste,P0015,Fone de Ouvido Profissional AKG K92,Áudio,1.0,428.99,0.2739,2025-02-17,2025-02-21
ORD01133,2025-02-10,Cliente_156,Lívia da Rocha,Cacoal,RO,Norte,P0020,Teclado Mecanico Fizz,Informática,3.0,174.9,0.1226,2025-02-17,2025-02-19
ORD01134,2025-02-10,Cliente_171,Vitor Gabriel Fernandes,Ferreira Gomes,AP,Norte,P0002,Samsung Galaxy Tab S6 Lite,Smartphones e Tablets,,1799.01,0.1408,2025-02-17,2025-02-16
ORD01135,2025-02-10,Cliente_300,Dra. Maria Sophia Nogueira,Chapecó,SC,Sul,P0006,Fone de ouvido Sem Fio QCY T27,Áudio,2.0,129.86,0.0416,2025-02-14,2025-02-15
ORD01136,2025-02-10,Cliente_330,Rebeca Farias,Cascavel,PR,Sul,P0017,ACER Notebook Gamer Nitro,Informática,2.0,4604.0,0.138,2025-02-13,2025-02-11
ORD01137,2025-02-10,Cliente_332,Júlia Moraes,São Bernardo do Campo,SP,Sudeste,P0010,"Smart TV LED 32""Samsung LED Tizen TV",TV e Projeção,2.0,1079.0,0.0532,2025-02-12,2025-02-12
ORD01138,2025-02-10,Cliente_381,Fernanda Rocha,Ribeirão Preto,SP,Sudeste,P0013,"Projetor Smart Epson EpiqVision, FULL HD",TV e Projeção,4.0,3049.99,0.0749,2025-02-16,2025-02-16
ORD01139,2025-02-10, Cliente_403 ,Laís da Paz,João Pessoa,PB,Nordeste,P0004,Carregador Turbo Tipo-C 50w,Acessórios Mobile,4.0,53.9,0.0817,2025-02-14,2025-02-13
ORD01140,2025-02-10,Cliente_409,Eloah Silva,Sobral,CE,Nordeste,P0027,Caixa de Som Bluetooth JBL,Áudio,2.0,549.9,0.1341,2025-02-14,2025-02-13
ORD01141,2025-02-10,Cliente_457,Francisco Cardoso,Itajaí,SC,Sul,P0005,"Fone de Ouvido Sem Fio TWS, PHILIPS",Áudio,2.0,124.91,0.0372,2025-02-13,2025-02-12
ORD01142,2025-02-10,Cliente_470,Pedro Freitas,Vila Velha,ES,Sudeste,P0015,Fone de Ouvido Profissional AKG K92,Áudio,2.0,428.99,0.1931,2025-02-12,2025-02-16
ORD01143,2025-02-10,Cliente_483,Melissa Gomes,Blumenau,SC,Sul,P0008,Película de Vidro 3D Galaxy A30s,Acessórios Mobile,2.0,17.9,0.0713,2025-02-16,2025-02-14
ORD01144,2025-02-11,Cliente_027,Davi Lucas Gomes,Ribeirão Preto,SP,Sudeste,P0012,"Soundbar Tomate MTS-2017, Bivolt",Áudio,1.0,769.9,0.0182,2025-02-15,2025-02-14
ORD01145,2025-02-11,Cliente_046,Dra. Emanuella Sales,Cruzeiro do Sul,AC,Norte,P0009,Smart TV 32” Philco LED Roku TV,TV e Projeção,2.0,949.0,0.0094,2025-02-15,2025-02-12
ORD01146,2025-02-11,Cliente_050,Enzo Monteiro,Curitiba,PR,Sul,P0016,Fone de Ouvido Profissional EDIFIER WH950NB,Áudio,3.0,899.0,0.058,2025-02-17,2025-02-16
ORD01147,2025-02-11,Cliente_080,Kamilly Porto,Santana,AP,Norte,P0012,"Soundbar Tomate MTS-2017, Bivolt",Áudio,3.0,769.9,0.0231,2025-02-17,2025-02-17
ORD01148,2025-02-11,Cliente_090,Caio Novaes,Blumenau,SC,Sul,P0012,"Soundbar Tomate MTS-2017, Bivolt",Áudio,1.0,769.9,0.0166,2025-02-16,2025-02-17
ORD01149,2025-02-11,Cliente_099,Srta. Maria Luiza Rocha,Blumenau,SC,Sul,P0024,Memória Kingston Fury 16GB DDR5,Informática,4.0,389.9,0.1968,2025-02-19,2025-02-21
ORD01150,2025-02-11,Cliente_156,Lívia da Rocha,Cacoal,RO,Norte,P0004,Carregador Turbo Tipo-C 50w,Acessórios Mobile,4.0,53.9,0.0455,2025-02-16,2025-02-16
ORD01151,2025-02-11,Cliente_156,Lívia da Rocha,Cacoal,RO,Norte,P0011,"Soundbar Samsung com 2.1 canais, Dolby Digital",Áudio,1.0,1072.0,0.0239,2025-02-18,2025-02-17
ORD01152,2025-02-11,Cliente_170,Nicolas Vieira,Patos,PB,Nordeste,P0018,"Monitor UHD Samsung 32""",Informática,1.0,1626.57,0.1291,2025-02-15,2025-02-15
ORD01153,2025-02-11,Cliente_218,Isabel Pereira,Vila Velha,ES,Sudeste,P0027,Caixa de Som Bluetooth JBL,Áudio,1.0,549.9,0.076,2025-02-17,2025-02-17
ORD01154,2025-02-11,Cliente_240,Esther Monteiro,Fortaleza,CE,Nordeste,P0012,"Soundbar Tomate MTS-2017, Bivolt",Áudio,1.0,769.9,0.0266,2025-02-16,2025-02-18
ORD01155,2025-02-11,Cliente_304,Guilherme da Cunha,Tocantinópolis,TO,Norte,P0008,Película de Vidro 3D Galaxy A30s,Acessórios Mobile,4.0,17.9,0.0822,2025-02-14,2025-02-12
ORD01156,2025-02-11,Cliente_315,Calebe Gonçalves,Currais Novos,RN,Nordeste,P0001,Samsung Galaxy A36,Smartphones e Tablets,2.0,1979.1,0.0369,2025-02-18,2025-02-16
ORD01157,2025-02-11,Cliente_327,Sra. Maria Eduarda Cardoso,Vila Velha,ES,Sudeste,P0005,"Fone de Ouvido Sem Fio TWS, PHILIPS",Áudio,4.0,124.91,0.0238,2025-02-13,2025-02-12
ORD01158,2025-02-11,Cliente_345,Nathan Castro,Brasiléia,AC,Norte,P0002,Samsung Galaxy Tab S6 Lite,Smartphones e Tablets,2.0,1799.01,0.1553,2025-02-18,2025-02-24
ORD01159,2025-02-11,Cliente_346,Enzo Teixeira,Pelotas,RS,Sul,P0004,Carregador Turbo Tipo-C 50w,Acessórios Mobile,4.0,53.9,0.0767,2025-02-15,2025-02-13
ORD01160,2025-02-11,Cliente_360,Mariane Campos,Teresina,PI,Nordeste,P0016,Fone de Ouvido Profissional EDIFIER WH950NB,Áudio,2.0,899.0,0.0355,2025-02-17,2025-02-17
ORD01161,2025-02-11,Cliente_369,Nicolas Pires,Contagem,MG,Sudeste,P0018,"Monitor UHD Samsung 32""",Informática,1.0,1626.57,0.1767,2025-02-16,2025-02-15
ORD01162,2025-02-11,Cliente_376,Eduarda Melo,Serra,ES,Sudeste,P0007,Película para iPhone 14Pro Anti impacto,Acessórios Mobile,4.0,51.8,0.1628,2025-02-14,2025-02-15
ORD01163,2025-02-11,Cliente_400,Ana Sophia da Rosa,Floriano,PI,Nordeste,P0021,SSD Crucial 1TB NVMe M.2,Informática,3.0,449.0,0.0785,2025-02-17,2025-02-18
ORD01164,2025-02-11,Cliente_410,Sra. Melissa Gonçalves,Santarém,PA,Norte,P0010,"Smart TV LED 32""Samsung LED Tizen TV",TV e Projeção,2.0,1079.0,0.0713,2025-02-14,2025-02-14
ORD01165,2025-02-11,Cliente_517,Letícia Cunha,Parnamirim,RN,Nordeste,P0020,Teclado Mecanico Fizz,Informática,3.0,174.9,0.1174,2025-02-17,2025-02-15
ORD01166,2025-02-11,Cliente_532,Gustavo Farias,Tarauacá,AC,Norte,P0010,"Smart TV LED 32""Samsung LED Tizen TV",TV e Projeção,2.0,1079.0,0.0561,2025-02-19,2025-02-19
ORD01167,2025-02-12,Cliente_027,Davi Lucas Gomes,Ribeirão Preto,SP,Sudeste,P0021,SSD Crucial 1TB NVMe M.2,Informática,3.0,449.0,0.0392,2025-02-16,2025-02-15
ORD01168,2025-02-12,Cliente_029,Dr. Pedro Henrique da Cruz,São Paulo,SP,Sudeste,P0010,"Smart TV LED 32""Samsung LED Tizen TV",TV e Projeção,2.0,1079.0,0.0842,2025-02-18,2025-02-17
ORD01169,2025-02-12,Cliente_036,Bryan Pires,Manacapuru,AM,Norte,P0027,Caixa de Som Bluetooth JBL,Áudio,1.0,549.9,0.0917,2025-02-17,2025-02-15
ORD01170,2025-02-12,cliente_057,Sr. Antônio Ramos,Sena Madureira,AC,Norte,P0007,Película para iPhone 14Pro Anti impacto,Acessórios Mobile,3.0,51.8,0.0634,2025-02-16,2025-02-18
ORD01171,2025-02-12,Cliente_059,Srta. Laura Caldeira,Gravataí,RS,Sul,P0023,Tablet Lenovo Tab M11,Smartphones e Tablets,2.0,1399.9,0.1543,2025-02-16,2025-02-16
ORD01172,2025-02-12,Cliente_075,Rafaela Peixoto,Ribeirão Preto,SP,Sudeste,P0016,Fone de Ouvido Profissional EDIFIER WH950NB,Áudio,2.0,899.0,0.033,2025-02-16,2025-02-15
ORD01173,2025-02-12,Cliente_108,Sr. Eduardo Moreira,Recife,PE,Nordeste,P0006,Fone de ouvido Sem Fio QCY T27,Áudio,3.0,129.86,0.0555,2025-02-19,2025-02-19
ORD01174,2025-02-12,Cliente_131,Yuri Silveira,Santa Maria,RS,Sul,P0002,Samsung Galaxy Tab S6 Lite,Smartphones e Tablets,1.0,1799.01,0.1053,2025-02-15,2025-02-14
ORD01175,2025-02-12,Cliente_134,Juan da Luz,Blumenau,SC,Sul,P0016, Fone de Ouvido Profissional EDIFIER WH950NB,Áudio,4.0,899.0,0.06,2025-02-17,2025-02-14
ORD01176,2025-02-12,Cliente_161,Murilo Monteiro,Currais Novos,RN,Nordeste,P0005,"Fone de Ouvido Sem Fio TWS, PHILIPS",Áudio,4.0,124.91,0.0286,2025-02-19,2025-02-21
ORD01177,2025-02-12,Cliente_182,Pedro Henrique Pinto,Parnaíba,PI,Nordeste,P0009,Smart TV 32” Philco LED Roku TV,TV e Projeção,1.0,949.0,0.0083,2025-02-16,2025-02-15
ORD01178,2025-02-12,Cliente_218,Isabel Pereira,Vila Velha,ES,Sudeste,P0021,SSD Crucial 1TB NVMe M.2,Informática,3.0,449.0,0.0208,2025-02-15,2025-02-17
ORD01179,2025-02-12,Cliente_228,Gabrielly Santos,Santarém,PA,Norte,P0007,Película para iPhone 14Pro Anti impacto,Acessórios Mobile,2.0,51.8,0.0638,2025-02-19,2025-02-24
ORD01180,2025-02-12,Cliente_252,Sr. Isaac Melo,Itajaí,SC,Sul,P0011,"Soundbar Samsung com 2.1 canais, Dolby Digital",Áudio,2.0,1072.0,0.0205,2025-02-16,2025-02-18
ORD01181,2025-02-12,Cliente_300,Dra. Maria Sophia Nogueira,Chapecó,SC,Sul,P0007,Película para iPhone 14Pro Anti impacto,Acessórios Mobile,1.0,51.8,0.068,2025-02-16,2025-02-15
ORD01182,2025-02-12,Cliente_303,Davi Lucca Freitas,Boa Vista,RR,Norte,P0017,ACER Notebook Gamer Nitro,Informática,1.0,4604.0,0.0832,2025-02-17,2025-02-16
ORD01183,2025-02-12,Cliente_355,Srta. Marina Rocha,Caucaia,CE,Nordeste,P0013,"Projetor Smart Epson EpiqVision, FULL HD",TV e Projeção,2.0,3049.99,0.0593,2025-02-19,2025-02-18
ORD01184,2025-02-12,Cliente_356,Matheus Ribeiro,Londrina,PR,Sul,P0005,"Fone de Ouvido Sem Fio TWS, PHILIPS",Áudio,4.0,124.91,0.0543,2025-02-19,2025-02-21
ORD01185,2025-02-12,Cliente_360,Mariane Campos,Teresina,PI,Nordeste,P0013,"Projetor Smart Epson EpiqVision, FULL HD",TV e Projeção,1.0,3049.99,0.0876,2025-02-17,2025-02-21
ORD01186,2025-02-12,Cliente_371,Ana Luiza Nunes,Joinville,SC,Sul,P0009,Smart TV 32” Philco LED Roku TV,TV e Projeção,1.0,949.0,0.0201,2025-02-14,2025-02-13
ORD01187,2025-02-12,Cliente_372,Diego Silva,Caracaraí,RR,Norte,P0007,Película para iPhone 14Pro Anti impacto,Acessórios Mobile,2.0,51.8,0.1116,2025-02-19,2025-02-19
ORD01188,2025-02-12,Cliente_484,Rafael Novaes Nogueira,Santa Maria,RS,Sul,P0001,Samsung Galaxy A36,Smartphones e Tablets,2.0,1979.1,0.0278,2025-02-18,2025-02-21
ORD01189,2025-02-12,Cliente_503,Noah Pires,Contagem,MG,Sudeste,P0005,"Fone de Ouvido Sem Fio TWS, PHILIPS",Áudio,4.0,124.91,0.0901,2025-02-14,2025-02-13
ORD01190,2025-02-12,Cliente_520,Isabella Fernandes,Santo André,SP,Sudeste,P0006,Fone de ouvido Sem Fio QCY T27,Áudio,1.0,129.86,0.0801,2025-02-19,2025-02-18
ORD01191,2025-02-12,Cliente_534,Luana Moreira,Estância,SE,Nordeste,P0012,"Soundbar Tomate MTS-2017, Bivolt",Áudio,4.0,769.9,0.0197,2025-02-18,2025-02-16
ORD01192,2025-02-13, Cliente_065 ,Letícia Porto,Santana,AP,Norte,P0001,Samsung Galaxy A36,Smartphones e Tablets,3.0,1979.1,0.0451,2025-02-20,2025-02-23
ORD01193,2025-02-13,Cliente_081,Sr. Heitor da Paz,Brasiléia,AC,Norte,P0008,Película de Vidro 3D Galaxy A30s,Acessórios Mobile,4.0,17.9,0.1005,2025-02-18,2025-02-23
ORD01194,2025-02-13,Cliente_093,Bárbara Martins,Feira de Santana,BA,Nordeste,P0009,Smart TV 32” Philco LED Roku TV,TV e Projeção,4.0,949.0,0.0164,2025-02-18,2025-02-19
ORD01195,2025-02-13,Cliente_167,Sophie da Cruz,Caucaia,CE,Nordeste,P0017,ACER Notebook Gamer Nitro ,Informática,1.0,4604.0,0.07,2025-02-17,2025-02-17
ORD01196,2025-02-13,Cliente_178,Arthur Azevedo,Caxias,MA,Nordeste,P0006,Fone de ouvido Sem Fio QCY T27,Áudio,4.0,129.86,0.0406,2025-02-17,2025-02-17
ORD01197,2025-02-13,Cliente_202,Nicolas Viana,Niterói,RJ,Sudeste,P0017,ACER Notebook Gamer Nitro,Informática,4.0,4604.0,0.1112,2025-02-17,2025-02-16
ORD01198,2025-02-13,Cliente_223,Felipe da Cunha,Tarauacá,AC,Norte,P0005,"Fone de Ouvido Sem Fio TWS, PHILIPS",Áudio,3.0,124.91,0.0444,2025-02-19,2025-02-18
ORD01199,2025-02-13,Cliente_260,Ana Vitória Monteiro,Ribeirão Preto,SP,Sudeste,P0017,ACER Notebook Gamer Nitro,Informática,1.0,4604.0,0.1197,2025-02-19,2025-02-18
ORD01200,2025-02-13,Cliente_272,Julia Freitas,Salvador,BA,Nordeste,P0002,Samsung Galaxy Tab S6 Lite,Smartphones e Tablets,2.0,1799.01,0.0845,2025-02-22,2025-02-22
ORD01201,2025-02-13,Cliente_292,Melissa da Conceição,Maringá,PR,Sul,P0010,"Smart TV LED 32""Samsung LED Tizen TV",TV e Projeção,4.0,1079.0,0.1459,2025-02-17,2025-02-17
ORD01202,2025-02-13,Cliente_298,Clara Gomes,Fortaleza,CE,Nordeste,P0002,Samsung Galaxy Tab S6 Lite,Smartphones e Tablets,2.0,1799.01,0.0472,2025-02-20,2025-02-21
ORD01203,2025-02-13,Cliente_313,Noah Rodrigues,Ji-Paraná,RO,Norte,P0002,Samsung Galaxy Tab S6 Lite,Smartphones e Tablets,2.0,1799.01,0.0833,2025-02-18,2025-02-18
ORD01204,2025-02-13,Cliente_337,Benício Fernandes,Castanhal,PA,Norte,P0011,"Soundbar Samsung com 2.1 canais, Dolby Digital",Áudio,1.0,1072.0,0.0209,2025-02-21,2025-02-20
ORD01205,2025-02-13,Cliente_342,Vitor Gabriel Nascimento,Rio Branco,AC,Norte,P0007,Película para iPhone 14Pro Anti impacto,Acessórios Mobile,2.0,51.8,0.1039,2025-02-18,2025-02-21
ORD01206,2025-02-13,Cliente_357,Amanda Araújo,Araguaína,TO,Norte,P0013,"Projetor Smart Epson EpiqVision, FULL HD",TV e Projeção,3.0,3049.99,0.073,2025-02-18,2025-02-18
ORD01207,2025-02-13,Cliente_394,Eduardo Oliveira,Ribeirão Preto,SP,Sudeste,P0020,Teclado Mecanico Fizz,Informática,3.0,174.9,0.194,2025-02-17,2025-02-16
ORD01208,2025-02-13,Cliente_513,Bryan Pereira,Londrina,PR,Sul,P0027,Caixa de Som Bluetooth JBL,Áudio,2.0,549.9,0.1057,2025-02-19,2025-02-19
ORD01209,2025-02-14,Cliente_030,João Lucas da Costa,Joinville,SC,Sul,P0004, Carregador Turbo Tipo-C 50w,Acessórios Mobile,4.0,53.9,0.0527,2025-02-18,2025-02-22
ORD01210,2025-02-14,Cliente_046,Dra. Emanuella Sales,Cruzeiro do Sul,AC,Norte,P0025,Webcam Logitech Full HD,Informática,2.0,329.9,0.0871,2025-02-20,2025-02-23
ORD01211,2025-02-14,cliente_104,Clarice Rezende,Blumenau,SC,Sul,P0016,Fone de Ouvido Profissional EDIFIER WH950NB,Áudio,2.0,899.0,0.0321,2025-02-20,2025-02-19
ORD01212,2025-02-14,Cliente_125,Marina Cardoso,Palmas,TO,Norte,P0016,Fone de Ouvido Profissional EDIFIER WH950NB,Áudio,2.0,899.0,0.0232,2025-02-19,2025-02-21
ORD01213,2025-02-14,Cliente_219,Natália da Luz,Cascavel,PR,Sul,P0020,Teclado Mecanico Fizz, Informática,2.0,174.9,0.1706,2025-02-16,2025-02-15
ORD01214,2025-02-14,Cliente_300,Dra. Maria Sophia Nogueira,Chapecó,SC,Sul,P0021,SSD Crucial 1TB NVMe M.2,Informática,4.0,449.0,0.0306,2025-02-20,2025-02-24
ORD01215,2025-02-14,Cliente_304,Guilherme da Cunha,Tocantinópolis,TO,Norte,P0005,"Fone de Ouvido Sem Fio TWS, PHILIPS",Áudio,2.0,124.91,0.0314,2025-02-21,2025-02-21
ORD01216,2025-02-14,Cliente_386,Diego Cavalcanti,Mucajaí,RR,Norte,P0020,Teclado Mecanico Fizz,Informática,4.0,174.9,0.1911,2025-02-19,2025-02-19
ORD01217,2025-02-14,Cliente_408,Maria Julia Duarte,Marabá,PA,Norte,P0018,"Monitor UHD Samsung 32""",Informática,2.0,1626.57,0.0641,2025-02-21,2025-02-20
ORD01218,2025-02-14,Cliente_550,Levi Duarte,Serra,ES,Sudeste,P0009,Smart TV 32” Philco LED Roku TV,TV e Projeção,3.0,949.0,0.0189,2025-02-20,2025-02-18
ORD01219,2025-02-15,Cliente_019,Gabriela da Paz,Uberlândia,MG,Sudeste,P0007,Película para iPhone 14Pro Anti impacto,Acessórios Mobile,2.0,51.8,0.0474,2025-02-17,2025-02-17
ORD01220,2025-02-15,Cliente_036,Bryan Pires,Manacapuru,AM,Norte,P0019,Mouse Redragon Wireless,Informática,2.0,165.99,0.163,2025-02-22,2025-02-27
ORD01221,2025-02-15,Cliente_073,Evelyn Castro,Juazeiro,BA,Nordeste,P0027,Caixa de Som Bluetooth JBL,Áudio,3.0,549.9,0.1142,2025-02-21,2025-02-20
ORD01222,2025-02-15,Cliente082,Felipe Gomes,Caicó,RN,Nordeste,P0011,"Soundbar Samsung com 2.1 canais, Dolby Digital",Áudio,1.0,1072.0,0.0232,2025-02-21,2025-02-20
ORD01223,2025-02-15,Cliente_141,Dr. Thiago da Mota,Santa Maria,RS,Sul,P0020,Teclado Mecanico Fizz,Informática,2.0,174.9,0.1258,2025-02-17,2025-02-17
ORD01224,2025-02-15,Cliente_173,Vitor Pinto,Cascavel,PR,Sul,P0020,Teclado Mecanico Fizz,Informática,2.0,174.9,0.2235,2025-02-18,2025-02-16
ORD01225,2025-02-15,Cliente_195,Maria Luiza da Conceição,Belém,PA,Norte,P0007,Película para iPhone 14Pro Anti impacto,Acessórios Mobile,3.0,51.8,0.0709,2025-02-20,2025-02-18
ORD01226,2025-02-15,Cliente_197,Sofia Barbosa,Ponta Grossa,PR,Sul,P0017,ACER Notebook Gamer Nitro,Informática,1.0,4604.0,0.0633,2025-02-20,2025-02-20
ORD01227,,Cliente_210,Sarah Correia,Manacapuru,AM,Norte,P0007,Película para iPhone 14Pro Anti impacto,Acessórios Mobile,4.0,51.8,0.0944,2025-02-22,2025-02-20
ORD01228,2025-02-15,Cliente_244,Maria Vitória Martins,Rio de Janeiro,RJ,Sudeste,P0010,"Smart TV LED 32""Samsung LED Tizen TV",TV e Projeção,3.0,1079.0,0.101,2025-02-18,2025-02-18
ORD01229,2025-02-15,Cliente_262,Maria Eduarda Peixoto,Sobral,CE,Nordeste,P0019,Mouse Redragon Wireless,Informática,3.0,165.99,0.146,2025-02-21,2025-02-21
ORD01230,2025-02-15,Cliente_297,Letícia Campos,Boa Vista,RR,Norte,P0019,Mouse Redragon Wireless,Informática,2.0,165.99,0.1689,2025-02-21,2025-02-19
ORD01231,2025-02-15,Cliente_355,Srta. Marina Rocha,Caucaia,CE,Nordeste,P0004,Carregador Turbo Tipo-C 50w,Acessórios Mobile,4.0,53.9,0.0618,2025-02-20,2025-02-19
ORD01232,2025-02-15,Cliente_360,Mariane Campos,Teresina,PI,Nordeste,P0015,Fone de Ouvido Profissional AKG K92,Áudio,1.0,428.99,0.121,2025-02-24,2025-02-24
ORD01233,2025-02-15,Cliente_385,Helena Barros,Campinas,SP,Sudeste,P0027,Caixa de Som Bluetooth JBL,Áudio,2.0,549.9,0.0993,2025-02-18,2025-02-18
ORD01234,2025-02-15,Cliente_408,Maria Julia Duarte,Marabá,PA,Norte,P0011,"Soundbar Samsung com 2.1 canais, Dolby Digital",Áudio,1.0,1072.0,0.0253,2025-02-22,2025-02-25
ORD01235,2025-02-15,Cliente_446,Fernanda Silveira Gomes,Blumenau,SC,Sul,P0027,Caixa de Som Bluetooth JBL,Áudio,2.0,549.9,0.0797,2025-02-20,2025-02-20
ORD01236,2025-02-15,Cliente_452,Arthur Silveira,Porto Nacional,TO,Norte,P0016,Fone de Ouvido Profissional EDIFIER WH950NB,Áudio,1.0,899.0,0.0465,2025-02-20,2025-02-20
ORD01237,2025-02-15,Cliente_454,Thiago Rocha,Niterói,RJ,Sudeste,P0017,ACER Notebook Gamer Nitro,Informática,2.0,4604.0,0.0418,2025-02-19,2025-02-19
ORD01238,2025-02-15,Cliente_475,Lorena Teixeira,Chapecó,SC,Sul,P0010,"Smart TV LED 32""Samsung LED Tizen TV",TV e Projeção,2.0,1079.0,0.0552,2025-02-18,2025-02-18
ORD01239,2025-02-16,Cliente_002,Fernanda Lima,Vila Velha,ES,Sudeste,P0027,Caixa de Som Bluetooth JBL,Áudio,1.0,549.9,0.1064,2025-02-19,2025-02-19
ORD01240,2025-02-16,Cliente_010,Cauã da Rosa,Sobral,CE,Nordeste,P0014,Projetor EPSON Powerlite Wide Screen,TV e Projeção,3.0,2742.13,0.0177,2025-02-19,2025-02-24
ORD01241,2025-02-16,Cliente_034,Clarice Barbosa,Ji-Paraná,RO,Norte,P0016,Fone de Ouvido Profissional EDIFIER WH950NB,Áudio,4.0,899.0,0.0423,2025-02-23,2025-02-22
ORD01242,2025-02-16,Cliente_053,Pedro Moreira,Campinas,SP,Sudeste,P0003,Carregador Turbo USB-C 30W,Acessórios Mobile,2.0,49.9,0.0172,2025-02-18,2025-02-18
ORD01243,2025-02-16,Cliente_055,Antônio Rocha,Rorainópolis,RR,Norte,P0007,Película para iPhone 14Pro Anti impacto,Acessórios Mobile,4.0,51.8,0.1276,2025-02-21,2025-02-20
ORD01244,2025-02-16,Cliente_068,Stephany Moreira,Curitiba,PR,Sul,P0016,Fone de Ouvido Profissional EDIFIER WH950NB,Áudio,3.0,899.0,0.0463,2025-02-20,2025-02-20
ORD01245,2025-02-16,Cliente_069,Levi da Rosa,Porto Nacional,TO,Norte,P0001,Samsung Galaxy A36,Smartphones e Tablets,2.0,1979.1,0.0518,2025-02-20,2025-02-20
ORD01246,2025-02-16,Cliente_073,Evelyn Castro,Juazeiro,BA,Nordeste,P0027,Caixa de Som Bluetooth JBL,Áudio,4.0,549.9,0.1387,2025-02-21,2025-02-19
ORD01247,2025-02-16,Cliente_136,João Guilherme Rocha,Bom Jesus,PI,Nordeste,P0027,Caixa de Som Bluetooth JBL,Áudio,2.0,549.9,0.0699,2025-02-21,2025-02-19
ORD01248,2025-02-16,Cliente_172,Luiz Gustavo Rocha,Porto Alegre,RS,Sul,P0008,Película de Vidro 3D Galaxy A30s,Acessórios Mobile,1.0,17.9,0.1417,2025-02-23,2025-02-23
ORD01249,2025-02-16,Cliente_185,Nina Jesus,Gurupi,TO,Norte,P0008,Película de Vidro 3D Galaxy A30s,Acessórios Mobile,2.0,17.9,0.0947,2025-02-22,2025-02-22
ORD01250,2025-02-16,Cliente_218,Isabel Pereira,Vila Velha,ES,Sudeste,P0008,Película de Vidro 3D Galaxy A30s,Acessórios Mobile,3.0,17.9,0.0577,2025-02-20,2025-02-19
ORD01251,2025-02-16,Cliente_218,Isabel Pereira,Vila Velha,ES,Sudeste,P0011,"Soundbar Samsung com 2.1 canais, Dolby Digital",Áudio,1.0,1072.0,0.0208,2025-02-20,2025-02-23
ORD01252,2025-02-16,Cliente_218,Isabel Pereira,Vila Velha,ES,Sudeste,P0027,Caixa de Som Bluetooth JBL,Áudio,4.0,549.9,0.1101,2025-02-19,2025-02-19
ORD01253,2025-02-16,Cliente_230,Maria Nogueira,Bayeux,PB,Nordeste,P0007,Película para iPhone 14Pro Anti impacto,Acessórios Mobile,1.0,51.8,0.0865,2025-02-21,2025-02-20
ORD01254,2025-02-16,Cliente_247,João Moraes,Campinas,SP,Sudeste,P0002,Samsung Galaxy Tab S6 Lite,Smartphones e Tablets,2.0,1799.01,0.1389,2025-02-19,2025-02-21
ORD01255,2025-02-16,Cliente_247,João Moraes,Campinas,SP,Sudeste,P0020,Teclado Mecanico Fizz,Informática,3.0,174.9,0.1426,2025-02-23,2025-02-22
ORD01256,2025-02-16,Cliente_259,Melissa da Rocha,São Bernardo do Campo,SP,Sudeste,P0016,Fone de Ouvido Profissional EDIFIER WH950NB,Áudio,1.0,899.0,0.0555,2025-02-21,2025-02-19
ORD01257,2025-02-16,Cliente_263,Sr. Cauã Carvalho,Uberlândia,MG,Sudeste,P0014,Projetor EPSON Powerlite Wide Screen,TV e Projeção,4.0,2742.13,0.0817,2025-02-18,2025-02-18
ORD01258,2025-02-16,Cliente_266,Caroline Carvalho,Cruzeiro do Sul,AC,Norte,P0009,Smart TV 32” Philco LED Roku TV,TV e Projeção,2.0,949.0,0.0129,2025-02-20,2025-02-20
ORD01259,2025-02-16,Cliente_293,Luiza Teixeira,Santo André,SP,Sudeste,P0020,Teclado Mecanico Fizz,Informática,3.0,174.9,0.1604,2025-02-22,2025-02-23
ORD01260,2025-02-16,Cliente_314,Nina Ramos,Laranjal do Jari,AP,Norte,P0027,Caixa de Som Bluetooth JBL,Áudio,1.0,549.9,0.0692,2025-02-24,2025-02-24
ORD01261,2025-02-16,Cliente_324,João Guilherme Araújo,Nova Iguaçu,RJ,Sudeste,P0007,Película para iPhone 14Pro Anti impacto,Acessórios Mobile,3.0,51.8,0.0679,2025-02-23,2025-02-23
ORD01262,2025-02-16,Cliente_324,João Guilherme Araújo,Nova Iguaçu,RJ,Sudeste,P0011,"Soundbar Samsung com 2.1 canais, Dolby Digital",Áudio,3.0,1072.0,0.0151,2025-02-22,2025-02-24
ORD01263,2025-02-16,Cliente_400,Ana Sophia da Rosa,Floriano,PI,Nordeste,P0017,ACER Notebook Gamer Nitro,Informática,,4604.0,0.0097,2025-02-22,2025-02-23
ORD01264,2025-02-16,Cliente_414,Stephany Melo,Timon,MA,Nordeste,P0010,"Smart TV LED 32""Samsung LED Tizen TV",TV e Projeção,2.0,1079.0,0.0125,2025-02-21,2025-02-24
ORD01265,2025-02-16,Cliente_423,Clarice Barros,Santo André,SP,Sudeste,P0021,SSD Crucial 1TB NVMe M.2,Informática,4.0,449.0,0.0668,2025-02-20,2025-02-17
ORD01266,2025-02-16,Cliente_484,Rafael Novaes Nogueira,Santa Maria,RS,Sul,P0006,Fone de ouvido Sem Fio QCY T27,Áudio,1.0,129.86,0.0343,2025-02-20,2025-02-19
ORD01267,2025-02-16,Cliente_487,Nathan Freitas Neves,Cascavel,PR,Sul,P0007,Película para iPhone 14Pro Anti impacto,Acessórios Mobile,4.0,51.8,0.1083,2025-02-20,2025-02-19
ORD01268,2025-02-17,Cliente_021,Mirella Rodrigues,Ribeirão Preto,SP,Sudeste,P0011,"Soundbar Samsung com 2.1 canais, Dolby Digital",Áudio,4.0,1072.0,0.0825,2025-02-19,2025-02-21
ORD01269,2025-02-17,Cliente_023,Dr. Nathan Cunha,São Bernardo do Campo,SP,Sudeste,P0008,Película de Vidro 3D Galaxy A30s,Acessórios Mobile,4.0,17.9,0.1315,2025-02-22,2025-02-25
ORD01270,2025-02-17,Cliente_031,Stella Peixoto,Duque de Caxias,RJ,Sudeste,P0018,"Monitor UHD Samsung 32""",Informática,4.0,1626.57,0.1498,2025-02-22,2025-02-25
ORD01271,2025-02-17,Cliente_063,Bryan Nascimento,Juazeiro do Norte,CE,Nordeste,P0005,"Fone de Ouvido Sem Fio TWS, PHILIPS",Áudio,2.0,124.91,0.0796,2025-02-22,2025-02-20
ORD01272,2025-02-17,Cliente_080,Kamilly Porto,Santana,AP,Norte,P0012,"Soundbar Tomate MTS-2017, Bivolt",Áudio,2.0,769.9,0.065,2025-02-26,2025-02-25
ORD01273,2025-02-17,Cliente_089,André Souza,Ponta Grossa,PR,Sul,P0015,Fone de Ouvido Profissional AKG K92,Áudio,4.0,428.99,0.0638,2025-02-19,2025-02-18
ORD01274,2025-02-17,Cliente_106,Nicolas Costela,Contagem,MG,Sudeste,P0001,Samsung Galaxy A36,Smartphones e Tablets,1.0,1979.1,0.1093,2025-02-21,2025-02-24
ORD01275,2025-02-17,Cliente_134,Juan da Luz,Blumenau,SC,Sul,P0005,"Fone de Ouvido Sem Fio TWS, PHILIPS",Áudio,1.0,124.91,0.0137,2025-02-23,2025-02-22
ORD01276,2025-02-17,Cliente_142,João Lucas da Mata,Blumenau,SC,Sul,P0013,"Projetor Smart Epson EpiqVision, FULL HD",TV e Projeção,1.0,3049.99,0.0925,2025-02-22,2025-02-25
ORD01277,,Cliente_146,Levi Freitas,Ji-Paraná,RO,Norte,P0006,Fone de ouvido Sem Fio QCY T27,Áudio,3.0,129.86,0.0523,2025-02-20,2025-02-18
ORD01278,2025-02-17,Cliente_172,Luiz Gustavo Rocha,Porto Alegre,RS,Sul,P0006,Fone de ouvido Sem Fio QCY T27,Áudio,1.0,129.86,0.0111,2025-02-22,2025-02-21
ORD01279,2025-02-17,Cliente_179,Ana Vitória da Rocha,São Paulo,SP,Sudeste,P0003,Carregador Turbo USB-C 30W,Acessórios Mobile,1.0,49.9,0.1356,2025-02-21,2025-02-21
ORD01280,2025-02-17,Cliente_204,Júlia da Mota,Santa Maria,RS,Sul,P0004,Carregador Turbo Tipo-C 50w,Acessórios Mobile,1.0,53.9,0.1179,2025-02-23,2025-02-23
ORD01281,2025-02-17,Cliente_211,Srta. Natália Cardoso,Cruzeiro do Sul,AC,Norte,P0002,Samsung Galaxy Tab S6 Lite,Smartphones e Tablets,2.0,1799.01,0.009,2025-02-24,2025-02-23
ORD01282,2025-02-17,Cliente_216,Yasmin Costela,Pelotas,RS,Sul,P0007,Película para iPhone 14Pro Anti impacto,Acessórios Mobile,3.0,51.8,0.0564,2025-02-19,2025-02-19
ORD01283,2025-02-17,Cliente_218,Isabel Pereira,Vila Velha,ES,Sudeste,P0001, Samsung Galaxy A36,Smartphones e Tablets,3.0,1979.1,0.0531,2025-02-24,2025-02-24
ORD01284,2025-02-17,Cliente_219,Natália da Luz,Cascavel,PR,Sul,P0009,Smart TV 32” Philco LED Roku TV,TV e Projeção,4.0,949.0,0.0185,2025-02-20,2025-02-20
ORD01285,2025-02-17,Cliente_228,Gabrielly Santos,Santarém,PA,Norte,P0008,Película de Vidro 3D Galaxy A30s,Acessórios Mobile,2.0,17.9,0.0512,2025-02-20,2025-02-20
ORD01286,2025-02-17,Cliente_243,Laura da Cunha,Maringá,PR,Sul,P0006,Fone de ouvido Sem Fio QCY T27,Áudio,2.0,129.86,0.0471,2025-02-23,2025-02-21
ORD01287,2025-02-17,Cliente_296,Dra. Sophie da Luz,Caruaru,PE,Nordeste,P0005,"Fone de Ouvido Sem Fio TWS, PHILIPS",Áudio,4.0,124.91,0.1228,2025-02-24,2025-02-25
ORD01288,2025-02-17,Cliente_318,Laís Jesus,Tocantinópolis,TO,Norte,P0018,"Monitor UHD Samsung 32""",Informática,,1626.57,0.1486,2025-02-24,2025-02-22
ORD01289,2025-02-17,Cliente_323,Dr. João Pedro Carvalho,Boa Vista,RR,Norte,P0016,Fone de Ouvido Profissional EDIFIER WH950NB,Áudio,1.0,899.0,0.0287,2025-02-23,2025-02-21
ORD01290,2025-02-17,Cliente_327,Sra. Maria Eduarda Cardoso,Vila Velha,ES,Sudeste,P0014,Projetor EPSON Powerlite Wide Screen,TV e Projeção,2.0,2742.13,0.1139,2025-02-20,2025-02-20
ORD01291,2025-02-17,Cliente_348,Emilly Nascimento,Uberlândia,MG,Sudeste,P0016,Fone de Ouvido Profissional EDIFIER WH950NB,Áudio,1.0,899.0,0.1317,2025-02-21,2025-02-20
ORD01292,2025-02-17,Cliente_384,Brenda Monteiro,Santana,AP,Norte,P0006,Fone de ouvido Sem Fio QCY T27,Áudio,3.0,129.86,0.0545,2025-02-23,2025-02-22
ORD01293,2025-02-17,Cliente_386,Diego Cavalcanti,Mucajaí,RR,Norte,P0021,SSD Crucial 1TB NVMe M.2,Informática,3.0,449.0,0.0401,2025-02-23,2025-02-23
ORD01294,2025-02-17,Cliente_512,Kaique Mata,Camaçari,BA,Nordeste,P0004,Carregador Turbo Tipo-C 50w,Acessórios Mobile,2.0,53.9,0.0591,2025-02-24,2025-02-24
ORD01295,2025-02-18,cliente#003,Giovanna Aragão,Belém,PA,Norte,P0015,Fone de Ouvido Profissional AKG K92,Áudio,3.0,428.99,0.1245,2025-02-25,2025-02-23
ORD01296,2025-02-18,Cliente_007,Helena Souza,Feira de Santana,BA,Nordeste,P0025,Webcam Logitech Full HD,Informática,4.0,329.9,0.0593,2025-02-24,2025-02-24
ORD01297,2025-02-18,Cliente_023,Dr. Nathan Cunha,São Bernardo do Campo,SP,Sudeste,P0010,"Smart TV LED 32""Samsung LED Tizen TV",TV e Projeção,1.0,1079.0,0.1198,2025-02-25,2025-02-25
ORD01298,2025-02-18,Cliente-041,Miguel Nascimento,Ribeirão Preto,SP,Sudeste,P0011,"Soundbar Samsung com 2.1 canais, Dolby Digital",Áudio,2.0,1072.0,0.0968,2025-02-23,2025-02-23
ORD01299,2025-02-18,Cliente_065,Letícia Porto,Santana,AP,Norte,P0001,Samsung Galaxy A36,Smartphones e Tablets,1.0,1979.1,0.1131,2025-02-25,2025-02-28
ORD01300,2025-02-18,Cliente_081,Sr. Heitor da Paz,Brasiléia,AC,Norte,P0009,Smart TV 32” Philco LED Roku TV,TV e Projeção,4.0,949.0,0.0322,2025-02-22,2025-02-21
ORD01301,2025-02-18,Cliente_090,Caio Novaes,Blumenau,SC,Sul,P0020,Teclado Mecanico Fizz,Informática,3.0,174.9,0.0711,2025-02-20,2025-02-19
ORD01302,2025-02-18,Cliente_093,Bárbara Martins,Feira de Santana,BA,Nordeste,P0010,"Smart TV LED 32""Samsung LED Tizen TV",TV e Projeção,4.0,1079.0,0.108,2025-02-21,2025-02-21
ORD01303,2025-02-18,Cliente_095,Catarina Nogueira,Blumenau,SC,Sul,P0004,Carregador Turbo Tipo-C 50w,Acessórios Mobile,4.0,53.9,0.0551,2025-02-25,2025-02-24
ORD01304,2025-02-18,Cliente_096,Dr. Luiz Henrique Pereira,Contagem,MG,Sudeste,P0026,Cabo USB-C Trançado 2m,Acessórios Mobile,4.0,34.9,0.1029,2025-02-23,2025-02-23
ORD01305,2025-02-18,Cliente_100,Beatriz Costa,Bom Jesus,PI,Nordeste,P0021,SSD Crucial 1TB NVMe M.2,Informática,1.0,449.0,0.022,2025-02-28,2025-02-27
ORD01306,2025-02-18,Cliente_107,Leandro Nunes,Maringá,PR,Sul,P0019,Mouse Redragon Wireless,Informática,4.0,165.99,0.1346,2025-02-23,2025-02-23
ORD01307,2025-02-18,Cliente_112,Maria Luiza das Neves,Linhares,ES,Sudeste,P0001,Samsung Galaxy A36,Smartphones e Tablets,4.0,1979.1,0.1345,2025-02-21,2025-02-19
ORD01308,2025-02-18,Cliente_115,Gabrielly da Conceição,Serra,ES,Sudeste,P0018,"Monitor UHD Samsung 32""",Informática,3.0,1626.57,0.1382,2025-02-24,2025-02-23
ORD01309,2025-02-18,Cliente_121,Kamilly Pereira,Pelotas,RS,Sul,P0006,Fone de ouvido Sem Fio QCY T27,Áudio,1.0,129.86,0.0538,2025-02-22,2025-02-21
ORD01310,2025-02-18,Cliente_133,Isadora Novaes,Cachoeiro de Itapemirim,ES,Sudeste,P0017,ACER Notebook Gamer Nitro,Informática,1.0,4604.0,0.0498,2025-02-23,2025-02-21
ORD01311,2025-02-18,Cliente_158,Emanuel Ramos,Timon,MA,Nordeste,P0010,"Smart TV LED 32""Samsung LED Tizen TV",TV e Projeção,4.0,1079.0,0.1461,2025-02-22,2025-02-20
ORD01312,,Cliente_163,Thiago Rodrigues,São Luís,MA,Nordeste,P0005,"Fone de Ouvido Sem Fio TWS, PHILIPS",Áudio,4.0,124.91,0.0823,2025-02-27,2025-02-28
ORD01313,2025-02-18,cliente#164,Breno Rezende,Currais Novos,RN,Nordeste,P0003,Carregador Turbo USB-C 30W,Acessórios Mobile,4.0,49.9,0.0969,2025-02-25,2025-02-24
ORD01314,2025-02-18,Cliente_185,Nina Jesus,Gurupi,TO,Norte,P0010,"Smart TV LED 32""Samsung LED Tizen TV",TV e Projeção,1.0,1079.0,0.1419,2025-02-22,2025-02-23
ORD01315,2025-02-18,Cliente_208,Vitor Araújo,Betim,MG,Sudeste,P0017,ACER Notebook Gamer Nitro,Informática,4.0,4604.0,0.0322,2025-02-20,2025-02-20
ORD01316,2025-02-18,Cliente_211,Srta. Natália Cardoso,Cruzeiro do Sul,AC,Norte,P0024,Memória Kingston Fury 16GB DDR5,Informática,3.0,389.9,0.1481,2025-02-24,2025-03-01
ORD01317,2025-02-18,Cliente_221,Sr. Samuel Teixeira,Sobral,CE,Nordeste,P0008,Película de Vidro 3D Galaxy A30s,Acessórios Mobile,1.0,17.9,0.1415,2025-02-26,2025-02-26
ORD01318,2025-02-18,Cliente_223,Felipe da Cunha,Tarauacá,AC,Norte,P0025,Webcam Logitech Full HD,Informática,,329.9,0.091,2025-02-23,2025-02-21
ORD01319,2025-02-18,Cliente_227,Bruno Nascimento,Bayeux,PB,Nordeste,P0016,Fone de Ouvido Profissional EDIFIER WH950NB,Áudio,4.0,899.0,0.0348,2025-02-25,2025-02-24
ORD01320,2025-02-18,Cliente_228,Gabrielly Santos,Santarém,PA,Norte,P0004,Carregador Turbo Tipo-C 50w,Acessórios Mobile,2.0,53.9,0.0333,2025-02-21,2025-02-25
ORD01321,2025-02-18,Cliente_246,Luiza Almeida,Itajaí,SC,Sul,P0004,Carregador Turbo Tipo-C 50w,Acessórios Mobile,3.0,53.9,0.1182,2025-02-20,2025-02-19
ORD01322,2025-02-18,Cliente_248,Dr. João Guilherme da Rosa,Duque de Caxias,RJ,Sudeste,P0005,"Fone de Ouvido Sem Fio TWS, PHILIPS",Áudio ,4.0,124.91,0.1161,2025-02-20,2025-02-19
ORD01323,2025-02-18,Cliente_252,Sr. Isaac Melo,Itajaí,SC,Sul,P0007,Película para iPhone 14Pro Anti impacto,Acessórios Mobile,4.0,51.8,0.2137,2025-02-24,2025-02-24
ORD01324,2025-02-18,Cliente_256,Daniela Fogaça,Florianópolis,SC,Sul,P0027, Caixa de Som Bluetooth JBL,Áudio,1.0,549.9,0.1113,2025-02-21,2025-02-21
ORD01325,2025-02-18,Cliente_266,Caroline Carvalho,Cruzeiro do Sul,AC,Norte,P0007,Película para iPhone 14Pro Anti impacto,Acessórios Mobile,3.0,51.8,0.0653,2025-02-26,2025-02-24
ORD01326,2025-02-18,Cliente_310,Sr. Breno Martins,Cascavel,PR,Sul,P0012,"Soundbar Tomate MTS-2017, Bivolt",Áudio,2.0,769.9,0.007,2025-02-23,2025-02-22
ORD01327,2025-02-18,Cliente_337,Benício Fernandes,Castanhal,PA,Norte,P0021,SSD Crucial 1TB NVMe M.2 ,Informática,4.0,449.0,0.0394,2025-02-24,2025-02-22
ORD01328,2025-02-18,Cliente346,Enzo Teixeira,Pelotas,RS,Sul,P0007,Película para iPhone 14Pro Anti impacto,Acessórios Mobile,4.0,51.8,0.0825,2025-02-23,2025-02-20
ORD01329,2025-02-18,Cliente_351!!,Diogo Santos,Joinville,SC,Sul,P0011,"Soundbar Samsung com 2.1 canais, Dolby Digital",Áudio,1.0,1072.0,0.1491,2025-02-22,2025-02-20
ORD01330,2025-02-18,Cliente_371,Ana Luiza Nunes,Joinville,SC,Sul,P0004,Carregador Turbo Tipo-C 50w,Acessórios Mobile,3.0,53.9,0.0506,2025-02-20,2025-02-19
ORD01331,2025-02-18,Cliente_381,Fernanda Rocha,Ribeirão Preto,SP,Sudeste,P0017,ACER Notebook Gamer Nitro,Informática,2.0,,0.0988,2025-02-22,2025-02-21
ORD01332,2025-02-18,Cliente_386,Diego Cavalcanti,Mucajaí,RR,Norte,P0012,"Soundbar Tomate MTS-2017, Bivolt",Áudio,4.0,769.9,0.017,2025-02-24,2025-02-26
ORD01333,2025-02-18,Cliente-399,Laís da Luz,Mossoró,RN,Nordeste,P0021,SSD Crucial 1TB NVMe M.2,Informática,2.0,449.0,0.0669,2025-02-23,2025-02-27
ORD01334,2025-02-18,Cliente_408,Maria Julia Duarte,Marabá,PA,Norte,P0007,Película para iPhone 14Pro Anti impacto,Acessórios Mobile,3.0,51.8,0.1226,2025-02-25,2025-03-01
ORD01335,2025-02-18,Cliente_408,Maria Julia Duarte,Marabá,PA,Norte,P0016,Fone de Ouvido Profissional EDIFIER WH950NB,Áudio,1.0,899.0,0.0475,2025-02-23,2025-02-20
ORD01336,,Cliente_413,Raul Rezende,Sobral,CE,Nordeste,P0010,"Smart TV LED 32""Samsung LED Tizen TV",TV e Projeção,1.0,1079.0,0.1762,2025-02-24,2025-02-24
ORD01337,2025-02-18,Cliente_428,Miguel Carvalho,Maringá,PR,Sul,P0009,Smart TV 32” Philco LED Roku TV,TV e Projeção ,4.0,949.0,0.019,2025-02-23,2025-02-23
ORD01338,2025-02-18,Cliente_452,Arthur Silveira,Porto Nacional,TO,Norte,P0020,Teclado Mecanico Fizz, Informática,4.0,174.9,0.2568,2025-02-23,2025-02-25
ORD01339,2025-02-18,Cliente_465,Antônio Campos,Feira de Santana,BA,Nordeste,P0008,Película de Vidro 3D Galaxy A30s,Acessórios Mobile,4.0,17.9,0.111,2025-02-25,2025-02-25
ORD01340,2025-02-18,Cliente_474,Benjamin Novaes,Joinville,SC,Sul,P0002,Samsung Galaxy Tab S6 Lite,Smartphones e Tablets,2.0,1799.01,0.2202,2025-02-21,2025-02-20
ORD01341,2025-02-18,Cliente_530,Pietra Farias Novaes,Juazeiro do Norte,CE,Nordeste,P0005,"Fone de Ouvido Sem Fio TWS, PHILIPS",Áudio,3.0,124.91,0.0484,2025-02-24,2025-02-22
ORD01342,2025-02-18,Cliente_533,Sophia Gonçalves Teixeira,Recife,PE,Nordeste,P0023,Tablet Lenovo Tab M11,Smartphones e Tablets,3.0,1399.9,0.1596,2025-02-20,2025-02-20
ORD01343,2025-02-18,Cliente_540,Murilo Ferreira Costa,Pelotas,RS,Sul,P0011,"Soundbar Samsung com 2.1 canais, Dolby Digital",Áudio,3.0,1072.0,0.0142,2025-02-23,2025-02-23
ORD01344,2025-02-18,Cliente_548,Benício Almeida,Tarauacá,AC,Norte,P0006,Fone de ouvido Sem Fio QCY T27,Áudio,2.0,129.86,0.0994,2025-02-20,2025-02-19
ORD01345,2025-02-19,Cliente_019,Gabriela da Paz,Uberlândia,MG,Sudeste,P0015,Fone de Ouvido Profissional AKG K92,Áudio,4.0,428.99,0.2217,2025-02-24,2025-02-23
ORD01346,2025-02-19,Cliente_021,Mirella Rodrigues,Ribeirão Preto,SP,Sudeste,P0020,Teclado Mecanico Fizz,Informática,2.0,174.9,0.35,2025-02-23,2025-02-21
ORD01347,2025-02-19,Cliente_030,João Lucas da Costa,Joinville,SC,Sul,P0007,Película para iPhone 14Pro Anti impacto,Acessórios Mobile,4.0,51.8,0.1524,2025-02-22,2025-02-23
ORD01348,2025-02-19,Cliente_058,Sr. Nathan Peixoto,Itacoatiara,AM,Norte,P0014,Projetor EPSON Powerlite Wide Screen,TV e Projeção,2.0,2742.13,0.0408,2025-03-01,2025-02-26
ORD01349,2025-02-19,Cliente_071,Bárbara Correia,Mazagão,AP,Norte,P0019,Mouse Redragon Wireless,Informática,1.0,165.99,0.0499,2025-02-28,2025-02-26
ORD01350,2025-02-19,Cliente_087,Dr. Pietro Silva,Pico,PI,Nordeste,P0009,Smart TV 32” Philco LED Roku TV, TV e Projeção,3.0,949.0,0.0145,2025-02-22,2025-02-21
ORD01351,2025-02-19,Cliente_090,Caio Novaes,Blumenau,SC,Sul,P0008,Película de Vidro 3D Galaxy A30s ,Acessórios Mobile,3.0,17.9,0.0686,2025-02-25,2025-02-24
ORD01352,2025-02-19,Cliente_111,João Vitor Campos,Crato,CE,Nordeste,P0006,Fone de ouvido Sem Fio QCY T27,Áudio,1.0,129.86,0.1116,2025-02-23,2025-02-20
ORD01353,2025-02-19,Cliente_120,Laís das Neves,Tarauacá,AC,Norte,P0015,Fone de Ouvido Profissional AKG K92,Áudio,4.0,428.99,0.1058,2025-02-28,2025-02-27
ORD01354,2025-02-19,Cliente_141,Dr. Thiago da Mota,Santa Maria,RS,Sul,P0006,Fone de ouvido Sem Fio QCY T27,Áudio,2.0,129.86,0.0701,2025-02-23,2025-02-23
ORD01355,2025-02-19,Cliente_151,Lorenzo Moura,Vitória da Conquista,BA,Nordeste,P0001,Samsung Galaxy A36,Smartphones e Tablets,1.0,1979.1,0.1246,2025-02-21,2025-02-20
ORD01356,2025-02-19,Cliente_154,Juan Duarte,São Paulo,SP,Sudeste,P0009,Smart TV 32” Philco LED Roku TV,TV e Projeção,4.0,949.0,0.1352,2025-02-22,2025-02-21
ORD01357,2025-02-19,Cliente_156,Lívia da Rocha,Cacoal,RO,Norte,P0007,Película para iPhone 14Pro Anti impacto,Acessórios Mobile,3.0,51.8,0.0854,2025-02-24,2025-02-23
ORD01358,2025-02-19,Cliente_169,Pedro Henrique Monteiro,Ji-Paraná,RO,Norte,P0012,"Soundbar Tomate MTS-2017, Bivolt",Áudio,4.0,769.9,0.042,2025-02-22,2025-02-20
ORD01359,2025-02-19,Cliente_171,Vitor Gabriel Fernandes,Ferreira Gomes,AP,Norte,P0009,Smart TV 32” Philco LED Roku TV,TV e Projeção,2.0,949.0,0.1391,2025-02-27,2025-02-28
ORD01360,2025-02-19,Cliente_174,Manuela Nogueira,Pelotas,RS,Sul,P0014,Projetor EPSON Powerlite Wide Screen,TV e Projeção,1.0,2742.13,0.0479,2025-02-25,2025-02-25
ORD01361,2025-02-19,Cliente_195,Maria Luiza da Conceição,Belém,PA,Norte,P0019,Mouse Redragon Wireless,Informática,2.0,165.99,0.0547,2025-02-28,2025-03-03
ORD01362,2025-02-19,Cliente_196,Fernando Costa,Vila Velha,ES,Sudeste,P0019,Mouse Redragon Wireless,Informática,2.0,165.99,0.0982,2025-02-24,2025-02-24
ORD01363,2025-02-19,Cliente_197,Sofia Barbosa,Ponta Grossa,PR,Sul,P0016,Fone de Ouvido Profissional EDIFIER WH950NB,Áudio,3.0,899.0,0.0776,2025-02-26,2025-02-25
ORD01364,2025-02-19,Cliente_200,Ian da Mata,Boa Vista,RR,Norte,P0013,"Projetor Smart Epson EpiqVision, FULL HD",TV e Projeção,2.0,3049.99,0.0212,2025-02-25,2025-02-24
ORD01365,2025-02-19,Cliente_200,Ian da Mata,Boa Vista,RR,Norte,P0021,SSD Crucial 1TB NVMe M.2,Informática,2.0,449.0,0.0431,2025-02-25,2025-02-24
ORD01366,2025-02-19,Cliente_216,Yasmin Costela,Pelotas,RS,Sul,P0009,Smart TV 32” Philco LED Roku TV,TV e Projeção,,949.0,0.0301,2025-02-22,2025-02-21
ORD01367,2025-02-19,Cliente_230,Maria Nogueira,Bayeux,PB,Nordeste,P0007,Película para iPhone 14Pro Anti impacto, Acessórios Mobile,3.0,51.8,0.1347,2025-02-23,2025-02-20
ORD01368,2025-02-19,Cliente_241,Matheus Ribeiro,Curitiba,PR,Sul,P0007,Película para iPhone 14Pro Anti impacto,Acessórios Mobile,3.0,51.8,0.0061,2025-02-22,2025-02-21
ORD01369,2025-02-19,Cliente_247,João Moraes,Campinas,SP,Sudeste,P0014,Projetor EPSON Powerlite Wide Screen,TV e Projeção,3.0,2742.13,0.0552,2025-02-21,2025-02-21
ORD01370,2025-02-19,Cliente_248,Dr. João Guilherme da Rosa,Duque de Caxias,RJ,Sudeste,P0012,"Soundbar Tomate MTS-2017, Bivolt",Áudio,4.0,769.9,0.0527,2025-02-21,2025-02-21
ORD01371,2025-02-19,Cliente_257,Dr. Matheus Castro,Camaçari,BA,Nordeste,P0006,Fone de ouvido Sem Fio QCY T27,Áudio,3.0,129.86,0.0726,2025-02-21,2025-02-21
ORD01372,2025-02-19,Cliente_263,Sr. Cauã Carvalho,Uberlândia,MG,Sudeste,P0007,Película para iPhone 14Pro Anti impacto ,Acessórios Mobile,1.0,51.8,0.0915,2025-02-25,2025-02-25
ORD01373,2025-02-19,Cliente_264,Sr. Noah da Paz,Itacoatiara,AM,Norte,P0015,Fone de Ouvido Profissional AKG K92,Áudio,4.0,428.99,0.1062,2025-02-21,2025-02-21
ORD01374,2025-02-19,Cliente_278,Bianca Pereira,Porto Nacional,TO,Norte,P0021,SSD Crucial 1TB NVMe M.2,Informática,4.0,449.0,0.1093,2025-02-28,2025-03-03
ORD01375,2025-02-19,Cliente_309,Dra. Ana Laura Pires,Itajaí,SC,Sul,P0020,Teclado Mecanico Fizz,Informática,,174.9,0.1372,2025-02-27,2025-02-26
ORD01376,2025-02-19,Cliente_312,Juan Araújo,Bacabal,MA,Nordeste,P0008,Película de Vidro 3D Galaxy A30s,Acessórios Mobile,3.0,17.9,0.1241,2025-02-24,2025-02-25
ORD01377,2025-02-19,Cliente_314,Nina Ramos,Laranjal do Jari,AP,Norte,P0014,Projetor EPSON Powerlite Wide Screen,TV e Projeção,2.0,2742.13,0.1268,2025-02-24,2025-02-24
ORD01378,2025-02-19,Cliente_314,Nina Ramos,Laranjal do Jari,AP,Norte,P0019,Mouse Redragon Wireless,Informática,2.0,165.99,0.1003,2025-02-28,2025-02-27
ORD01379,2025-02-19,Cliente_324,João Guilherme Araújo,Nova Iguaçu,RJ,Sudeste,P0005,"Fone de Ouvido Sem Fio TWS, PHILIPS",Áudio,3.0,124.91,0.009,2025-02-21,2025-02-21
ORD01380,2025-02-19,Cliente_330,Rebeca Farias,Cascavel,PR,Sul,P0023,Tablet Lenovo Tab M11,Smartphones e Tablets,4.0,1399.9,0.1869,2025-02-22,2025-02-20
ORD01381,2025-02-19,Cliente_333,Isaac Lopes,Londrina,PR,Sul,P0012,"Soundbar Tomate MTS-2017, Bivolt",Áudio,2.0,769.9,0.0254,2025-02-22,2025-02-25
ORD01382,2025-02-19,Cliente_335,Larissa Rodrigues,Floriano,PI,Nordeste,P0020,Teclado Mecanico Fizz,Informática,2.0,174.9,0.1215,2025-02-24,2025-02-24
ORD01383,2025-02-19,Cliente_337,Benício Fernandes,Castanhal,PA,Norte,P0020,Teclado Mecanico Fizz, Informática,2.0,174.9,0.0785,2025-02-28,2025-02-26
ORD01384,2025-02-19,Cliente_371,Ana Luiza Nunes,Joinville,SC,Sul,P0017,ACER Notebook Gamer Nitro,Informática,3.0,4604.0,0.0993,2025-02-25,2025-02-25
ORD01385,2025-02-19,Cliente_382,Bryan Ribeiro,Cachoeiro de Itapemirim,ES,Sudeste,P0001,Samsung Galaxy A36,Smartphones e Tablets,4.0,1979.1,0.0953,2025-02-23,2025-02-25
ORD01386,2025-02-19,Cliente_409,Eloah Silva,Sobral,CE,Nordeste,P0024,Memória Kingston Fury 16GB DDR5,Informática,3.0,389.9,0.1711,2025-02-25,2025-02-25
ORD01387,2025-02-19,Cliente457,Francisco Cardoso,Itajaí,SC,Sul,P0008,Película de Vidro 3D Galaxy A30s,Acessórios Mobile,3.0,17.9,0.1288,2025-02-22,2025-02-20
ORD01388,2025-02-19,Cliente_506,Juliana Barbosa,Bacabal,MA,Nordeste,P0016,Fone de Ouvido Profissional EDIFIER WH950NB,Áudio,3.0,899.0,0.0573,2025-02-24,2025-02-21
ORD01389,2025-02-19,Cliente_517,Letícia Cunha,Parnamirim,RN,Nordeste,P0023,Tablet Lenovo Tab M11,Smartphones e Tablets,4.0,1399.9,0.1959,2025-02-26,2025-02-26
ORD01390,2025-02-20,Cliente_002,Fernanda Lima,Vila Velha,ES,Sudeste,P0002,Samsung Galaxy Tab S6 Lite,Smartphones e Tablets,3.0,1799.01,0.1965,2025-02-26,2025-02-26
ORD01391,2025-02-20,Cliente_003,Giovanna Aragão,Belém,PA,Norte,P0012,"Soundbar Tomate MTS-2017, Bivolt",Áudio,1.0,769.9,0.016,2025-02-28,2025-03-04
ORD01392,2025-02-20,Cliente_007,Helena Souza,Feira de Santana,BA,Nordeste,P0018,"Monitor UHD Samsung 32""",Informática,2.0,1626.57,0.1156,2025-02-25,2025-02-25
ORD01393,2025-02-20,Cliente_010,Cauã da Rosa,Sobral,CE,Nordeste,P0007,Película para iPhone 14Pro Anti impacto,Acessórios Mobile,2.0,51.8,0.065,2025-02-25,2025-02-25
ORD01394,2025-02-20,Cliente_017,Vitor Gabriel Costa,Estância,SE,Nordeste,P0016,Fone de Ouvido Profissional EDIFIER WH950NB,Áudio,2.0,899.0,0.0268,2025-02-23,2025-02-21
ORD01395,2025-02-20,Cliente_021,Mirella Rodrigues,Ribeirão Preto,SP,Sudeste,P0018,"Monitor UHD Samsung 32""",Informática,4.0,1626.57,0.022,2025-02-22,2025-02-21
ORD01396,2025-02-20,Cliente_024,Juliana Ferreira,Itacoatiara,AM,Norte,P0009,Smart TV 32” Philco LED Roku TV,TV e Projeção,1.0,949.0,0.0153,2025-02-26,2025-02-23
ORD01397,2025-02-20,Cliente_025,Matheus Novaes,Joinville,SC,Sul,P0015,Fone de Ouvido Profissional AKG K92,Áudio,3.0,428.99,0.0574,2025-02-22,2025-02-21
ORD01398,2025-02-20,Cliente_040,Renan Silveira,Propriá,SE,Nordeste,P0019,Mouse Redragon Wireless,Informática,1.0,165.99,0.1638,2025-02-24,2025-02-23
ORD01399,2025-02-20,Cliente_058,Sr. Nathan Peixoto,Itacoatiara,AM,Norte,P0002,Samsung Galaxy Tab S6 Lite,Smartphones e Tablets,4.0,1799.01,0.0654,2025-02-23,2025-02-23
ORD01400,2025-02-20,cliente_062,Rodrigo da Paz,Uberlândia,MG,Sudeste,P0012,"Soundbar Tomate MTS-2017, Bivolt",Áudio,3.0,769.9,0.0194,2025-02-26,2025-02-26
ORD01401,2025-02-20,Cliente_068,Stephany Moreira,Curitiba,PR,Sul,P0011,"Soundbar Samsung com 2.1 canais, Dolby Digital",Áudio,1.0,1072.0,0.0263,2025-02-23,2025-02-22
ORD01402,2025-02-20,Cliente_075,Rafaela Peixoto,Ribeirão Preto,SP,Sudeste,P0011,"Soundbar Samsung com 2.1 canais, Dolby Digital",Áudio,3.0,1072.0,0.0198,2025-02-24,2025-02-23
ORD01403,2025-02-20,Cliente_080,Kamilly Porto,Santana,AP,Norte,P0019,Mouse Redragon Wireless,Informática,2.0,165.99,0.0881,2025-02-26,2025-02-26
ORD01404,2025-02-20,Cliente_119,Daniel Costa,Jaboatão dos Guararapes,PE,Nordeste,P0012,"Soundbar Tomate MTS-2017, Bivolt",Áudio,1.0,769.9,0.1486,2025-02-26,2025-03-05
ORD01405,2025-02-20,Cliente_121,Kamilly Pereira,Pelotas,RS,Sul,P0006,Fone de ouvido Sem Fio QCY T27,Áudio,2.0,129.86,0.0439,2025-02-24,2025-02-24
ORD01406,2025-02-20,Cliente_122,Natália Silva,Cascavel,PR,Sul,P0017,ACER Notebook Gamer Nitro,Informática,2.0,4604.0,0.1303,2025-02-23,2025-02-23
ORD01407,2025-02-20,Cliente_124,Srta. Ana Júlia Pereira,Santo André,SP,Sudeste,P0003,Carregador Turbo USB-C 30W,Acessórios Mobile,1.0,49.9,0.124,2025-02-22,2025-02-23
ORD01408,2025-02-20,Cliente_167,Sophie da Cruz,Caucaia,CE,Nordeste,P0012,"Soundbar Tomate MTS-2017, Bivolt",Áudio,2.0,769.9,0.027,2025-02-25,2025-02-22
ORD01409,2025-02-20,Cliente_196,Fernando Costa,Vila Velha,ES,Sudeste,P0017,ACER Notebook Gamer Nitro,Informática,3.0,4604.0,0.1161,2025-02-22,2025-02-23
ORD01410,2025-02-20,Cliente_200,Ian da Mata,Boa Vista,RR,Norte,P0020,Teclado Mecanico Fizz,Informática,1.0,174.9,0.0297,2025-02-24,2025-02-24
ORD01411,2025-02-20,Cliente_209,Eduarda Nunes,Recife,PE,Nordeste,P0015,Fone de Ouvido Profissional AKG K92,Áudio,4.0,428.99,0.3454,2025-02-24,2025-02-23
ORD01412,2025-02-20,Cliente_212,Letícia Carvalho,Juiz de Fora,MG,Sudeste,P0011,"Soundbar Samsung com 2.1 canais, Dolby Digital",Áudio,2.0,1072.0,0.0311,2025-02-26,2025-02-25
ORD01413,2025-02-20,Cliente_222,João Gabriel Nunes,Vitória,ES,Sudeste,P0017,ACER Notebook Gamer Nitro,Informática,2.0,4604.0,0.0978,2025-02-27,2025-02-24
ORD01414,2025-02-20,Cliente_230,Maria Nogueira,Bayeux,PB,Nordeste,P0002,Samsung Galaxy Tab S6 Lite,Smartphones e Tablets,3.0,1799.01,0.0609,2025-02-25,2025-02-24
ORD01415,2025-02-20,Cliente_243,Laura da Cunha,Maringá,PR,Sul,P0004, Carregador Turbo Tipo-C 50w,Acessórios Mobile,,53.9,0.046,2025-02-27,2025-02-25
ORD01416,2025-02-20,Cliente_285,Maria Vitória Jesus,Vitória da Conquista,BA,Nordeste,P0007,Película para iPhone 14Pro Anti impacto,Acessórios Mobile,2.0,51.8,0.0354,2025-02-26,2025-02-24
ORD01417,2025-02-20,Cliente_296,Dra. Sophie da Luz,Caruaru,PE,Nordeste,P0005,"Fone de Ouvido Sem Fio TWS, PHILIPS",Áudio,3.0,124.91,0.0679,2025-02-25,2025-02-23
ORD01418,2025-02-20,Cliente_323,Dr. João Pedro Carvalho,Boa Vista,RR,Norte,P0008,Película de Vidro 3D Galaxy A30s,Acessórios Mobile,1.0,17.9,0.0223,2025-03-01,2025-03-01
ORD01419,2025-02-20,Cliente_327,Sra. Maria Eduarda Cardoso,Vila Velha,ES,Sudeste,P0015,Fone de Ouvido Profissional AKG K92,Áudio,2.0,428.99,0.0739,2025-02-26,2025-02-25
ORD01420,2025-02-20,Cliente_328,Luiza Lopes,Olinda,PE,Nordeste,P0004,Carregador Turbo Tipo-C 50w,Acessórios Mobile,4.0,53.9,0.1016,2025-02-22,2025-02-22
ORD01421,2025-02-20,Cliente_347,Murilo Cunha,Porto Nacional,TO,Norte,P0018,"Monitor UHD Samsung 32""",Informática,3.0,1626.57,0.0965,2025-02-26,2025-02-25
ORD01422,2025-02-20,Cliente_354,Pedro Miguel Mendes,Macapá,AP,Norte,P0018,"Monitor UHD Samsung 32""",Informática,1.0,1626.57,0.0703,2025-02-24,2025-02-24
ORD01423,2025-02-20,Cliente_360,Mariane Campos,Teresina,PI,Nordeste,P0018,"Monitor UHD Samsung 32""",Informática,1.0,1626.57,0.1434,2025-02-24,2025-02-21
ORD01424,2025-02-20,Cliente_382,Bryan Ribeiro,Cachoeiro de Itapemirim,ES,Sudeste,P0012,"Soundbar Tomate MTS-2017, Bivolt",Áudio,1.0,769.9,0.0702,2025-02-24,2025-02-22
ORD01425,2025-02-20,Cliente_406,Laís da Costa,Juiz de Fora,MG,Sudeste,P0007,Película para iPhone 14Pro Anti impacto,Acessórios Mobile,2.0,51.8,0.1016,2025-02-26,2025-02-25
ORD01426,2025-02-20,Cliente_430,Guilherme Silveira Gomes,Caxias do Sul,RS,Sul,P0027,Caixa de Som Bluetooth JBL,Áudio,2.0,549.9,0.0689,2025-02-22,2025-02-26
ORD01427,2025-02-20,Cliente_472,Francisco Fogaça,Vitória,ES,Sudeste,P0012,"Soundbar Tomate MTS-2017, Bivolt",Áudio,2.0,769.9,0.0336,2025-02-27,2025-02-27
ORD01428,2025-02-20,Cliente_483,Melissa Gomes,Blumenau,SC,Sul,P0010,"Smart TV LED 32""Samsung LED Tizen TV",TV e Projeção,4.0,1079.0,0.125,2025-02-24,2025-02-27
ORD01429,2025-02-21,Cliente_006,Miguel Cardoso,Juazeiro,BA,Nordeste,P0001,Samsung Galaxy A36,Smartphones e Tablets,2.0,1979.1,0.1268,2025-02-23,2025-02-23
ORD01430,2025-02-21,Cliente_013,Luiza Silva,Natal,RN,Nordeste,P0020,Teclado Mecanico Fizz,Informática,2.0,174.9,0.1254,2025-02-27,2025-02-26
ORD01431,2025-02-21,Cliente_019,Gabriela da Paz,Uberlândia,MG,Sudeste,P0006,Fone de ouvido Sem Fio QCY T27,Áudio,1.0,129.86,0.0463,2025-02-26,2025-02-26
ORD01432,2025-02-21,Cliente_040,Renan Silveira,Propriá,SE,Nordeste,P0009,Smart TV 32” Philco LED Roku TV,TV e Projeção,3.0,949.0,0.0312,2025-02-27,2025-02-26
ORD01433,2025-02-21,Cliente_044,Dr. Pedro Porto,Londrina,PR,Sul,P0014,Projetor EPSON Powerlite Wide Screen,TV e Projeção,3.0,2742.13,0.0467,2025-02-25,2025-03-01
ORD01434,2025-02-21, Cliente_053,Pedro Moreira,Campinas,SP,Sudeste,P0010,"Smart TV LED 32""Samsung LED Tizen TV",TV e Projeção,2.0,1079.0,0.0973,2025-02-27,2025-02-24
ORD01435,2025-02-21,Cliente_060,Kaique Gomes,São Bernardo do Campo,SP,Sudeste,P0010,"Smart TV LED 32""Samsung LED Tizen TV",TV e Projeção,1.0,1079.0,0.0748,2025-02-25,2025-02-24
ORD01436,2025-02-21,Cliente_102,Dr. Miguel Cunha,Gravataí,RS,Sul,P0011,"Soundbar Samsung com 2.1 canais, Dolby Digital",Áudio,3.0,1072.0,0.0185,2025-02-23,2025-02-22
ORD01437,2025-02-21,Cliente_117,Dra. Maysa Fogaça,Propriá,SE,Nordeste,P0021,SSD Crucial 1TB NVMe M.2,Informática,1.0,449.0,0.0232,2025-02-24,2025-02-24
ORD01438,2025-02-21,Cliente_156,Lívia da Rocha,Cacoal,RO,Norte,P0003,Carregador Turbo USB-C 30W,Acessórios Mobile,4.0,49.9,0.1221,2025-02-24,2025-02-23
ORD01439,2025-02-21,Cliente_171,Vitor Gabriel Fernandes,Ferreira Gomes,AP,Norte,P0016,Fone de Ouvido Profissional EDIFIER WH950NB,Áudio,4.0,899.0,0.0976,2025-03-01,2025-03-01
ORD01440,2025-02-21,Cliente_203,Nicolas Porto,Ji-Paraná,RO,Norte,P0009,Smart TV 32” Philco LED Roku TV,TV e Projeção,1.0,949.0,0.0048,2025-02-27,2025-02-27
ORD01441,2025-02-21,Cliente_211,Srta. Natália Cardoso,Cruzeiro do Sul,AC,Norte,P0007,Película para iPhone 14Pro Anti impacto,Acessórios Mobile,3.0,51.8,0.1215,2025-02-24,2025-02-24
ORD01442,2025-02-21,Cliente_222,João Gabriel Nunes,Vitória,ES,Sudeste,P0027,Caixa de Som Bluetooth JBL,Áudio,3.0,549.9,0.0785,2025-02-25,2025-02-26
ORD01443,2025-02-21,Cliente_242,Clarice Campos,Curitiba,PR,Sul,P0019,Mouse Redragon Wireless,Informática,2.0,165.99,0.0559,2025-02-23,2025-02-26
ORD01444,2025-02-21,Cliente_243,Laura da Cunha,Maringá,PR,Sul,P0027,Caixa de Som Bluetooth JBL,Áudio,2.0,549.9,0.1182,2025-02-25,2025-02-25
ORD01445,2025-02-21,Cliente_248,Dr. João Guilherme da Rosa,Duque de Caxias,RJ,Sudeste,P0009,Smart TV 32” Philco LED Roku TV,TV e Projeção ,1.0,949.0,0.0103,2025-02-28,2025-02-26
ORD01446,2025-02-21,Cliente_250,Raul Carvalho,Santana,AP,Norte,P0013,"Projetor Smart Epson EpiqVision, FULL HD",TV e Projeção,2.0,3049.99,0.0177,2025-03-02,2025-03-02
ORD01447,2025-02-21,Cliente_252,Sr. Isaac Melo,Itajaí,SC,Sul,P0016,Fone de Ouvido Profissional EDIFIER WH950NB,Áudio,3.0,899.0,0.0357,2025-02-26,2025-03-03
ORD01448,2025-02-21,Cliente_258,Pedro Lucas Pires,Blumenau,SC,Sul,P0007,Película para iPhone 14Pro Anti impacto,Acessórios Mobile,4.0,51.8,0.1457,2025-02-27,2025-02-26
ORD01449,2025-02-21,Cliente_263,Sr. Cauã Carvalho,Uberlândia,MG,Sudeste,P0010,"Smart TV LED 32""Samsung LED Tizen TV",TV e Projeção,3.0,1079.0,0.1223,2025-02-24,2025-02-22
ORD01450,2025-02-21,Cliente_273,Leonardo Melo,Sobral,CE,Nordeste,P0004,Carregador Turbo Tipo-C 50w,Acessórios Mobile,2.0,53.9,0.0327,2025-02-26,2025-02-24
ORD01451,2025-02-21,Cliente_273,Leonardo Melo,Sobral,CE,Nordeste,P0020,Teclado Mecanico Fizz,Informática,4.0,174.9,0.1437,2025-02-27,2025-02-25
ORD01452,2025-02-21,Cliente_294,Larissa Teixeira,Ferreira Gomes,AP,Norte,P0017,ACER Notebook Gamer Nitro,Informática,,4604.0,0.1892,2025-02-27,2025-02-27
ORD01453,2025-02-21,Cliente_299,Pietra Duarte,Parintins,AM,Norte,P0021,SSD Crucial 1TB NVMe M.2,Informática,3.0,449.0,0.0619,2025-02-23,2025-02-22
ORD01454,2025-02-21,Cliente_300,Dra. Maria Sophia Nogueira,Chapecó,SC,Sul,P0006,Fone de ouvido Sem Fio QCY T27,Áudio,1.0,129.86,0.0232,2025-02-23,2025-02-24
ORD01455,2025-02-21,Cliente_314,Nina Ramos,Laranjal do Jari,AP,Norte,P0007,Película para iPhone 14Pro Anti impacto,Acessórios Mobile,3.0,51.8,0.0739,2025-02-26,2025-02-28
ORD01456,2025-02-21,Cliente_326,Emanuella Porto,Ferreira Gomes,AP,Norte,P0017,ACER Notebook Gamer Nitro,Informática,2.0,4604.0,0.0294,2025-02-26,2025-02-26
ORD01457,2025-02-21,Cliente_361,Clara da Paz,Camaçari,BA,Nordeste,P0013,"Projetor Smart Epson EpiqVision, FULL HD",TV e Projeção,1.0,3049.99,0.106,2025-02-24,2025-02-22
ORD01458,2025-02-21,Cliente_381,Fernanda Rocha,Ribeirão Preto,SP,Sudeste,P0011,"Soundbar Samsung com 2.1 canais, Dolby Digital",Áudio,,1072.0,0.021,2025-02-26,2025-02-26
ORD01459,2025-02-21,Cliente_406,Laís da Costa,Juiz de Fora,MG,Sudeste,P0013,"Projetor Smart Epson EpiqVision, FULL HD",TV e Projeção,1.0,3049.99,0.0108,2025-03-01,2025-03-08
ORD01460,2025-02-21,Cliente_409,Eloah Silva,Sobral,CE,Nordeste,P0008,Película de Vidro 3D Galaxy A30s,Acessórios Mobile,4.0,17.9,0.1218,2025-02-25,2025-02-26
ORD01461,2025-02-21,Cliente_409,Eloah Silva,Sobral,CE,Nordeste,P0018,"Monitor UHD Samsung 32""",Informática,2.0,1626.57,0.096,2025-03-01,2025-02-28
ORD01462,2025-02-21,Cliente_446,Fernanda Silveira Gomes,Blumenau,SC,Sul,P0018,"Monitor UHD Samsung 32""",Informática,1.0,1626.57,0.0603,2025-02-27,2025-02-27
ORD01463,2025-02-21,Cliente_472,Francisco Fogaça,Vitória,ES,Sudeste,P0013,"Projetor Smart Epson EpiqVision, FULL HD",TV e Projeção,2.0,3049.99,0.061,2025-02-24,2025-02-24
ORD01464,2025-02-21,Cliente_517,Letícia Cunha,Parnamirim,RN,Nordeste,P0006,Fone de ouvido Sem Fio QCY T27,Áudio,3.0,129.86,0.0494,2025-02-26,2025-02-23
ORD01465,2025-02-21,Cliente_517,Letícia Cunha,Parnamirim,RN,Nordeste,P0011,"Soundbar Samsung com 2.1 canais, Dolby Digital",Áudio,3.0,1072.0,0.0232,2025-03-01,2025-02-27
ORD01466,2025-02-21,Cliente_521,Lívia Ferreira,Gravataí,RS,Sul,P0027,Caixa de Som Bluetooth JBL,Áudio,2.0,549.9,0.1551,2025-02-25,2025-02-25
ORD01467,2025-02-22,Cliente_007,Helena Souza,Feira de Santana,BA,Nordeste,P0008,Película de Vidro 3D Galaxy A30s,Acessórios Mobile,2.0,17.9,0.1356,2025-02-28,2025-02-26
ORD01468,2025-02-22,Cliente_027,Davi Lucas Gomes,Ribeirão Preto,SP,Sudeste,P0017,ACER Notebook Gamer Nitro,Informática,2.0,4604.0,0.0861,2025-02-24,2025-02-23
ORD01469,2025-02-22,Cliente_027,Davi Lucas Gomes,Ribeirão Preto,SP,Sudeste,P0020,Teclado Mecanico Fizz,Informática,1.0,174.9,0.1431,2025-02-24,2025-02-25
ORD01470,2025-02-22,Cliente_058,Sr. Nathan Peixoto,Itacoatiara,AM,Norte,P0004,Carregador Turbo Tipo-C 50w,Acessórios Mobile,3.0,53.9,0.0461,2025-02-27,2025-02-25
ORD01471,2025-02-22,Cliente_074,Luiz Fernando Freitas,Duque de Caxias,RJ,Sudeste,P0008,Película de Vidro 3D Galaxy A30s,Acessórios Mobile,1.0,17.9,0.0943,2025-02-24,2025-02-26
ORD01472,2025-02-22,Cliente_086,Srta. Heloísa Moraes,Pelotas,RS,Sul,P0020,Teclado Mecanico Fizz,Informática,2.0,174.9,0.1564,2025-02-28,2025-02-28
ORD01473,2025-02-22,Cliente_094,Daniel Martins,Teresina,PI,Nordeste,P0002,Samsung Galaxy Tab S6 Lite, Smartphones e Tablets,3.0,1799.01,0.0413,2025-03-01,2025-03-01
ORD01474,2025-02-22,Cliente_098,Thales Castro,Caxias do Sul,RS,Sul,P0007,Película para iPhone 14Pro Anti impacto,Acessórios Mobile,2.0,51.8,0.079,2025-02-26,2025-02-27
ORD01475,2025-02-22,Cliente_108,Sr. Eduardo Moreira,Recife,PE,Nordeste,P0022,Smartphone Motorola Edge 50 Neo,Smartphones e Tablets,2.0,2299.9,0.06,2025-02-28,2025-02-26
ORD01476,2025-02-22,Cliente_121,Kamilly Pereira,Pelotas,RS,Sul,P0008,Película de Vidro 3D Galaxy A30s,Acessórios Mobile,3.0,17.9,0.0193,2025-02-28,2025-02-27
ORD01477,2025-02-22,Cliente_134,Juan da Luz,Blumenau,SC,Sul,P0027,Caixa de Som Bluetooth JBL,Áudio,3.0,549.9,0.0774,2025-02-28,2025-02-28
ORD01478,2025-02-22,Cliente_142,João Lucas da Mata,Blumenau,SC,Sul,P0006,Fone de ouvido Sem Fio QCY T27,Áudio,2.0,129.86,0.0595,2025-02-27,2025-02-24
ORD01479,2025-02-22,Cliente_164,Breno Rezende,Currais Novos,RN,Nordeste,P0011,"Soundbar Samsung com 2.1 canais, Dolby Digital",Áudio,2.0,1072.0,0.0153,2025-03-01,2025-02-28
ORD01480,2025-02-22,Cliente_171,Vitor Gabriel Fernandes,Ferreira Gomes,AP,Norte,P0009,Smart TV 32” Philco LED Roku TV,TV e Projeção,4.0,949.0,0.0602,2025-02-26,2025-02-25
ORD01481,2025-02-22,Cliente_198,Sr. André Castro,Lagarto,SE,Nordeste,P0008,Película de Vidro 3D Galaxy A30s,Acessórios Mobile,1.0,17.9,0.0765,2025-03-01,2025-02-26
ORD01482,2025-02-22,Cliente_202,Nicolas Viana,Niterói,RJ,Sudeste,P0014,Projetor EPSON Powerlite Wide Screen,TV e Projeção,2.0,2742.13,0.0444,2025-03-01,2025-03-01
ORD01483,2025-02-22,Cliente_205,Kevin Souza,Santa Rita,PB,Nordeste,P0009,Smart TV 32” Philco LED Roku TV,TV e Projeção,3.0,949.0,0.1379,2025-03-03,2025-02-28
ORD01484,2025-02-22,Cliente_221,Sr. Samuel Teixeira,Sobral,CE,Nordeste,P0021,SSD Crucial 1TB NVMe M.2,Informática,3.0,449.0,0.0873,2025-02-28,2025-02-28
ORD01485,2025-02-22,Cliente_225,Enzo Gabriel Ramos,Caxias,MA,Nordeste,P0007,Película para iPhone 14Pro Anti impacto,Acessórios Mobile,4.0,51.8,0.0858,2025-02-28,2025-02-27
ORD01486,2025-02-22,Cliente_229,Thiago da Paz,Uberlândia,MG,Sudeste,P0007,Película para iPhone 14Pro Anti impacto,Acessórios Mobile,3.0,51.8,0.0915,2025-02-25,2025-02-23
ORD01487,2025-02-22,Cliente_234,Leonardo Oliveira,Maringá,PR,Sul,P0018,"Monitor UHD Samsung 32""",Informática,3.0,1626.57,0.1139,2025-02-24,2025-02-25
ORD01488,2025-02-22,Cliente_241,Matheus Ribeiro,Curitiba,PR,Sul,P0005,"Fone de Ouvido Sem Fio TWS, PHILIPS",Áudio,3.0,124.91,0.0361,2025-02-26,2025-02-24
ORD01489,2025-02-22,Cliente_247,João Moraes,Campinas,SP,Sudeste,P0002,Samsung Galaxy Tab S6 Lite,Smartphones e Tablets,4.0,1799.01,0.1342,2025-02-26,2025-02-26
ORD01490,2025-02-22,Cliente_254,Kevin Santos,Niterói,RJ,Sudeste,P0017,ACER Notebook Gamer Nitro,Informática,2.0,4604.0,0.0721,2025-02-28,2025-02-27
ORD01491,2025-02-22,Cliente_278,Bianca Pereira,Porto Nacional,TO,Norte,P0011,"Soundbar Samsung com 2.1 canais, Dolby Digital",Áudio,1.0,1072.0,0.0929,2025-03-02,2025-03-09
ORD01492,2025-02-22,Cliente_289,Noah Oliveira,Santana,AP,Norte,P0022,Smartphone Motorola Edge 50 Neo,Smartphones e Tablets,3.0,2299.9,0.0629,2025-02-27,2025-03-04
ORD01493,2025-02-22,Cliente_299,Pietra Duarte,Parintins,AM,Norte,P0016,Fone de Ouvido Profissional EDIFIER WH950NB,Áudio,2.0,899.0,0.0361,2025-03-01,2025-03-03
ORD01494,2025-02-22,Cliente_327,Sra. Maria Eduarda Cardoso,Vila Velha,ES,Sudeste,P0014,Projetor EPSON Powerlite Wide Screen,TV e Projeção,1.0,2742.13,0.1277,2025-02-25,2025-02-25
ORD01495,2025-02-22,Cliente_327,Sra. Maria Eduarda Cardoso,Vila Velha,ES,Sudeste,P0027,Caixa de Som Bluetooth JBL,Áudio,2.0,549.9,0.0489,2025-02-25,2025-02-23
ORD01496,2025-02-22,Cliente_330,Rebeca Farias,Cascavel,PR,Sul,P0018,"Monitor UHD Samsung 32""",Informática,2.0,1626.57,0.0268,2025-02-24,2025-02-23
ORD01497,2025-02-22,Cliente_340,Bruno Cardoso,Gravataí,RS,Sul,P0001,Samsung Galaxy A36,Smartphones e Tablets,4.0,1979.1,0.0835,2025-02-25,2025-02-25
ORD01498,2025-02-22,Cliente_352,Eduarda Cardoso,Campinas,SP,Sudeste,P0013,"Projetor Smart Epson EpiqVision, FULL HD",TV e Projeção,2.0,3049.99,0.0641,2025-02-26,2025-02-27
ORD01499,2025-02-22,Cliente_354,Pedro Miguel Mendes,Macapá,AP,Norte,P0019,Mouse Redragon Wireless,Informática,4.0,165.99,0.3394,2025-03-03,2025-03-03
ORD01500,2025-02-22,Cliente_392,Luiz Felipe Carvalho,Ponta Grossa,PR,Sul,P0013,"Projetor Smart Epson EpiqVision, FULL HD",TV e Projeção,3.0,3049.99,0.1408,2025-03-01,2025-03-01
ORD01501,2025-02-22,Cliente_394,Eduardo Oliveira,Ribeirão Preto,SP,Sudeste,P0015,Fone de Ouvido Profissional AKG K92,Áudio,1.0,428.99,0.1338,2025-02-28,2025-02-28
ORD01502,2025-02-22,Cliente_492,Nathan Correia,Londrina,PR,Sul,P0001,Samsung Galaxy A36,Smartphones e Tablets,1.0,1979.1,0.0561,2025-03-01,2025-03-03
ORD01503,2025-02-22,Cliente_499,Isabel Nogueira,Caicó,RN,Nordeste,P0018,"Monitor UHD Samsung 32""",Informática,2.0,1626.57,0.0785,2025-02-28,2025-02-27
ORD01504,2025-02-22,Cliente_506,Juliana Barbosa,Bacabal,MA,Nordeste,P0027,Caixa de Som Bluetooth JBL,Áudio,2.0,549.9,0.1027,2025-02-28,2025-02-25
ORD01505,2025-02-22,Cliente_517,Letícia Cunha,Parnamirim,RN,Nordeste,P0017,ACER Notebook Gamer Nitro,Informática,2.0,4604.0,0.1316,2025-03-01,2025-03-04
ORD01506,2025-02-23,Cliente_007,Helena Souza,Feira de Santana,BA,Nordeste,P0002,Samsung Galaxy Tab S6 Lite,Smartphones e Tablets,2.0,1799.01,0.0365,2025-03-01,2025-02-28
ORD01507,2025-02-23,Cliente_011,Julia Ribeiro,Santa Maria,RS,Sul,P0015,Fone de Ouvido Profissional AKG K92,Áudio,2.0,428.99,0.222,2025-02-28,2025-02-28
ORD01508,,Cliente_012,Dr. Arthur da Cunha,Caracaraí,RR,Norte,P0027,Caixa de Som Bluetooth JBL,Áudio,2.0,549.9,0.1417,2025-03-02,2025-03-02
ORD01509,2025-02-23,Cliente_052,Ana Beatriz Freitas,Ponta Grossa,PR,Sul,P0007,Película para iPhone 14Pro Anti impacto,Acessórios Mobile,3.0,51.8,0.0709,2025-02-25,2025-02-24
ORD01510,2025-02-23,Cliente_062,Rodrigo da Paz,Uberlândia,MG,Sudeste,P0002,Samsung Galaxy Tab S6 Lite,Smartphones e Tablets,3.0,1799.01,0.0445,2025-03-03,2025-03-02
ORD01511,2025-02-23,Cliente_068,Stephany Moreira,Curitiba,PR,Sul,P0012,"Soundbar Tomate MTS-2017, Bivolt",Áudio,2.0,769.9,0.0216,2025-02-27,2025-02-26
ORD01512,2025-02-23,Cliente_078,Davi Costela,Currais Novos,RN,Nordeste,P0018,"Monitor UHD Samsung 32""",Informática,1.0,1626.57,0.1422,2025-03-01,2025-03-02
ORD01513,2025-02-23,Cliente_090,Caio Novaes,Blumenau,SC,Sul,P0001,Samsung Galaxy A36,Smartphones e Tablets,4.0,1979.1,0.1414,2025-03-01,2025-02-28
ORD01514,2025-02-23,Cliente_095,Catarina Nogueira,Blumenau,SC,Sul,P0005,"Fone de Ouvido Sem Fio TWS, PHILIPS",Áudio,3.0,124.91,0.0652,2025-02-27,2025-02-24
ORD01515,2025-02-23,Cliente_113,Sra. Camila Peixoto,Marabá,PA,Norte,P0016,Fone de Ouvido Profissional EDIFIER WH950NB,Áudio,,899.0,0.0374,2025-03-01,2025-03-02
ORD01516,2025-02-23,Cliente_118,Bianca Pinto,Ponta Grossa,PR,Sul,P0017,ACER Notebook Gamer Nitro,Informática,1.0,4604.0,0.08,2025-03-02,2025-03-02
ORD01517,2025-02-23,Cliente_135,Eduardo Pires,Contagem,MG,Sudeste,P0004,Carregador Turbo Tipo-C 50w,Acessórios Mobile,3.0,53.9,0.0349,2025-02-26,2025-02-26
ORD01518,2025-02-23,Cliente_157,Stella Barbosa,Cachoeiro de Itapemirim,ES,Sudeste,P0006,Fone de ouvido Sem Fio QCY T27,Áudio,4.0,129.86,0.0385,2025-02-27,2025-02-27
ORD01519,,Cliente_165,Maria Fernanda Teixeira,Duque de Caxias,RJ,Sudeste,P0002,Samsung Galaxy Tab S6 Lite,Smartphones e Tablets,2.0,1799.01,0.0979,2025-02-26,2025-02-27
ORD01520,2025-02-23,Cliente_167,Sophie da Cruz,Caucaia,CE,Nordeste,P0018,"Monitor UHD Samsung 32""",Informática,1.0,1626.57,0.0059,2025-03-02,2025-03-01
ORD01521,2025-02-23,Cliente_180,Vicente Jesus,Niterói,RJ,Sudeste,P0012," Soundbar Tomate MTS-2017, Bivolt",Áudio,3.0,769.9,0.0791,2025-02-28,2025-02-27
ORD01522,2025-02-23,Cliente_184,Sarah da Costa,Teresina,PI,Nordeste,P0012,"Soundbar Tomate MTS-2017, Bivolt",Áudio,2.0,769.9,0.0119,2025-02-27,2025-02-25
ORD01523,2025-02-23,Cliente_194,Pedro Gomes,Pelotas,RS,Sul,P0013,"Projetor Smart Epson EpiqVision, FULL HD",TV e Projeção,1.0,3049.99,0.0749,2025-02-27,2025-02-27
ORD01524,2025-02-23,Cliente_194,Pedro Gomes,Pelotas,RS,Sul,P0015,Fone de Ouvido Profissional AKG K92,Áudio,4.0,428.99,0.026,2025-02-28,2025-02-27
ORD01525,2025-02-23,Cliente_198,Sr. André Castro,Lagarto,SE,Nordeste,P0009,Smart TV 32” Philco LED Roku TV,TV e Projeção,4.0,949.0,0.0647,2025-02-25,2025-02-24
ORD01526,2025-02-23,Cliente_213,Sra. Daniela Lima,São Bernardo do Campo,SP,Sudeste,P0011,"Soundbar Samsung com 2.1 canais, Dolby Digital",Áudio,4.0,1072.0,0.0238,2025-03-02,2025-03-04
ORD01527,2025-02-23,Cliente_215!!,Olivia Souza,Camaçari,BA,Nordeste,P0001,Samsung Galaxy A36,Smartphones e Tablets,4.0,1979.1,0.0432,2025-03-03,2025-03-02
ORD01528,2025-02-23,Cliente_215,Olivia Souza,Camaçari,BA,Nordeste,P0008,Película de Vidro 3D Galaxy A30s,Acessórios Mobile,3.0,17.9,0.0798,2025-03-03,2025-03-07
ORD01529,2025-02-23,Cliente_216,Yasmin Costela,Pelotas,RS,Sul,P0013,"Projetor Smart Epson EpiqVision, FULL HD",TV e Projeção,4.0,3049.99,0.1336,2025-02-27,2025-02-25
ORD01530,2025-02-23,Cliente_218,Isabel Pereira,Vila Velha,ES,Sudeste,P0011,"Soundbar Samsung com 2.1 canais, Dolby Digital",Áudio,3.0,1072.0,0.0098,2025-02-26,2025-02-25
ORD01531,2025-02-23,Cliente_228,Gabrielly Santos,Santarém,PA,Norte,P0015,Fone de Ouvido Profissional AKG K92,Áudio,1.0,428.99,0.1149,2025-02-25,2025-02-24
ORD01532,2025-02-23,Cliente_229,Thiago da Paz,Uberlândia,MG,Sudeste,P0020,Teclado Mecanico Fizz,Informática,1.0,174.9,0.1103,2025-02-27,2025-02-26
ORD01533,2025-02-23, Cliente_233,Maria Vitória da Mata,Sobral,CE,Nordeste,P0007,Película para iPhone 14Pro Anti impacto,Acessórios Mobile,4.0,51.8,0.1273,2025-02-27,2025-02-25
ORD01534,2025-02-23,Cliente_234,Leonardo Oliveira,Maringá,PR,Sul,P0005,"Fone de Ouvido Sem Fio TWS, PHILIPS",Áudio,1.0,124.91,0.1486,2025-02-25,2025-02-24
ORD01535,2025-02-23,Cliente_243,Laura da Cunha,Maringá,PR,Sul,P0007,Película para iPhone 14Pro Anti impacto,Acessórios Mobile,2.0,51.8,0.1071,2025-02-26,2025-03-02
ORD01536,2025-02-23,Cliente_248,Dr. João Guilherme da Rosa,Duque de Caxias,RJ,Sudeste,P0006,Fone de ouvido Sem Fio QCY T27,Áudio,4.0,129.86,0.0709,2025-02-25,2025-02-24
ORD01537,2025-02-23,Cliente_254,Kevin Santos,Niterói,RJ,Sudeste,P0004,Carregador Turbo Tipo-C 50w,Acessórios Mobile,2.0,53.9,0.0373,2025-02-27,2025-02-25
ORD01538,2025-02-23,Cliente_257,Dr. Matheus Castro,Camaçari,BA,Nordeste,P0010,"Smart TV LED 32""Samsung LED Tizen TV",TV e Projeção,3.0,1079.0,0.1321,2025-02-25,2025-02-26
ORD01539,2025-02-23,Cliente_275,Marina Caldeira,Porto Alegre,RS,Sul,P0004,Carregador Turbo Tipo-C 50w,Acessórios Mobile,1.0,53.9,0.1345,2025-02-28,2025-02-28
ORD01540,2025-02-23,Cliente_285,Maria Vitória Jesus,Vitória da Conquista,BA,Nordeste,P0004,Carregador Turbo Tipo-C 50w,Acessórios Mobile,3.0,53.9,0.0476,2025-03-02,2025-03-05
ORD01541,2025-02-23,Cliente_285,Maria Vitória Jesus,Vitória da Conquista,BA,Nordeste,P0010,"Smart TV LED 32""Samsung LED Tizen TV",TV e Projeção,3.0,1079.0,0.0421,2025-02-25,2025-02-24
ORD01542,2025-02-23,Cliente_294,Larissa Teixeira,Ferreira Gomes,AP,Norte,P0013,"Projetor Smart Epson EpiqVision, FULL HD",TV e Projeção,4.0,3049.99,0.1268,2025-03-01,2025-02-28
ORD01543,2025-02-23,Cliente_303,Davi Lucca Freitas,Boa Vista,RR,Norte,P0012,"Soundbar Tomate MTS-2017, Bivolt",Áudio,4.0,769.9,0.0419,2025-02-28,2025-02-25
ORD01544,2025-02-23,Cliente_308,Enzo Gabriel Costa,Londrina,PR,Sul,P0020,Teclado Mecanico Fizz,Informática,2.0,174.9,0.1323,2025-02-26,2025-02-24
ORD01545,2025-02-23,Cliente_313,Noah Rodrigues,Ji-Paraná,RO,Norte,P0007,Película para iPhone 14Pro Anti impacto,Acessórios Mobile,3.0,51.8,0.0554,2025-02-28,2025-02-27
ORD01546,2025-02-23,Cliente_314,Nina Ramos,Laranjal do Jari,AP,Norte,P0006,Fone de ouvido Sem Fio QCY T27,Áudio,2.0,129.86,0.0448,2025-03-03,2025-03-03
ORD01547,2025-02-23,Cliente_323,Dr. João Pedro Carvalho,Boa Vista,RR,Norte,P0005,"Fone de Ouvido Sem Fio TWS, PHILIPS",Áudio,4.0,124.91,0.0481,2025-03-01,2025-03-02
ORD01548,2025-02-23,Cliente_327,Sra. Maria Eduarda Cardoso,Vila Velha,ES,Sudeste,P0014, Projetor EPSON Powerlite Wide Screen,TV e Projeção,4.0,2742.13,0.0886,2025-02-26,2025-02-25
ORD01549,2025-02-23,Cliente_330,Rebeca Farias,Cascavel,PR,Sul,P0010,"Smart TV LED 32""Samsung LED Tizen TV",TV e Projeção,2.0,1079.0,0.0991,2025-02-26,2025-03-02
ORD01550,2025-02-23,Cliente_375,Dra. Maria Julia Cardoso,Itajaí,SC,Sul,P0014,Projetor EPSON Powerlite Wide Screen,TV e Projeção,3.0,2742.13,0.0387,2025-02-28,2025-02-27
ORD01551,2025-02-23,Cliente_382 ,Bryan Ribeiro,Cachoeiro de Itapemirim,ES,Sudeste,P0027,Caixa de Som Bluetooth JBL,Áudio,2.0,549.9,0.1207,2025-02-27,2025-02-26
ORD01552,2025-02-23,Cliente_384,Brenda Monteiro,Santana,AP,Norte,P0005,"Fone de Ouvido Sem Fio TWS, PHILIPS",Áudio,4.0,124.91,0.0319,2025-02-27,2025-02-27
ORD01553,2025-02-23,Cliente_403,Laís da Paz,João Pessoa,PB,Nordeste,P0005,"Fone de Ouvido Sem Fio TWS, PHILIPS",Áudio,,124.91,0.0358,2025-03-03,2025-03-01
ORD01554,2025-02-23,Cliente_409,Eloah Silva,Sobral,CE,Nordeste,P0008,Película de Vidro 3D Galaxy A30s,Acessórios Mobile,2.0,17.9,0.1042,2025-02-27,2025-03-02
ORD01555,2025-02-23,Cliente_409,Eloah Silva,Sobral,CE,Nordeste,P0011,"Soundbar Samsung com 2.1 canais, Dolby Digital",Áudio,1.0,1072.0,0.1426,2025-03-01,2025-03-01
ORD01556,2025-02-23,Cliente_413,Raul Rezende,Sobral,CE,Nordeste,P0005,"Fone de Ouvido Sem Fio TWS, PHILIPS",Áudio,2.0,124.91,0.0325,2025-03-01,2025-03-01
ORD01557,2025-02-23,Cliente_452,Arthur Silveira,Porto Nacional,TO,Norte,P0017,ACER Notebook Gamer Nitro,Informática,,4604.0,0.0997,2025-02-28,2025-02-28
ORD01558,2025-02-23,Cliente_484,Rafael Novaes Nogueira,Santa Maria,RS,Sul,P0027,Caixa de Som Bluetooth JBL,Áudio,1.0,549.9,0.0762,2025-03-01,2025-03-01
ORD01559,2025-02-23,Cliente_496,Eduardo Martins,Itajaí,SC,Sul,P0011,"Soundbar Samsung com 2.1 canais, Dolby Digital",Áudio,4.0,1072.0,0.0299,2025-02-28,2025-02-28
ORD01560,2025-02-23,Cliente_513,Bryan Pereira,Londrina,PR,Sul,P0001,Samsung Galaxy A36,Smartphones e Tablets,1.0,1979.1,0.0513,2025-02-28,2025-03-03
ORD01561,2025-02-23,Cliente_548,Benício Almeida,Tarauacá,AC,Norte,P0019,Mouse Redragon Wireless,Informática,1.0,165.99,0.1178,2025-02-28,2025-02-28
ORD01562,2025-02-24,Cliente_007,Helena Souza,Feira de Santana,BA,Nordeste,P0004,Carregador Turbo Tipo-C 50w,Acessórios Mobile,3.0,53.9,0.0154,2025-02-26,2025-03-01
ORD01563,2025-02-24,cliente#007,Helena Souza,Feira de Santana,BA,Nordeste,P0009,Smart TV 32” Philco LED Roku TV,TV e Projeção,2.0,949.0,0.0844,2025-03-02,2025-03-02
ORD01564,2025-02-24,Cliente_008,Thales Pereira,Cascavel,PR,Sul,P0016,Fone de Ouvido Profissional EDIFIER WH950NB,Áudio,1.0,899.0,0.0232,2025-03-02,2025-03-02
ORD01565,2025-02-24,Cliente_012,Dr. Arthur da Cunha,Caracaraí,RR,Norte,P0013,"Projetor Smart Epson EpiqVision, FULL HD",TV e Projeção,2.0,3049.99,0.0556,2025-03-01,2025-03-01
ORD01566,2025-02-24,Cliente_021,Mirella Rodrigues,Ribeirão Preto,SP,Sudeste,P0007,Película para iPhone 14Pro Anti impacto,Acessórios Mobile,1.0,51.8,0.0984,2025-03-02,2025-03-02
ORD01567,2025-02-24,Cliente_021,Mirella Rodrigues,Ribeirão Preto,SP,Sudeste,P0015,Fone de Ouvido Profissional AKG K92,Áudio,2.0,428.99,0.1948,2025-02-27,2025-03-06
ORD01568,2025-02-24,Cliente_036,Bryan Pires,Manacapuru,AM,Norte,P0010,"Smart TV LED 32""Samsung LED Tizen TV",TV e Projeção,1.0,1079.0,0.1187,2025-02-26,2025-02-26
ORD01569,2025-02-24,Cliente_036,Bryan Pires,Manacapuru,AM,Norte,P0018,"Monitor UHD Samsung 32""",Informática,1.0,1626.57,0.0685,2025-03-01,2025-02-27
ORD01570,2025-02-24,Cliente_039,Bruna Almeida,Gravataí,RS,Sul,P0009,Smart TV 32” Philco LED Roku TV,TV e Projeção,1.0,949.0,0.0991,2025-03-04,2025-03-05
ORD01571,2025-02-24,Cliente_040,Renan Silveira,Propriá,SE,Nordeste,P0027,Caixa de Som Bluetooth JBL,Áudio,1.0,549.9,0.0801,2025-03-01,2025-02-28
ORD01572,2025-02-24,Cliente_050,Enzo Monteiro,Curitiba,PR,Sul,P0022,Smartphone Motorola Edge 50 Neo,Smartphones e Tablets,3.0,2299.9,0.1032,2025-02-26,2025-02-25
ORD01573,2025-02-24,Cliente_065,Letícia Porto,Santana,AP,Norte,P0002,Samsung Galaxy Tab S6 Lite,Smartphones e Tablets,4.0,1799.01,0.0148,2025-02-28,2025-02-28
ORD01574,2025-02-24,Cliente_085,Dra. Maria Sophia Ramos,Maringá,PR,Sul,P0008,Película de Vidro 3D Galaxy A30s,Acessórios Mobile,1.0,17.9,0.0948,2025-02-26,2025-02-25
ORD01575,2025-02-24,Cliente_114,Evelyn da Paz,Mucajaí,RR,Norte,P0006,Fone de ouvido Sem Fio QCY T27,Áudio,4.0,129.86,0.1361,2025-03-05,2025-03-04
ORD01576,2025-02-24,Cliente_131,Yuri Silveira,Santa Maria,RS,Sul,P0011,"Soundbar Samsung com 2.1 canais, Dolby Digital",Áudio,4.0,1072.0,0.0386,2025-02-27,2025-02-27
ORD01577,2025-02-24,Cliente_132,Pedro Miguel Rodrigues,São Bernardo do Campo,SP,Sudeste,P0013,"Projetor Smart Epson EpiqVision, FULL HD",TV e Projeção,2.0,3049.99,0.0814,2025-03-02,2025-03-02
ORD01578,2025-02-24,Cliente_133,Isadora Novaes,Cachoeiro de Itapemirim,ES,Sudeste,P0020,Teclado Mecanico Fizz,Informática,3.0,174.9,0.0311,2025-03-01,2025-03-01
ORD01579,2025-02-24,Cliente_134,Juan da Luz,Blumenau,SC,Sul,P0016,Fone de Ouvido Profissional EDIFIER WH950NB,Áudio,2.0,899.0,0.1013,2025-02-26,2025-02-25
ORD01580,2025-02-24,Cliente_149,Manuela Santos,Caxias do Sul,RS,Sul,P0008,Película de Vidro 3D Galaxy A30s,Acessórios Mobile,4.0,17.9,0.1124,2025-03-04,2025-03-04
ORD01581,2025-02-24,Cliente_159,Dr. Igor Correia,Santa Rita,PB,Nordeste,P0008,Película de Vidro 3D Galaxy A30s,Acessórios Mobile,4.0,17.9,0.095,2025-03-04,2025-03-04
ORD01582,2025-02-24,Cliente_165,Maria Fernanda Teixeira,Duque de Caxias,RJ,Sudeste,P0006,Fone de ouvido Sem Fio QCY T27,Áudio,4.0,129.86,0.0483,2025-02-28,2025-03-01
ORD01583,2025-02-24,Cliente_165,Maria Fernanda Teixeira,Duque de Caxias,RJ,Sudeste,P0011,"Soundbar Samsung com 2.1 canais, Dolby Digital",Áudio,1.0,1072.0,0.0218,2025-02-27,2025-02-25
ORD01584,2025-02-24,Cliente_165,Maria Fernanda Teixeira,Duque de Caxias,RJ,Sudeste,P0018,"Monitor UHD Samsung 32""",Informática,2.0,1626.57,0.0609,2025-03-01,2025-03-06
ORD01585,2025-02-24,Cliente_186,Dra. Helena Teixeira,Bom Jesus,PI,Nordeste,P0007,Película para iPhone 14Pro Anti impacto,Acessórios Mobile,4.0,51.8,0.1484,2025-03-03,2025-03-05
ORD01586,2025-02-24,Cliente_190,Natália da Cunha,Porto Velho,RO,Norte,P0020,Teclado Mecanico Fizz,Informática,2.0,174.9,0.1562,2025-03-03,2025-03-03
ORD01587,2025-02-24,Cliente_219,Natália da Luz,Cascavel,PR,Sul,P0012,"Soundbar Tomate MTS-2017, Bivolt",Áudio,3.0,769.9,0.0278,2025-03-03,2025-03-03
ORD01588,2025-02-24,Cliente_234,Leonardo Oliveira,Maringá,PR,Sul,P0016,Fone de Ouvido Profissional EDIFIER WH950NB,Áudio,2.0,899.0,0.1135,2025-03-01,2025-03-04
ORD01589,2025-02-24,Cliente_243,Laura da Cunha,Maringá,PR,Sul,P0006,Fone de ouvido Sem Fio QCY T27,Áudio,1.0,129.86,0.0013,2025-03-03,2025-02-28
ORD01590,2025-02-24,Cliente_245,Nina Azevedo,Castanhal,PA,Norte,P0015,Fone de Ouvido Profissional AKG K92,Áudio,4.0,428.99,0.0539,2025-03-01,2025-03-01
ORD01591,2025-02-24,Cliente_248,Dr. João Guilherme da Rosa,Duque de Caxias,RJ,Sudeste,P0002,Samsung Galaxy Tab S6 Lite,Smartphones e Tablets,1.0,1799.01,0.1391,2025-03-01,2025-03-05
ORD01592,2025-02-24,Cliente_248,Dr. João Guilherme da Rosa,Duque de Caxias,RJ,Sudeste,P0012,"Soundbar Tomate MTS-2017, Bivolt",Áudio,2.0,769.9,0.0165,2025-03-03,2025-03-02
ORD01593,2025-02-24,Cliente_263,Sr. Cauã Carvalho,Uberlândia,MG,Sudeste,P0017,ACER Notebook Gamer Nitro,Informática,2.0,4604.0,0.0638,2025-03-01,2025-03-04
ORD01594,2025-02-24,Cliente_264,Sr. Noah da Paz,Itacoatiara,AM,Norte,P0016,Fone de Ouvido Profissional EDIFIER WH950NB,Áudio,3.0,899.0,0.032,2025-03-02,2025-03-02
ORD01595,2025-02-24,Cliente_285,Maria Vitória Jesus,Vitória da Conquista,BA,Nordeste,P0026,Cabo USB-C Trançado 2m,Acessórios Mobile,3.0,34.9,0.0907,2025-02-27,2025-02-26
ORD01596,2025-02-24,Cliente_288,Sr. Ryan Gonçalves,Campinas,SP,Sudeste,P0014,Projetor EPSON Powerlite Wide Screen,TV e Projeção,2.0,2742.13,0.072,2025-02-26,2025-02-25
ORD01597,2025-02-24,Cliente_291,Enzo Gabriel Monteiro,Serra,ES,Sudeste,P0020,Teclado Mecanico Fizz,Informática,4.0,174.9,0.0761,2025-03-01,2025-02-26
ORD01598,2025-02-24,Cliente_300,Dra. Maria Sophia Nogueira,Chapecó,SC,Sul,P0005,"Fone de Ouvido Sem Fio TWS, PHILIPS",Áudio,3.0,124.91,0.0556,2025-02-28,2025-02-26
ORD01599,2025-02-24,Cliente_300,Dra. Maria Sophia Nogueira,Chapecó,SC,Sul,P0009,Smart TV 32” Philco LED Roku TV,TV e Projeção,2.0,949.0,0.0187,2025-02-28,2025-02-28
ORD01600,2025-02-24,Cliente_300,Dra. Maria Sophia Nogueira,Chapecó,SC,Sul,P0012,"Soundbar Tomate MTS-2017, Bivolt",Áudio,1.0,769.9,0.0706,2025-03-02,2025-03-02
ORD01601,2025-02-24,Cliente_318,Laís Jesus,Tocantinópolis,TO,Norte,P0027,Caixa de Som Bluetooth JBL,Áudio,1.0,549.9,0.0852,2025-03-01,2025-02-28
ORD01602,2025-02-24,Cliente_326,Emanuella Porto,Ferreira Gomes,AP,Norte,P0021,SSD Crucial 1TB NVMe M.2,Informática,3.0,449.0,0.0935,2025-03-04,2025-03-03
ORD01603,2025-02-24,Cliente_330,Rebeca Farias,Cascavel,PR,Sul,P0014,Projetor EPSON Powerlite Wide Screen,TV e Projeção,,2742.13,0.116,2025-02-27,2025-03-03
ORD01604,2025-02-24,Cliente_334,Dr. Rafael Castro,Caicó,RN,Nordeste,P0015,Fone de Ouvido Profissional AKG K92,Áudio,4.0,428.99,0.1403,2025-03-01,2025-02-27
ORD01605,2025-02-24,Cliente_344,Davi da Rocha,Duque de Caxias,RJ,Sudeste,P0016,Fone de Ouvido Profissional EDIFIER WH950NB,Áudio,3.0,899.0,0.0285,2025-03-04,2025-03-02
ORD01606,2025-02-24,Cliente_355,Srta. Marina Rocha,Caucaia,CE,Nordeste,P0006,Fone de ouvido Sem Fio QCY T27 ,Áudio,2.0,129.86,0.055,2025-03-01,2025-03-04
ORD01607,2025-02-24,Cliente_360,Mariane Campos,Teresina,PI,Nordeste,P0009,Smart TV 32” Philco LED Roku TV,TV e Projeção,4.0,949.0,0.0108,2025-02-28,2025-02-26
ORD01608,2025-02-24,Cliente_360,Mariane Campos,Teresina,PI,Nordeste,P0013,"Projetor Smart Epson EpiqVision, FULL HD",TV e Projeção,2.0,3049.99,0.0489,2025-03-01,2025-03-04
ORD01609,2025-02-24,Cliente_361,Clara da Paz,Camaçari,BA,Nordeste,P0014,Projetor EPSON Powerlite Wide Screen,TV e Projeção,4.0,,0.1077,2025-03-02,2025-03-01
ORD01610,2025-02-24,Cliente_371,Ana Luiza Nunes,Joinville,SC,Sul,P0014, Projetor EPSON Powerlite Wide Screen,TV e Projeção,,,0.0253,2025-02-26,2025-02-28
ORD01611,2025-02-24,Cliente_374,Letícia da Cunha,Florianópolis,SC,Sul,P0012,"Soundbar Tomate MTS-2017, Bivolt",Áudio,2.0,769.9,0.0166,2025-02-27,2025-02-26
ORD01612,2025-02-24,Cliente_387,Manuela Rezende,Chapecó,SC,Sul,P0015,Fone de Ouvido Profissional AKG K92,Áudio,1.0,428.99,0.1098,2025-02-27,2025-02-26
ORD01613,2025-02-24,Cliente_401,Luna Almeida,Juiz de Fora,MG,Sudeste,P0002,Samsung Galaxy Tab S6 Lite,Smartphones e Tablets,1.0,1799.01,0.121,2025-03-01,2025-03-01
ORD01614,2025-02-24,Cliente_406,Laís da Costa,Juiz de Fora,MG,Sudeste,P0009,Smart TV 32” Philco LED Roku TV,TV e Projeção,3.0,949.0,0.041,2025-03-02,2025-02-28
ORD01615,2025-02-24,Cliente_406,Laís da Costa,Juiz de Fora,MG,Sudeste,P0013,"Projetor Smart Epson EpiqVision, FULL HD",TV e Projeção,2.0,3049.99,0.069,2025-02-27,2025-02-28
ORD01616,2025-02-24,Cliente_414,Stephany Melo,Timon,MA,Nordeste,P0004,Carregador Turbo Tipo-C 50w,Acessórios Mobile,3.0,53.9,0.0114,2025-03-04,2025-03-03
ORD01617,2025-02-24,Cliente_414,Stephany Melo,Timon,MA,Nordeste,P0027,Caixa de Som Bluetooth JBL,Áudio,1.0,,0.1269,2025-03-03,2025-03-03
ORD01618,,Cliente_418,Benício Monteiro,Nova Iguaçu,RJ,Sudeste,P0010,"Smart TV LED 32""Samsung LED Tizen TV",TV e Projeção,1.0,1079.0,0.0644,2025-03-04,2025-03-02
ORD01619,2025-02-24,Cliente_460,Enrico Almeida Gomes,Londrina,PR,Sul,P0001,Samsung Galaxy A36,Smartphones e Tablets,2.0,1979.1,0.0857,2025-02-26,2025-02-26
ORD01620,2025-02-24,Cliente_537,Rodrigo Barbosa Fogaça,Rio de Janeiro,RJ,Sudeste,P0001,Samsung Galaxy A36,Smartphones e Tablets,1.0,1979.1,0.0162,2025-02-27,2025-03-01
ORD01621,2025-02-25,Cliente_013,Luiza Silva,Natal,RN,Nordeste,P0011,"Soundbar Samsung com 2.1 canais, Dolby Digital",Áudio,4.0,1072.0,0.1343,2025-03-01,2025-03-01
ORD01622,2025-02-25,Cliente_022,Lívia Gomes,Vitória,ES,Sudeste,P0012,"Soundbar Tomate MTS-2017, Bivolt",Áudio,,769.9,0.0577,2025-03-01,2025-02-27
ORD01623,2025-02-25,cliente#032,João Vitor Alves,Parintins,AM,Norte,P0021,SSD Crucial 1TB NVMe M.2,Informática,4.0,449.0,0.0538,2025-02-27,2025-03-01
ORD01624,2025-02-25,Cliente_036,Bryan Pires,Manacapuru,AM,Norte,P0005,"Fone de Ouvido Sem Fio TWS, PHILIPS",Áudio,4.0,124.91,0.0434,2025-03-01,2025-02-26
ORD01625,2025-02-25,Cliente_041,Miguel Nascimento,Ribeirão Preto,SP,Sudeste,P0008,Película de Vidro 3D Galaxy A30s,Acessórios Mobile,1.0,17.9,0.1307,2025-02-27,2025-02-26
ORD01626,2025-02-25,Cliente_058,Sr. Nathan Peixoto,Itacoatiara,AM,Norte,P0008,Película de Vidro 3D Galaxy A30s,Acessórios Mobile,1.0,17.9,0.0402,2025-03-03,2025-03-02
ORD01627,2025-02-25,Cliente_066,Antônio Moraes,Cascavel,PR,Sul,P0009,Smart TV 32” Philco LED Roku TV,TV e Projeção,2.0,949.0,0.0588,2025-03-01,2025-03-02
ORD01628,2025-02-25,Cliente_068,Stephany Moreira,Curitiba,PR,Sul,P0008,Película de Vidro 3D Galaxy A30s,Acessórios Mobile,1.0,17.9,0.0624,2025-02-28,2025-02-27
ORD01629,2025-02-25,Cliente_068,Stephany Moreira,Curitiba,PR,Sul,P0017,ACER Notebook Gamer Nitro,Informática,2.0,4604.0,0.1226,2025-03-03,2025-03-02
ORD01630,2025-02-25,Cliente-079,Lucas Gabriel Jesus,Laranjal do Jari,AP,Norte,P0012,"Soundbar Tomate MTS-2017, Bivolt",Áudio,2.0,769.9,0.0194,2025-03-03,2025-03-08
ORD01631,2025-02-25,Cliente_103,Emanuel Aragão,Manaus,AM,Norte,P0006,Fone de ouvido Sem Fio QCY T27,Áudio,2.0,129.86,0.0463,2025-02-27,2025-02-26
ORD01632,2025-02-25,Cliente_108,Sr. Eduardo Moreira,Recife,PE,Nordeste,P0006,Fone de ouvido Sem Fio QCY T27,Áudio,2.0,129.86,0.1001,2025-03-02,2025-02-28
ORD01633,2025-02-25,Cliente_112,Maria Luiza das Neves,Linhares,ES,Sudeste,P0010,"Smart TV LED 32""Samsung LED Tizen TV",TV e Projeção,1.0,1079.0,0.0396,2025-03-02,2025-03-01
ORD01634,2025-02-25,Cliente_117,Dra. Maysa Fogaça,Propriá,SE,Nordeste,P0010,"Smart TV LED 32""Samsung LED Tizen TV",TV e Projeção,2.0,1079.0,0.0127,2025-02-27,2025-02-26
ORD01635,2025-02-25,Cliente_159,Dr. Igor Correia,Santa Rita,PB,Nordeste,P0002,Samsung Galaxy Tab S6 Lite,Smartphones e Tablets,1.0,1799.01,0.1137,2025-03-02,2025-02-27
ORD01636,2025-02-25,Cliente_161,Murilo Monteiro,Currais Novos,RN,Nordeste,P0009,Smart TV 32” Philco LED Roku TV,TV e Projeção,2.0,949.0,0.043,2025-03-02,2025-03-01
ORD01637,2025-02-25,Cliente_169,Pedro Henrique Monteiro,Ji-Paraná,RO,Norte,P0016,Fone de Ouvido Profissional EDIFIER WH950NB,Áudio,1.0,899.0,0.0411,2025-03-03,2025-03-04
ORD01638,2025-02-25,Cliente_175,Srta. Gabriela Caldeira,Rio Branco,AC,Norte,P0008,Película de Vidro 3D Galaxy A30s,Acessórios Mobile,4.0,17.9,0.1407,2025-03-01,2025-03-01
ORD01639,2025-02-25,Cliente_191,Juliana Pereira,Ribeirão Preto,SP,Sudeste,P0010,"Smart TV LED 32""Samsung LED Tizen TV",TV e Projeção,4.0,1079.0,0.0574,2025-02-27,2025-02-28
ORD01640,2025-02-25,Cliente_211,Srta. Natália Cardoso,Cruzeiro do Sul,AC,Norte,P0019,Mouse Redragon Wireless,Informática,4.0,165.99,0.1131,2025-03-05,2025-03-05
ORD01641,2025-02-25,Cliente_222,João Gabriel Nunes,Vitória,ES,Sudeste,P0013,"Projetor Smart Epson EpiqVision, FULL HD",TV e Projeção,1.0,3049.99,0.0699,2025-03-01,2025-03-02
ORD01642,2025-02-25,Cliente_227,Bruno Nascimento,Bayeux,PB,Nordeste,P0007,Película para iPhone 14Pro Anti impacto,Acessórios Mobile,2.0,51.8,0.0977,2025-03-06,2025-03-05
ORD01643,2025-02-25,Cliente_243,Laura da Cunha,Maringá,PR,Sul,P0020,Teclado Mecanico Fizz,Informática,,174.9,0.0844,2025-03-01,2025-03-03
ORD01644,2025-02-25,Cliente_259,Melissa da Rocha,São Bernardo do Campo,SP,Sudeste,P0001,Samsung Galaxy A36,Smartphones e Tablets,4.0,1979.1,0.1424,2025-03-02,2025-03-01
ORD01645,2025-02-25,Cliente_266,Caroline Carvalho,Cruzeiro do Sul,AC,Norte,P0025,Webcam Logitech Full HD,Informática,3.0,329.9,0.1258,2025-03-02,2025-03-02
ORD01646,2025-02-25,Cliente_296,Dra. Sophie da Luz,Caruaru,PE,Nordeste,P0006,Fone de ouvido Sem Fio QCY T27,Áudio,4.0,129.86,0.0127,2025-03-03,2025-03-07
ORD01647,2025-02-25,Cliente_302,Emilly Farias,Ribeirão Preto,SP,Sudeste,P0011,"Soundbar Samsung com 2.1 canais, Dolby Digital",Áudio,3.0,1072.0,0.0434,2025-03-01,2025-03-01
ORD01648,2025-02-25,Cliente_330,Rebeca Farias,Cascavel,PR,Sul,P0021,SSD Crucial 1TB NVMe M.2,Informática,2.0,449.0,0.0852,2025-03-03,2025-03-03
ORD01649,2025-02-25,Cliente_334,Dr. Rafael Castro,Caicó,RN,Nordeste,P0020,Teclado Mecanico Fizz,Informática,2.0,174.9,0.1477,2025-02-28,2025-02-27
ORD01650,2025-02-25,Cliente_343,Bruno Silva,Porto Nacional,TO,Norte,P0003,Carregador Turbo USB-C 30W,Acessórios Mobile,1.0,49.9,0.0747,2025-03-01,2025-02-28
ORD01651,2025-02-25,Cliente_356,Matheus Ribeiro,Londrina,PR,Sul,P0025,Webcam Logitech Full HD,Informática,2.0,329.9,0.0675,2025-03-01,2025-03-01
ORD01652,2025-02-25,Cliente_363,Diego Costela,Ananindeua,PA,Norte,P0014,Projetor EPSON Powerlite Wide Screen,TV e Projeção,2.0,2742.13,0.0136,2025-03-01,2025-03-02
ORD01653,2025-02-25,Cliente_394,Eduardo Oliveira,Ribeirão Preto,SP,Sudeste,P0021,SSD Crucial 1TB NVMe M.2,Informática,1.0,449.0,0.0215,2025-02-28,2025-02-28
ORD01654,2025-02-25,Cliente_401,Luna Almeida,Juiz de Fora,MG,Sudeste,P0004,Carregador Turbo Tipo-C 50w ,Acessórios Mobile,2.0,53.9,0.0742,2025-02-27,2025-03-02
ORD01655,2025-02-25,Cliente_408,Maria Julia Duarte,Marabá,PA,Norte,P0002,Samsung Galaxy Tab S6 Lite,Smartphones e Tablets,1.0,1799.01,0.0858,2025-03-03,2025-03-03
ORD01656,2025-02-25,Cliente_409,Eloah Silva,Sobral,CE,Nordeste,P0004,Carregador Turbo Tipo-C 50w,Acessórios Mobile,3.0,53.9,0.0317,2025-03-06,2025-03-05
ORD01657,2025-02-25,Cliente_409,Eloah Silva,Sobral,CE,Nordeste,P0005,"Fone de Ouvido Sem Fio TWS, PHILIPS",Áudio,,124.91,0.0689,2025-03-01,2025-03-02
ORD01658,2025-02-25,Cliente_410,Sra. Melissa Gonçalves,Santarém,PA,Norte,P0020,Teclado Mecanico Fizz,Informática,3.0,174.9,0.1229,2025-02-28,2025-02-26
ORD01659,2025-02-25,Cliente_418,Benício Monteiro,Nova Iguaçu,RJ,Sudeste,P0008,Película de Vidro 3D Galaxy A30s,Acessórios Mobile,1.0,17.9,0.1262,2025-03-01,2025-03-01
ORD01660,2025-02-25,Cliente_421,Kaique Oliveira Aragão,Campinas,SP,Sudeste,P0007,Película para iPhone 14Pro Anti impacto,Acessórios Mobile,2.0,51.8,0.0763,2025-03-02,2025-02-27
ORD01661,2025-02-26,Cliente_002,Fernanda Lima,Vila Velha,ES,Sudeste,P0009,Smart TV 32” Philco LED Roku TV,TV e Projeção,1.0,949.0,0.0338,2025-03-01,2025-02-27
ORD01662,2025-02-26,Cliente_005,Srta. Clara Moraes,Itajaí,SC,Sul,P0018,"Monitor UHD Samsung 32""",Informática,1.0,1626.57,0.0335,2025-02-28,2025-03-10
ORD01663,2025-02-26,Cliente_007,Helena Souza,Feira de Santana,BA,Nordeste,P0016,Fone de Ouvido Profissional EDIFIER WH950NB,Áudio,2.0,899.0,0.0436,2025-03-04,2025-03-02
ORD01664,2025-02-26,Cliente_019,Gabriela da Paz,Uberlândia,MG,Sudeste,P0020,Teclado Mecanico Fizz,Informática,3.0,174.9,0.1407,2025-03-05,2025-03-04
ORD01665,2025-02-26,Cliente_046,Dra. Emanuella Sales,Cruzeiro do Sul,AC,Norte,P0014,Projetor EPSON Powerlite Wide Screen,TV e Projeção,3.0,2742.13,0.0684,2025-03-05,2025-03-07
ORD01666,2025-02-26,Cliente_066,Antônio Moraes,Cascavel,PR,Sul,P0027,Caixa de Som Bluetooth JBL,Áudio,2.0,549.9,0.1276,2025-03-03,2025-03-03
ORD01667,2025-02-26,Cliente_071,Bárbara Correia,Mazagão,AP,Norte,P0001,Samsung Galaxy A36,Smartphones e Tablets,2.0,1979.1,0.1076,2025-03-03,2025-03-05
ORD01668,2025-02-26,Cliente_100,Beatriz Costa,Bom Jesus,PI,Nordeste,P0003,Carregador Turbo USB-C 30W,Acessórios Mobile,3.0,49.9,0.0796,2025-03-04,2025-03-04
ORD01669,2025-02-26,Cliente_129,Pietra Gonçalves,Duque de Caxias,RJ,Sudeste,P0016,Fone de Ouvido Profissional EDIFIER WH950NB,Áudio,1.0,899.0,0.028,2025-03-04,2025-03-02
ORD01670,2025-02-26,Cliente_133,Isadora Novaes,Cachoeiro de Itapemirim,ES,Sudeste,P0002,Samsung Galaxy Tab S6 Lite,Smartphones e Tablets,1.0,1799.01,0.2254,2025-03-04,2025-03-03
ORD01671,2025-02-26,Cliente_135,Eduardo Pires,Contagem,MG,Sudeste,P0007,Película para iPhone 14Pro Anti impacto,Acessórios Mobile,4.0,51.8,0.1254,2025-03-03,2025-03-03
ORD01672,2025-02-26,Cliente_156,Lívia da Rocha,Cacoal,RO,Norte,P0006,Fone de ouvido Sem Fio QCY T27,Áudio,3.0,129.86,0.0195,2025-03-03,2025-02-28
ORD01673,2025-02-26,Cliente_174,Manuela Nogueira,Pelotas,RS,Sul,P0017,ACER Notebook Gamer Nitro,Informática,4.0,4604.0,0.1489,2025-03-06,2025-03-05
ORD01674,2025-02-26,Cliente_183,Ian Peixoto,Santo André,SP,Sudeste,P0006,Fone de ouvido Sem Fio QCY T27,Áudio,1.0,129.86,0.0779,2025-03-04,2025-03-02
ORD01675,2025-02-26,Cliente_195,Maria Luiza da Conceição,Belém,PA,Norte,P0004,Carregador Turbo Tipo-C 50w,Acessórios Mobile,1.0,53.9,0.1309,2025-03-01,2025-02-28
ORD01676,2025-02-26,Cliente_209,Eduarda Nunes,Recife,PE,Nordeste,P0004,Carregador Turbo Tipo-C 50w,Acessórios Mobile,1.0,53.9,0.1254,2025-02-28,2025-02-28
ORD01677,2025-02-26,Cliente_210,Sarah Correia,Manacapuru,AM,Norte,P0015,Fone de Ouvido Profissional AKG K92,Áudio,1.0,428.99,0.0756,2025-03-02,2025-03-07
ORD01678,2025-02-26,Cliente_218,Isabel Pereira,Vila Velha,ES,Sudeste,P0019,Mouse Redragon Wireless,Informática,2.0,165.99,0.0341,2025-03-03,2025-03-01
ORD01679,2025-02-26,Cliente_230,Maria Nogueira,Bayeux,PB,Nordeste,P0014,Projetor EPSON Powerlite Wide Screen,TV e Projeção,4.0,2742.13,0.098,2025-03-02,2025-02-28
ORD01680,2025-02-26,Cliente_248,Dr. João Guilherme da Rosa,Duque de Caxias,RJ,Sudeste,P0027,Caixa de Som Bluetooth JBL,Áudio,3.0,549.9,0.1546,2025-03-03,2025-03-07
ORD01681,2025-02-26,Cliente_279,Sofia Santos,Chapecó,SC,Sul,P0005,"Fone de Ouvido Sem Fio TWS, PHILIPS",Áudio,4.0,124.91,0.1468,2025-03-03,2025-03-05
ORD01682,2025-02-26,Cliente_290,Luiz Henrique Moraes,Laranjal do Jari,AP,Norte,P0011,"Soundbar Samsung com 2.1 canais, Dolby Digital",Áudio,1.0,1072.0,0.0639,2025-03-06,2025-03-13
ORD01683,2025-02-26,Cliente_302,Emilly Farias,Ribeirão Preto,SP,Sudeste,P0007,Película para iPhone 14Pro Anti impacto,Acessórios Mobile,2.0,51.8,0.0724,2025-03-01,2025-02-28
ORD01684,2025-02-26,Cliente_316,Pedro Miguel Caldeira,Caxias do Sul,RS,Sul,P0016,Fone de Ouvido Profissional EDIFIER WH950NB,Áudio,2.0,899.0,0.1331,2025-02-28,2025-02-27
ORD01685,2025-02-26,Cliente_327,Sra. Maria Eduarda Cardoso,Vila Velha,ES,Sudeste,P0024,Memória Kingston Fury 16GB DDR5,Informática,,389.9,0.0928,2025-03-02,2025-03-04
ORD01686,2025-02-26,Cliente_330,Rebeca Farias,Cascavel,PR,Sul,P0004,Carregador Turbo Tipo-C 50w,Acessórios Mobile,4.0,53.9,0.0616,2025-03-04,2025-03-04
ORD01687,2025-02-26,Cliente_331,Guilherme Cavalcanti,Juiz de Fora,MG,Sudeste,P0021,SSD Crucial 1TB NVMe M.2,Informática,4.0,449.0,0.0401,2025-03-05,2025-03-08
ORD01688,2025-02-26,Cliente_333,Isaac Lopes,Londrina,PR,Sul,P0004,Carregador Turbo Tipo-C 50w,Acessórios Mobile,3.0,53.9,0.0027,2025-03-01,2025-02-28
ORD01689,2025-02-26,Cliente_344,Davi da Rocha,Duque de Caxias,RJ,Sudeste,P0016,Fone de Ouvido Profissional EDIFIER WH950NB,Áudio,1.0,899.0,0.0285,2025-03-01,2025-02-27
ORD01690,2025-02-26,Cliente_356,Matheus Ribeiro,Londrina,PR,Sul,P0018,"Monitor UHD Samsung 32""",Informática,2.0,1626.57,0.1239,2025-02-28,2025-02-27
ORD01691,2025-02-26,Cliente_361,Clara da Paz,Camaçari,BA,Nordeste,P0008,Película de Vidro 3D Galaxy A30s,Acessórios Mobile,1.0,17.9,0.1124,2025-03-04,2025-03-03
ORD01692,2025-02-26,Cliente_371,Ana Luiza Nunes,Joinville,SC,Sul,P0007,Película para iPhone 14Pro Anti impacto,Acessórios Mobile,4.0,51.8,0.064,2025-03-04,2025-03-04
ORD01693,2025-02-26,Cliente_384,Brenda Monteiro,Santana,AP,Norte,P0027,Caixa de Som Bluetooth JBL,Áudio,2.0,549.9,0.0892,2025-03-03,2025-03-03
ORD01694,2025-02-26,Cliente_388,Juan Fogaça,Currais Novos,RN,Nordeste,P0010,"Smart TV LED 32""Samsung LED Tizen TV",TV e Projeção,4.0,1079.0,0.0615,2025-03-06,2025-03-05
ORD01695,2025-02-26,Cliente_394,Eduardo Oliveira,Ribeirão Preto,SP,Sudeste,P0024,Memória Kingston Fury 16GB DDR5,Informática,3.0,389.9,0.1013,2025-03-01,2025-03-05
ORD01696,2025-02-26,Cliente_403,Laís da Paz,João Pessoa,PB,Nordeste,P0019,Mouse Redragon Wireless,Informática,1.0,165.99,0.0689,2025-03-07,2025-03-09
ORD01697,2025-02-26,Cliente_413,Raul Rezende,Sobral,CE,Nordeste,P0012,"Soundbar Tomate MTS-2017, Bivolt",Áudio,1.0,769.9,0.0643,2025-03-06,2025-03-04
ORD01698,2025-02-26,Cliente_430,Guilherme Silveira Gomes,Caxias do Sul,RS,Sul,P0015,Fone de Ouvido Profissional AKG K92,Áudio,4.0,428.99,0.2745,2025-03-04,2025-03-07
ORD01699,2025-02-26,Cliente_499,Isabel Nogueira,Caicó,RN,Nordeste,P0001,Samsung Galaxy A36,Smartphones e Tablets,1.0,1979.1,0.0357,2025-03-05,2025-03-10
ORD01700,2025-02-26,Cliente_499,Isabel Nogueira,Caicó,RN,Nordeste,P0015,Fone de Ouvido Profissional AKG K92,Áudio,2.0,428.99,0.1246,2025-03-01,2025-03-01
ORD01701,2025-02-27,Cliente_016,Sr. Thomas Nascimento,Tarauacá,AC,Norte,P0027,Caixa de Som Bluetooth JBL ,Áudio,4.0,549.9,0.121,2025-03-06,2025-03-05
ORD01702,2025-02-27,Cliente_024,Juliana Ferreira,Itacoatiara,AM,Norte,P0013,"Projetor Smart Epson EpiqVision, FULL HD",TV e Projeção,3.0,3049.99,0.0974,2025-03-06,2025-03-05
ORD01703,2025-02-27,Cliente_046,Dra. Emanuella Sales,Cruzeiro do Sul,AC,Norte,P0005,"Fone de Ouvido Sem Fio TWS, PHILIPS",Áudio,2.0,124.91,0.0512,2025-03-02,2025-03-02
ORD01704,2025-02-27,Cliente_071,Bárbara Correia,Mazagão,AP,Norte,P0026,Cabo USB-C Trançado 2m ,Acessórios Mobile,2.0,34.9,0.0714,2025-03-03,2025-03-04
ORD01705,2025-02-27,Cliente_081,Sr. Heitor da Paz,Brasiléia,AC,Norte,P0020,Teclado Mecanico Fizz,Informática,4.0,174.9,0.1025,2025-03-02,2025-03-03
ORD01706,2025-02-27,Cliente_105,Ana Laura Teixeira,São Luís,MA,Nordeste,P0009,Smart TV 32” Philco LED Roku TV,TV e Projeção,3.0,949.0,0.077,2025-03-07,2025-03-06
ORD01707,2025-02-27,Cliente_121,Kamilly Pereira,Pelotas,RS,Sul,P0005,"Fone de Ouvido Sem Fio TWS, PHILIPS",Áudio,3.0,124.91,0.0748,2025-03-04,2025-03-07
ORD01708,2025-02-27,Cliente_134,Juan da Luz,Blumenau,SC,Sul,P0004,Carregador Turbo Tipo-C 50w,Acessórios Mobile,1.0,53.9,0.0232,2025-03-01,2025-02-28
ORD01709,2025-02-27,Cliente_156,Lívia da Rocha,Cacoal,RO,Norte,P0008,Película de Vidro 3D Galaxy A30s,Acessórios Mobile,4.0,17.9,0.1186,2025-03-06,2025-03-10
ORD01710,2025-02-27,Cliente_160,Vitória da Conceição,Santa Rita,PB,Nordeste,P0007,Película para iPhone 14Pro Anti impacto,Acessórios Mobile,4.0,51.8,0.1016,2025-03-05,2025-03-08
ORD01711,2025-02-27,Cliente_163,Thiago Rodrigues,São Luís,MA,Nordeste,P0007,Película para iPhone 14Pro Anti impacto,Acessórios Mobile,,51.8,0.121,2025-03-06,2025-03-06
ORD01712,2025-02-27,Cliente_167,Sophie da Cruz,Caucaia,CE,Nordeste,P0018,"Monitor UHD Samsung 32""",Informática,,1626.57,0.0675,2025-03-05,2025-03-02
ORD01713,2025-02-27,Cliente_173,Vitor Pinto,Cascavel,PR,Sul,P0007,Película para iPhone 14Pro Anti impacto,Acessórios Mobile,1.0,51.8,0.0718,2025-03-01,2025-02-28
ORD01714,2025-02-27,Cliente_177,Dra. Heloísa da Paz,São Paulo,SP,Sudeste,P0022,Smartphone Motorola Edge 50 Neo,Smartphones e Tablets,2.0,2299.9,0.101,2025-03-02,2025-03-04
ORD01715,2025-02-27,Cliente_187,Sabrina Fernandes,Caxias do Sul,RS,Sul,P0004,Carregador Turbo Tipo-C 50w,Acessórios Mobile,4.0,53.9,0.0767,2025-03-03,2025-03-06
ORD01716,2025-02-27,Cliente192,Davi Lucas Pires,Chapecó,SC,Sul,P0014,Projetor EPSON Powerlite Wide Screen,TV e Projeção,1.0,2742.13,0.1291,2025-03-02,2025-03-02
ORD01717,2025-02-27,Cliente_194,Pedro Gomes,Pelotas,RS,Sul,P0011,"Soundbar Samsung com 2.1 canais, Dolby Digital",Áudio,1.0,1072.0,0.0249,2025-03-01,2025-03-01
ORD01718,2025-02-27,Cliente_194,Pedro Gomes,Pelotas,RS,Sul,P0018,"Monitor UHD Samsung 32""",Informática,1.0,1626.57,0.0492,2025-03-02,2025-03-05
ORD01719,2025-02-27,Cliente_195,Maria Luiza da Conceição,Belém,PA,Norte,P0006,Fone de ouvido Sem Fio QCY T27,Áudio,3.0,129.86,0.0733,2025-03-05,2025-03-04
ORD01720,2025-02-27,Cliente_211,Srta. Natália Cardoso,Cruzeiro do Sul,AC,Norte,P0006,Fone de ouvido Sem Fio QCY T27,Áudio,4.0,129.86,0.064,2025-03-08,2025-03-08
ORD01721,2025-02-27,Cliente_217,Otávio Sales,Porto Nacional,TO,Norte,P0015,Fone de Ouvido Profissional AKG K92,Áudio,,428.99,0.0537,2025-03-09,2025-03-08
ORD01722,2025-02-27,Cliente_218,Isabel Pereira,Vila Velha,ES,Sudeste,P0025,Webcam Logitech Full HD,Informática,1.0,329.9,0.0531,2025-03-03,2025-03-02
ORD01723,2025-02-27,Cliente_234,Leonardo Oliveira,Maringá,PR,Sul,P0027,Caixa de Som Bluetooth JBL,Áudio,3.0,549.9,0.0864,2025-03-03,2025-03-02
ORD01724,2025-02-27,Cliente_236,Anthony Rezende,Timon,MA,Nordeste,P0002,Samsung Galaxy Tab S6 Lite,Smartphones e Tablets,,1799.01,0.1401,2025-03-04,2025-03-02
ORD01725,2025-02-27,Cliente_240,Esther Monteiro,Fortaleza,CE,Nordeste,P0009,Smart TV 32” Philco LED Roku TV,TV e Projeção,1.0,949.0,0.017,2025-03-02,2025-03-02
ORD01726,2025-02-27,Cliente_243,Laura da Cunha,Maringá,PR,Sul,P0019,Mouse Redragon Wireless,Informática,1.0,165.99,0.0394,2025-03-04,2025-03-03
ORD01727,2025-02-27,Cliente_243,Laura da Cunha,Maringá,PR,Sul,P0021,SSD Crucial 1TB NVMe M.2,Informática,3.0,449.0,0.0373,2025-03-05,2025-03-05
ORD01728,2025-02-27,Cliente_247,João Moraes,Campinas,SP,Sudeste,P0015,Fone de Ouvido Profissional AKG K92,Áudio,2.0,428.99,0.053,2025-03-01,2025-03-01
ORD01729,2025-02-27,Cliente_266,Caroline Carvalho,Cruzeiro do Sul,AC,Norte,P0023,Tablet Lenovo Tab M11,Smartphones e Tablets,2.0,1399.9,0.1069,2025-03-05,2025-03-05
ORD01730,2025-02-27,Cliente_283,Maria Clara Porto,Teresina,PI,Nordeste,P0014,Projetor EPSON Powerlite Wide Screen,TV e Projeção,2.0,2742.13,0.0992,2025-03-09,2025-03-09
ORD01731,2025-02-27,Cliente_298,Clara Gomes,Fortaleza,CE,Nordeste,P0006,Fone de ouvido Sem Fio QCY T27,Áudio,3.0,129.86,0.0437,2025-03-05,2025-03-02
ORD01732,2025-02-27,Cliente_313,Noah Rodrigues,Ji-Paraná,RO,Norte,P0006,Fone de ouvido Sem Fio QCY T27,Áudio,3.0,129.86,0.0607,2025-03-07,2025-03-04
ORD01733,2025-02-27,Cliente_319,Catarina Silva,Tarauacá,AC,Norte,P0001,Samsung Galaxy A36,Smartphones e Tablets,3.0,1979.1,0.0368,2025-03-07,2025-03-10
ORD01734,2025-02-27,cliente_327,Sra. Maria Eduarda Cardoso,Vila Velha,ES,Sudeste,P0001,Samsung Galaxy A36,Smartphones e Tablets,2.0,1979.1,0.0263,2025-03-05,2025-03-03
ORD01735,2025-02-27,Cliente_327,Sra. Maria Eduarda Cardoso,Vila Velha,ES,Sudeste,P0009,Smart TV 32” Philco LED Roku TV,TV e Projeção,4.0,949.0,0.1021,2025-03-04,2025-03-01
ORD01736,2025-02-27,Cliente_334,Dr. Rafael Castro,Caicó,RN,Nordeste,P0026,Cabo USB-C Trançado 2m,Acessórios Mobile,4.0,,0.1301,2025-03-03,2025-03-02
ORD01737,2025-02-27,Cliente_335,Larissa Rodrigues,Floriano,PI,Nordeste,P0017,ACER Notebook Gamer Nitro,Informática,2.0,4604.0,0.0106,2025-03-07,2025-03-06
ORD01738,2025-02-27,Cliente_357,Amanda Araújo,Araguaína,TO,Norte,P0014,Projetor EPSON Powerlite Wide Screen,TV e Projeção,3.0,2742.13,0.003,2025-03-06,2025-03-05
ORD01739,2025-02-27,Cliente_360,Mariane Campos,Teresina,PI,Nordeste,P0011,"Soundbar Samsung com 2.1 canais, Dolby Digital",Áudio,3.0,1072.0,0.0455,2025-03-09,2025-03-08
ORD01740,2025-02-27,Cliente_360,Mariane Campos,Teresina,PI,Nordeste,P0012,"Soundbar Tomate MTS-2017, Bivolt",Áudio,3.0,769.9,0.0177,2025-03-05,2025-03-04
ORD01741,2025-02-27,Cliente_370,Cecília da Rocha,Patos,PB,Nordeste,P0011,"Soundbar Samsung com 2.1 canais, Dolby Digital",Áudio,3.0,1072.0,0.0214,2025-03-06,2025-03-06
ORD01742,2025-02-27,Cliente_373,Sr. Cauê Martins,Gravataí,RS,Sul,P0002,Samsung Galaxy Tab S6 Lite,Smartphones e Tablets,1.0,1799.01,0.1579,2025-03-02,2025-03-02
ORD01743,2025-02-27,Cliente_394,Eduardo Oliveira,Ribeirão Preto,SP,Sudeste,P0012,"Soundbar Tomate MTS-2017, Bivolt",Áudio,3.0,769.9,0.0161,2025-03-02,2025-03-07
ORD01744,2025-02-27,Cliente_395,Luiz Henrique Castro,Betim,MG,Sudeste,P0002,Samsung Galaxy Tab S6 Lite,Smartphones e Tablets,2.0,1799.01,0.1018,2025-03-04,2025-03-04
ORD01745,2025-02-27,Cliente_408,Maria Julia Duarte,Marabá,PA,Norte,P0004,Carregador Turbo Tipo-C 50w,Acessórios Mobile,3.0,53.9,0.1389,2025-03-06,2025-03-03
ORD01746,2025-02-27,Cliente_424,João Pereira,Caxias do Sul,RS,Sul,P0021,SSD Crucial 1TB NVMe M.2,Informática,3.0,449.0,0.0301,2025-03-01,2025-03-01
ORD01747,2025-02-27,Cliente_520,Isabella Fernandes,Santo André,SP,Sudeste,P0001,Samsung Galaxy A36,Smartphones e Tablets,1.0,1979.1,0.0756,2025-03-01,2025-03-02
ORD01748,2025-02-27,Cliente_520,Isabella Fernandes,Santo André,SP,Sudeste,P0027,Caixa de Som Bluetooth JBL,Áudio,4.0,549.9,0.0885,2025-03-03,2025-03-05
ORD01749,2025-02-27,Cliente_533,Sophia Gonçalves Teixeira,Recife,PE,Nordeste,P0001,Samsung Galaxy A36,Smartphones e Tablets,3.0,1979.1,0.0514,2025-03-08,2025-03-08
ORD01750,2025-02-28,Cliente_009,Sofia Sales,Ponta Grossa,PR,Sul,P0009,Smart TV 32” Philco LED Roku TV,TV e Projeção,2.0,949.0,0.1239,2025-03-06,2025-03-06
ORD01751,2025-02-28,Cliente_059,Srta. Laura Caldeira,Gravataí,RS,Sul,P0005,"Fone de Ouvido Sem Fio TWS, PHILIPS",Áudio,4.0,124.91,0.1138,2025-03-05,2025-03-05
ORD01752,2025-02-28,Cliente_068,Stephany Moreira,Curitiba,PR,Sul,P0006,Fone de ouvido Sem Fio QCY T27,Áudio,4.0,129.86,0.0438,2025-03-06,2025-03-06
ORD01753,2025-02-28,Cliente_073,Evelyn Castro,Juazeiro,BA,Nordeste,P0007,Película para iPhone 14Pro Anti impacto,Acessórios Mobile,3.0,51.8,0.0699,2025-03-08,2025-03-10
ORD01754,2025-02-28,Cliente_099,Srta. Maria Luiza Rocha,Blumenau,SC,Sul,P0027,Caixa de Som Bluetooth JBL,Áudio,4.0,549.9,0.1134,2025-03-04,2025-03-05
ORD01755,2025-02-28,Cliente_171,Vitor Gabriel Fernandes,Ferreira Gomes,AP,Norte,P0004,Carregador Turbo Tipo-C 50w,Acessórios Mobile,2.0,53.9,0.0634,2025-03-05,2025-03-05
ORD01756,2025-02-28,Cliente_174,Manuela Nogueira,Pelotas,RS,Sul,P0020,Teclado Mecanico Fizz,Informática,1.0,174.9,0.1272,2025-03-03,2025-03-01
ORD01757,2025-02-28,Cliente_186,Dra. Helena Teixeira,Bom Jesus,PI,Nordeste,P0027,Caixa de Som Bluetooth JBL,Áudio,2.0,549.9,0.112,2025-03-06,2025-03-07
ORD01758,2025-02-28,Cliente_201,Dr. Bruno Cardoso,Aracaju,SE,Nordeste,P0004,Carregador Turbo Tipo-C 50w,Acessórios Mobile,4.0,53.9,0.1258,2025-03-08,2025-03-08
ORD01759,2025-02-28,Cliente_204,Júlia da Mota,Santa Maria,RS,Sul,P0001,Samsung Galaxy A36,Smartphones e Tablets,2.0,1979.1,0.1179,2025-03-08,2025-03-06
ORD01760,2025-02-28,Cliente_204,Júlia da Mota,Santa Maria,RS,Sul,P0008,Película de Vidro 3D Galaxy A30s,Acessórios Mobile,1.0,17.9,0.0079,2025-03-03,2025-03-02
ORD01761,2025-02-28,Cliente_209,Eduarda Nunes,Recife,PE,Nordeste,P0003,Carregador Turbo USB-C 30W,Acessórios Mobile,4.0,49.9,0.12,2025-03-06,2025-03-06
ORD01762,2025-02-28,Cliente_216,Yasmin Costela,Pelotas,RS,Sul,P0008,Película de Vidro 3D Galaxy A30s,Acessórios Mobile,2.0,17.9,0.0969,2025-03-08,2025-03-08
ORD01763,2025-02-28,Cliente_223,Felipe da Cunha,Tarauacá,AC,Norte,P0020,Teclado Mecanico Fizz,Informática,4.0,174.9,0.2378,2025-03-06,2025-03-06
ORD01764,2025-02-28,Cliente_231,Maria Luiza Rezende,Maringá,PR,Sul,P0018,"Monitor UHD Samsung 32""",Informática,2.0,1626.57,0.0853,2025-03-06,2025-03-04
ORD01765,2025-02-28,Cliente_238,Eloah Ribeiro,Florianópolis,SC,Sul,P0008,Película de Vidro 3D Galaxy A30s,Acessórios Mobile,4.0,17.9,0.1151,2025-03-02,2025-03-01
ORD01766,2025-02-28,Cliente_244,Maria Vitória Martins,Rio de Janeiro,RJ,Sudeste,P0004,Carregador Turbo Tipo-C 50w,Acessórios Mobile,2.0,53.9,0.1066,2025-03-02,2025-03-01
ORD01767,2025-02-28,Cliente_244,Maria Vitória Martins,Rio de Janeiro,RJ,Sudeste,P0021,SSD Crucial 1TB NVMe M.2,Informática,2.0,449.0,0.0424,2025-03-04,2025-03-02
ORD01768,2025-02-28,Cliente_245!!,Nina Azevedo,Castanhal,PA,Norte,P0021,SSD Crucial 1TB NVMe M.2,Informática,2.0,449.0,0.0272,2025-03-03,2025-03-02
ORD01769,2025-02-28,Cliente_284,Augusto da Cruz,Caracaraí,RR,Norte,P0012,"Soundbar Tomate MTS-2017, Bivolt",Áudio,4.0,769.9,0.0141,2025-03-03,2025-03-01
ORD01770,2025-02-28,Cliente_309,Dra. Ana Laura Pires,Itajaí,SC,Sul,P0025,Webcam Logitech Full HD,Informática,1.0,329.9,0.0753,2025-03-05,2025-03-05
ORD01771,2025-02-28,Cliente_313,Noah Rodrigues,Ji-Paraná,RO,Norte,P0005,"Fone de Ouvido Sem Fio TWS, PHILIPS",Áudio,3.0,124.91,0.0574,2025-03-07,2025-03-07
ORD01772,2025-02-28,Cliente_337,Benício Fernandes,Castanhal,PA,Norte,P0007,Película para iPhone 14Pro Anti impacto,Acessórios Mobile,3.0,51.8,0.0376,2025-03-09,2025-03-13
ORD01773,2025-02-28,Cliente_345,Nathan Castro,Brasiléia,AC,Norte,P0014,Projetor EPSON Powerlite Wide Screen,TV e Projeção,2.0,2742.13,0.0915,2025-03-07,2025-03-06
ORD01774,2025-02-28,Cliente_354,Pedro Miguel Mendes,Macapá,AP,Norte,P0022,Smartphone Motorola Edge 50 Neo,Smartphones e Tablets,4.0,2299.9,0.0857,2025-03-06,2025-03-06
ORD01775,2025-02-28,Cliente_356!!,Matheus Ribeiro,Londrina,PR,Sul,P0006,Fone de ouvido Sem Fio QCY T27,Áudio,4.0,129.86,0.0516,2025-03-02,2025-03-02
ORD01776,2025-02-28,Cliente_357,Amanda Araújo,Araguaína,TO,Norte,P0020,Teclado Mecanico Fizz,Informática,2.0,174.9,0.1078,2025-03-05,2025-03-05
ORD01777,2025-02-28,Cliente_365,Diogo Nascimento,Vila Velha,ES,Sudeste,P0019,Mouse Redragon Wireless,Informática,1.0,165.99,0.1146,2025-03-03,2025-03-03
ORD01778,2025-02-28,Cliente_384,Brenda Monteiro,Santana,AP,Norte,P0007,Película para iPhone 14Pro Anti impacto,Acessórios Mobile,1.0,51.8,0.0746,2025-03-07,2025-03-07
ORD01779,2025-02-28,Cliente_407,Daniel da Luz,Londrina,PR,Sul,P0007,Película para iPhone 14Pro Anti impacto,Acessórios Mobile,2.0,51.8,0.0188,2025-03-04,2025-03-02
ORD01780,2025-02-28,Cliente_527,Igor Porto Rodrigues,Teresina,PI,Nordeste,P0018,"Monitor UHD Samsung 32""",Informática,1.0,1626.57,0.06,2025-03-05,2025-03-06
ORD01781,2025-03-01,Cliente_008,Thales Pereira,Cascavel,PR,Sul,P0008,Película de Vidro 3D Galaxy A30s,Acessórios Mobile,2.0,17.9,0.1018,2025-03-03,2025-03-02
ORD01782,2025-03-01,Cliente_024 ,Juliana Ferreira,Itacoatiara,AM,Norte,P0014,Projetor EPSON Powerlite Wide Screen,TV e Projeção,1.0,2742.13,0.0666,2025-03-07,2025-03-06
ORD01783,2025-03-01,Cliente_027,Davi Lucas Gomes,Ribeirão Preto,SP,Sudeste,P0009,Smart TV 32” Philco LED Roku TV,TV e Projeção,2.0,949.0,0.0189,2025-03-04,2025-03-03
ORD01784,2025-03-01,Cliente_034,Clarice Barbosa,Ji-Paraná,RO,Norte,P0020,Teclado Mecanico Fizz,Informática,3.0,174.9,0.0653,2025-03-08,2025-03-06
ORD01785,2025-03-01,Cliente_058,Sr. Nathan Peixoto,Itacoatiara,AM,Norte,P0008,Película de Vidro 3D Galaxy A30s,Acessórios Mobile,3.0,17.9,0.0017,2025-03-03,2025-03-02
ORD01786,2025-03-01,Cliente_059,Srta. Laura Caldeira,Gravataí,RS,Sul,P0017,ACER Notebook Gamer Nitro,Informática,4.0,4604.0,0.1151,2025-03-08,2025-03-08
ORD01787,2025-03-01,Cliente_059,Srta. Laura Caldeira,Gravataí,RS,Sul,P0020,Teclado Mecanico Fizz,Informática,4.0,174.9,0.0208,2025-03-07,2025-03-07
ORD01788,2025-03-01,Cliente_063,Bryan Nascimento,Juazeiro do Norte,CE,Nordeste,P0021,SSD Crucial 1TB NVMe M.2,Informática,3.0,449.0,0.0333,2025-03-06,2025-03-08
ORD01789,2025-03-01,Cliente_074,Luiz Fernando Freitas,Duque de Caxias,RJ,Sudeste,P0013,"Projetor Smart Epson EpiqVision, FULL HD",TV e Projeção,1.0,3049.99,0.1125,2025-03-06,2025-03-10
ORD01790,2025-03-01,Cliente_075,Rafaela Peixoto,Ribeirão Preto,SP,Sudeste,P0016,Fone de Ouvido Profissional EDIFIER WH950NB,Áudio,1.0,899.0,0.0218,2025-03-06,2025-03-07
ORD01791,2025-03-01,Cliente_090,Caio Novaes,Blumenau,SC,Sul,P0007,Película para iPhone 14Pro Anti impacto,Acessórios Mobile,4.0,51.8,0.0096,2025-03-04,2025-03-04
ORD01792,2025-03-01,Cliente_090,Caio Novaes,Blumenau,SC,Sul,P0020,Teclado Mecanico Fizz,Informática,2.0,174.9,0.0567,2025-03-05,2025-03-10
ORD01793,2025-03-01,Cliente_095,Catarina Nogueira,Blumenau,SC,Sul,P0016,Fone de Ouvido Profissional EDIFIER WH950NB,Áudio,1.0,899.0,0.0201,2025-03-03,2025-03-02
ORD01794,2025-03-01,Cliente_099,Srta. Maria Luiza Rocha,Blumenau,SC,Sul,P0015,Fone de Ouvido Profissional AKG K92,Áudio,1.0,428.99,0.0965,2025-03-04,2025-03-04
ORD01795,2025-03-01,Cliente_112,Maria Luiza das Neves,Linhares,ES,Sudeste,P0008,Película de Vidro 3D Galaxy A30s,Acessórios Mobile,3.0,17.9,0.0947,2025-03-06,2025-03-04
ORD01796,2025-03-01,Cliente_128,Kamilly Correia,Curitiba,PR,Sul,P0007,Película para iPhone 14Pro Anti impacto,Acessórios Mobile,1.0,,0.0542,2025-03-08,2025-03-08
ORD01797,2025-03-01,Cliente_129,Pietra Gonçalves,Duque de Caxias,RJ,Sudeste,P0016,Fone de Ouvido Profissional EDIFIER WH950NB,Áudio,4.0,899.0,0.0402,2025-03-05,2025-03-05
ORD01798,2025-03-01,Cliente_162,Sra. Lorena Almeida,Manacapuru,AM,Norte,P0010,"Smart TV LED 32""Samsung LED Tizen TV",TV e Projeção,3.0,1079.0,0.0032,2025-03-03,2025-03-02
ORD01799,2025-03-01,Cliente_165,Maria Fernanda Teixeira,Duque de Caxias,RJ,Sudeste,P0003,Carregador Turbo USB-C 30W,Acessórios Mobile,4.0,49.9,0.0844,2025-03-05,2025-03-07
ORD01800,2025-03-01,Cliente_215,Olivia Souza,Camaçari,BA,Nordeste,P0020,Teclado Mecanico Fizz,Informática,2.0,174.9,0.0022,2025-03-06,2025-03-07
ORD01801,2025-03-01,Cliente_233,Maria Vitória da Mata,Sobral,CE,Nordeste,P0019,Mouse Redragon Wireless,Informática,3.0,165.99,0.2476,2025-03-09,2025-03-08
ORD01802,2025-03-01,Cliente_235,Yago Pires,Ponta Grossa,PR,Sul,P0026,Cabo USB-C Trançado 2m,Acessórios Mobile,4.0,34.9,0.0228,2025-03-05,2025-03-04
ORD01803,2025-03-01,Cliente_244,Maria Vitória Martins,Rio de Janeiro,RJ,Sudeste,P0007,Película para iPhone 14Pro Anti impacto,Acessórios Mobile,4.0,51.8,0.0358,2025-03-03,2025-03-02
ORD01804,2025-03-01,Cliente_247,João Moraes,Campinas,SP,Sudeste,P0009,Smart TV 32” Philco LED Roku TV,TV e Projeção,3.0,949.0,0.0314,2025-03-07,2025-03-07
ORD01805,2025-03-01,Cliente_248,Dr. João Guilherme da Rosa,Duque de Caxias,RJ,Sudeste,P0010,"Smart TV LED 32""Samsung LED Tizen TV",TV e Projeção,2.0,1079.0,0.0132,2025-03-06,2025-03-06
ORD01806,2025-03-01,Cliente_267,Manuela Monteiro,Joinville,SC,Sul,P0005,"Fone de Ouvido Sem Fio TWS, PHILIPS",Áudio,2.0,124.91,0.0317,2025-03-07,2025-03-07
ORD01807,2025-03-01,Cliente_293,Luiza Teixeira,Santo André,SP,Sudeste,P0017,ACER Notebook Gamer Nitro,Informática,1.0,4604.0,0.0753,2025-03-05,2025-03-04
ORD01808,2025-03-01,Cliente-303,Davi Lucca Freitas,Boa Vista,RR,Norte,P0009,Smart TV 32” Philco LED Roku TV,TV e Projeção,3.0,949.0,0.0683,2025-03-09,2025-03-07
ORD01809,2025-03-01,Cliente_313,Noah Rodrigues,Ji-Paraná,RO,Norte,P0009,Smart TV 32” Philco LED Roku TV,TV e Projeção,1.0,949.0,0.0257,2025-03-05,2025-03-04
ORD01810,2025-03-01,Cliente_314,Nina Ramos,Laranjal do Jari,AP,Norte,P0005,"Fone de Ouvido Sem Fio TWS, PHILIPS",Áudio,3.0,,0.0657,2025-03-08,2025-03-08
ORD01811,2025-03-01,Cliente_326,Emanuella Porto,Ferreira Gomes,AP,Norte,P0016, Fone de Ouvido Profissional EDIFIER WH950NB,Áudio,2.0,899.0,0.0132,2025-03-05,2025-03-03
ORD01812,2025-03-01,Cliente_327,Sra. Maria Eduarda Cardoso,Vila Velha,ES,Sudeste,P0015,Fone de Ouvido Profissional AKG K92,Áudio,3.0,428.99,0.2423,2025-03-05,2025-03-05
ORD01813,2025-03-01,Cliente_333,Isaac Lopes,Londrina,PR,Sul,P0004,Carregador Turbo Tipo-C 50w,Acessórios Mobile,2.0,53.9,0.0628,2025-03-05,2025-03-04
ORD01814,2025-03-01,Cliente_342,Vitor Gabriel Nascimento,Rio Branco,AC,Norte,P0011,"Soundbar Samsung com 2.1 canais, Dolby Digital",Áudio,2.0,1072.0,0.0419,2025-03-05,2025-03-05
ORD01815,2025-03-01, Cliente_361 ,Clara da Paz,Camaçari,BA,Nordeste,P0016,Fone de Ouvido Profissional EDIFIER WH950NB,Áudio,2.0,899.0,0.0214,2025-03-08,2025-03-08
ORD01816,2025-03-01,Cliente_365,Diogo Nascimento,Vila Velha,ES,Sudeste,P0007,Película para iPhone 14Pro Anti impacto,Acessórios Mobile,2.0,51.8,0.0552,2025-03-04,2025-03-03
ORD01817,2025-03-01,Cliente_372,Diego Silva,Caracaraí,RR,Norte,P0015,Fone de Ouvido Profissional AKG K92,Áudio,3.0,428.99,0.0832,2025-03-06,2025-03-06
ORD01818,2025-03-01,Cliente_376,Eduarda Melo,Serra,ES,Sudeste,P0002,Samsung Galaxy Tab S6 Lite,Smartphones e Tablets,3.0,1799.01,0.0227,2025-03-09,2025-03-14
ORD01819,2025-03-01,Cliente_386,Diego Cavalcanti,Mucajaí,RR,Norte,P0025,Webcam Logitech Full HD,Informática,,329.9,0.0677,2025-03-07,2025-03-10
ORD01820,2025-03-01,Cliente_394,Eduardo Oliveira,Ribeirão Preto,SP,Sudeste,P0004,Carregador Turbo Tipo-C 50w,Acessórios Mobile,1.0,53.9,0.0779,2025-03-04,2025-03-03
ORD01821,2025-03-01,Cliente_401,Luna Almeida,Juiz de Fora,MG,Sudeste,P0017,ACER Notebook Gamer Nitro,Informática,3.0,4604.0,0.0933,2025-03-03,2025-03-03
ORD01822,2025-03-01,Cliente_406,Laís da Costa,Juiz de Fora,MG,Sudeste,P0007,Película para iPhone 14Pro Anti impacto,Acessórios Mobile,3.0,51.8,0.0671,2025-03-06,2025-03-05
ORD01823,2025-03-01,Cliente_499,Isabel Nogueira,Caicó,RN,Nordeste,P0005,"Fone de Ouvido Sem Fio TWS, PHILIPS",Áudio ,2.0,124.91,0.0244,2025-03-07,2025-03-06
ORD01824,2025-03-01,Cliente_528,Thiago Mata Mendes,Niterói,RJ,Sudeste,P0004,Carregador Turbo Tipo-C 50w,Acessórios Mobile,2.0,53.9,0.0194,2025-03-03,2025-03-03
ORD01825,2025-03-02,Cliente_006,Miguel Cardoso,Juazeiro,BA,Nordeste,P0012,"Soundbar Tomate MTS-2017, Bivolt",Áudio,1.0,769.9,0.127,2025-03-04,2025-03-03
ORD01826,2025-03-02,Cliente_008,Thales Pereira,Cascavel,PR,Sul,P0001,Samsung Galaxy A36,Smartphones e Tablets,3.0,1979.1,0.0591,2025-03-07,2025-03-10
ORD01827,2025-03-02,Cliente_019,Gabriela da Paz,Uberlândia,MG,Sudeste,P0007,Película para iPhone 14Pro Anti impacto,Acessórios Mobile,,51.8,0.1226,2025-03-10,2025-03-09
ORD01828,2025-03-02,Cliente_045,Juan Mendes,Ji-Paraná,RO,Norte,P0026,Cabo USB-C Trançado 2m,Acessórios Mobile,1.0,34.9,0.0302,2025-03-10,2025-03-10
ORD01829,2025-03-02,Cliente_049,Isis Pinto,Santarém,PA,Norte,P0004,Carregador Turbo Tipo-C 50w,Acessórios Mobile,2.0,53.9,0.1312,2025-03-09,2025-03-09
ORD01830,2025-03-02,Cliente_052,Ana Beatriz Freitas,Ponta Grossa,PR,Sul,P0013,"Projetor Smart Epson EpiqVision, FULL HD",TV e Projeção,1.0,3049.99,0.0935,2025-03-09,2025-03-08
ORD01831,2025-03-02,Cliente_055,Antônio Rocha,Rorainópolis,RR,Norte,P0003,Carregador Turbo USB-C 30W,Acessórios Mobile,3.0,49.9,0.1241,2025-03-05,2025-03-07
ORD01832,2025-03-02,Cliente_060,Kaique Gomes,São Bernardo do Campo,SP,Sudeste,P0009,Smart TV 32” Philco LED Roku TV,TV e Projeção,1.0,949.0,0.0157,2025-03-04,2025-03-05
ORD01833,,Cliente_076,Leandro da Costa,Rolim de Moura,RO,Norte,P0021,SSD Crucial 1TB NVMe M.2,Informática,1.0,449.0,0.0461,2025-03-09,2025-03-09
ORD01834,2025-03-02,Cliente_106,Nicolas Costela,Contagem,MG,Sudeste,P0017,ACER Notebook Gamer Nitro,Informática,1.0,4604.0,0.117,2025-03-09,2025-03-09
ORD01835,2025-03-02,Cliente_125,Marina Cardoso,Palmas,TO,Norte,P0014,Projetor EPSON Powerlite Wide Screen,TV e Projeção,1.0,2742.13,0.0965,2025-03-11,2025-03-18
ORD01836,2025-03-02,Cliente_136,João Guilherme Rocha,Bom Jesus,PI,Nordeste,P0011,"Soundbar Samsung com 2.1 canais, Dolby Digital",Áudio,1.0,1072.0,0.0124,2025-03-06,2025-03-06
ORD01837,2025-03-02,Cliente_143,Cecília Barros,Londrina,PR,Sul,P0021,SSD Crucial 1TB NVMe M.2,Informática,4.0,449.0,0.0265,2025-03-08,2025-03-08
ORD01838,2025-03-02,Cliente_150,Srta. Gabrielly Cardoso,Serra,ES,Sudeste,P0016,Fone de Ouvido Profissional EDIFIER WH950NB,Áudio,3.0,899.0,0.0937,2025-03-06,2025-03-05
ORD01839,2025-03-02,Cliente_178,Arthur Azevedo,Caxias,MA,Nordeste,P0002,Samsung Galaxy Tab S6 Lite,Smartphones e Tablets,1.0,1799.01,0.0451,2025-03-12,2025-03-15
ORD01840,2025-03-02,Cliente_243,Laura da Cunha,Maringá,PR,Sul,P0010,"Smart TV LED 32""Samsung LED Tizen TV",TV e Projeção,1.0,1079.0,0.0339,2025-03-06,2025-03-05
ORD01841,2025-03-02,Cliente_250,Raul Carvalho,Santana,AP,Norte,P0013,"Projetor Smart Epson EpiqVision, FULL HD",TV e Projeção,2.0,3049.99,0.0482,2025-03-12,2025-03-12
ORD01842,2025-03-02,Cliente_252,Sr. Isaac Melo,Itajaí,SC,Sul,P0009,Smart TV 32” Philco LED Roku TV,TV e Projeção,4.0,949.0,0.0839,2025-03-04,2025-03-03
ORD01843,2025-03-02,Cliente_269,Raul Alves,Porto Alegre,RS,Sul,P0006,Fone de ouvido Sem Fio QCY T27,Áudio,3.0,129.86,0.1263,2025-03-07,2025-03-06
ORD01844,2025-03-02,Cliente_300,Dra. Maria Sophia Nogueira,Chapecó,SC,Sul,P0009,Smart TV 32” Philco LED Roku TV,TV e Projeção,3.0,949.0,0.0206,2025-03-05,2025-03-04
ORD01845,2025-03-02,Cliente_311,Catarina Vieira,Natal,RN,Nordeste,P0010,"Smart TV LED 32""Samsung LED Tizen TV",TV e Projeção,1.0,1079.0,0.0251,2025-03-06,2025-03-11
ORD01846,2025-03-02,Cliente_313,Noah Rodrigues,Ji-Paraná,RO,Norte,P0012,"Soundbar Tomate MTS-2017, Bivolt",Áudio,4.0,769.9,0.0807,2025-03-05,2025-03-06
ORD01847,2025-03-02,Cliente_314,Nina Ramos,Laranjal do Jari,AP,Norte,P0019,Mouse Redragon Wireless,Informática,3.0,165.99,0.016,2025-03-11,2025-03-11
ORD01848,2025-03-02,Cliente_318,Laís Jesus,Tocantinópolis,TO,Norte,P0020,Teclado Mecanico Fizz,Informática,2.0,174.9,0.0005,2025-03-10,2025-03-08
ORD01849,2025-03-02,Cliente_330,Rebeca Farias,Cascavel,PR,Sul,P0026,Cabo USB-C Trançado 2m,Acessórios Mobile,4.0,34.9,0.0504,2025-03-07,2025-03-04
ORD01850,2025-03-02,Cliente_342,Vitor Gabriel Nascimento,Rio Branco,AC,Norte,P0016,Fone de Ouvido Profissional EDIFIER WH950NB,Áudio,3.0,899.0,0.1437,2025-03-05,2025-03-04
ORD01851,2025-03-02,Cliente_346,Enzo Teixeira,Pelotas,RS,Sul,P0019,Mouse Redragon Wireless,Informática,3.0,165.99,0.0807,2025-03-07,2025-03-04
ORD01852,2025-03-02,Cliente_350,Vicente Souza,Caicó,RN,Nordeste,P0008,Película de Vidro 3D Galaxy A30s,Acessórios Mobile,1.0,17.9,0.1203,2025-03-05,2025-03-03
ORD01853,2025-03-02,Cliente_357,Amanda Araújo,Araguaína,TO,Norte,P0002,Samsung Galaxy Tab S6 Lite,Smartphones e Tablets,2.0,1799.01,0.0379,2025-03-10,2025-03-09
ORD01854,2025-03-02,Cliente_360,Mariane Campos,Teresina,PI,Nordeste,P0002,Samsung Galaxy Tab S6 Lite,Smartphones e Tablets,1.0,1799.01,0.0769,2025-03-09,2025-03-09
ORD01855,2025-03-02,Cliente_362,Sr. Juan Cardoso,Pico,PI,Nordeste,P0012,"Soundbar Tomate MTS-2017, Bivolt",Áudio,1.0,769.9,0.0353,2025-03-08,2025-03-07
ORD01856,2025-03-02,Cliente_371,Ana Luiza Nunes,Joinville,SC,Sul,P0017,ACER Notebook Gamer Nitro,Informática,4.0,4604.0,0.0214,2025-03-08,2025-03-07
ORD01857,2025-03-02,Cliente_381,Fernanda Rocha,Ribeirão Preto,SP,Sudeste,P0025,Webcam Logitech Full HD,Informática,4.0,329.9,0.1043,2025-03-07,2025-03-07
ORD01858,2025-03-02,Cliente_386,Diego Cavalcanti,Mucajaí,RR,Norte,P0017,ACER Notebook Gamer Nitro,Informática,1.0,4604.0,0.0169,2025-03-05,2025-03-03
ORD01859,2025-03-02,Cliente_408,Maria Julia Duarte,Marabá,PA,Norte,P0001,Samsung Galaxy A36,Smartphones e Tablets,2.0,1979.1,0.0262,2025-03-08,2025-03-08
ORD01860,2025-03-02,Cliente_408,Maria Julia Duarte,Marabá,PA,Norte,P0020,Teclado Mecanico Fizz,Informática,2.0,174.9,0.0372,2025-03-08,2025-03-06
ORD01861,2025-03-02,Cliente_446,Fernanda Silveira Gomes,Blumenau,SC,Sul,P0014,Projetor EPSON Powerlite Wide Screen,TV e Projeção,2.0,2742.13,0.0562,2025-03-07,2025-03-06
ORD01862,2025-03-02,Cliente_475,Lorena Teixeira,Chapecó,SC,Sul,P0015,Fone de Ouvido Profissional AKG K92,Áudio,2.0,428.99,0.1262,2025-03-06,2025-03-08
ORD01863,2025-03-02,Cliente_546,Nicole Costa,Caracaraí,RR,Norte,P0016,Fone de Ouvido Profissional EDIFIER WH950NB,Áudio,2.0,899.0,0.0179,2025-03-08,2025-03-08
ORD01864,2025-03-03,Cliente_001,Evelyn da Luz,Cacoal,RO,Norte,P0005,"Fone de Ouvido Sem Fio TWS, PHILIPS",Áudio,4.0,124.91,0.02,2025-03-09,2025-03-13
ORD01865,2025-03-03,Cliente_025,Matheus Novaes,Joinville,SC,Sul,P0007,Película para iPhone 14Pro Anti impacto,Acessórios Mobile,3.0,,0.0486,2025-03-07,2025-03-05
ORD01866,2025-03-03,Cliente_030,João Lucas da Costa,Joinville,SC,Sul,P0002,Samsung Galaxy Tab S6 Lite,Smartphones e Tablets,2.0,1799.01,0.0217,2025-03-05,2025-03-05
ORD01867,2025-03-03,Cliente_036,Bryan Pires,Manacapuru,AM,Norte,P0010,"Smart TV LED 32""Samsung LED Tizen TV",TV e Projeção,2.0,1079.0,0.059,2025-03-08,2025-03-06
ORD01868,2025-03-03,Cliente_040,Renan Silveira,Propriá,SE,Nordeste,P0002,Samsung Galaxy Tab S6 Lite,Smartphones e Tablets,1.0,1799.01,0.0534,2025-03-09,2025-03-08
ORD01869,2025-03-03,Cliente_060,Kaique Gomes,São Bernardo do Campo,SP,Sudeste,P0001,Samsung Galaxy A36,Smartphones e Tablets,2.0,1979.1,0.052,2025-03-06,2025-03-06
ORD01870,2025-03-03,Cliente_085,Dra. Maria Sophia Ramos,Maringá,PR,Sul,P0014,Projetor EPSON Powerlite Wide Screen,TV e Projeção,1.0,2742.13,0.0911,2025-03-09,2025-03-08
ORD01871,2025-03-03,Cliente_117,Dra. Maysa Fogaça,Propriá,SE,Nordeste,P0009,Smart TV 32” Philco LED Roku TV,TV e Projeção,4.0,949.0,0.0948,2025-03-05,2025-03-06
ORD01872,2025-03-03,Cliente_121,Kamilly Pereira,Pelotas,RS,Sul,P0007,Película para iPhone 14Pro Anti impacto,Acessórios Mobile,1.0,51.8,0.082,2025-03-09,2025-03-10
ORD01873,2025-03-03,Cliente_140,Ana Vitória Barbosa,Niterói,RJ,Sudeste,P0004,Carregador Turbo Tipo-C 50w,Acessórios Mobile,,53.9,0.0329,2025-03-09,2025-03-09
ORD01874,2025-03-03,Cliente_150,Srta. Gabrielly Cardoso,Serra,ES,Sudeste,P0008,Película de Vidro 3D Galaxy A30s,Acessórios Mobile,3.0,17.9,0.1904,2025-03-06,2025-03-05
ORD01875,2025-03-03,Cliente_165,Maria Fernanda Teixeira,Duque de Caxias,RJ,Sudeste,P0002,Samsung Galaxy Tab S6 Lite,Smartphones e Tablets,3.0,1799.01,0.0743,2025-03-07,2025-03-05
ORD01876,2025-03-03,Cliente_172,Luiz Gustavo Rocha,Porto Alegre,RS,Sul,P0010,"Smart TV LED 32""Samsung LED Tizen TV",TV e Projeção,4.0,1079.0,0.0221,2025-03-11,2025-03-12
ORD01877,2025-03-03,Cliente_207,Dr. Lucas Gabriel Sales,Niterói,RJ,Sudeste,P0016,Fone de Ouvido Profissional EDIFIER WH950NB,Áudio,2.0,899.0,0.0583,2025-03-10,2025-03-13
ORD01878,2025-03-03,Cliente_211,Srta. Natália Cardoso,Cruzeiro do Sul,AC,Norte,P0012,"Soundbar Tomate MTS-2017, Bivolt",Áudio,2.0,769.9,0.0508,2025-03-10,2025-03-07
ORD01879,2025-03-03,Cliente_216,Yasmin Costela,Pelotas,RS,Sul,P0024,Memória Kingston Fury 16GB DDR5,Informática,2.0,389.9,0.0973,2025-03-05,2025-03-05
ORD01880,2025-03-03,Cliente_225,Enzo Gabriel Ramos,Caxias,MA,Nordeste,P0007,Película para iPhone 14Pro Anti impacto,Acessórios Mobile,2.0,51.8,0.0603,2025-03-09,2025-03-06
ORD01881,2025-03-03,Cliente_244,Maria Vitória Martins,Rio de Janeiro,RJ,Sudeste,P0012,"Soundbar Tomate MTS-2017, Bivolt",Áudio,2.0,769.9,0.0164,2025-03-10,2025-03-09
ORD01882,2025-03-03,Cliente_256,Daniela Fogaça,Florianópolis,SC,Sul,P0016,Fone de Ouvido Profissional EDIFIER WH950NB,Áudio,1.0,899.0,0.0316,2025-03-06,2025-03-06
ORD01883,2025-03-03,Cliente_260,Ana Vitória Monteiro,Ribeirão Preto,SP,Sudeste,P0016,Fone de Ouvido Profissional EDIFIER WH950NB,Áudio,3.0,899.0,0.09,2025-03-07,2025-03-06
ORD01884,2025-03-03,Cliente_263,Sr. Cauã Carvalho,Uberlândia,MG,Sudeste,P0025,Webcam Logitech Full HD,Informática,3.0,329.9,0.0778,2025-03-08,2025-03-09
ORD01885,2025-03-03,Cliente_264,Sr. Noah da Paz,Itacoatiara,AM,Norte,P0019,Mouse Redragon Wireless,Informática,1.0,165.99,0.0934,2025-03-09,2025-03-06
ORD01886,2025-03-03,Cliente_266,Caroline Carvalho,Cruzeiro do Sul,AC,Norte,P0004,Carregador Turbo Tipo-C 50w,Acessórios Mobile,,53.9,0.1253,2025-03-12,2025-03-11
ORD01887,2025-03-03,Cliente_268,Pietra Pires,Parnamirim,RN,Nordeste,P0006,Fone de ouvido Sem Fio QCY T27,Áudio,4.0,129.86,0.0048,2025-03-11,2025-03-09
ORD01888,2025-03-03,Cliente_280,Daniel da Luz,Santo André,SP,Sudeste,P0005,"Fone de Ouvido Sem Fio TWS, PHILIPS",Áudio,3.0,124.91,0.0393,2025-03-08,2025-03-11
ORD01889,2025-03-03,Cliente_284,Augusto da Cruz,Caracaraí,RR,Norte,P0015,Fone de Ouvido Profissional AKG K92,Áudio,2.0,428.99,0.0354,2025-03-09,2025-03-08
ORD01890,2025-03-03,Cliente_299,Pietra Duarte,Parintins,AM,Norte,P0004,Carregador Turbo Tipo-C 50w,Acessórios Mobile,3.0,53.9,0.1258,2025-03-08,2025-03-06
ORD01891,2025-03-03,Cliente_309,Dra. Ana Laura Pires,Itajaí,SC,Sul,P0019,Mouse Redragon Wireless,Informática,3.0,165.99,0.0756,2025-03-09,2025-03-09
ORD01892,2025-03-03,Cliente_312,Juan Araújo,Bacabal,MA,Nordeste,P0008,Película de Vidro 3D Galaxy A30s,Acessórios Mobile,,17.9,0.0904,2025-03-13,2025-03-11
ORD01893,2025-03-03,Cliente_315,Calebe Gonçalves,Currais Novos,RN,Nordeste,P0002,Samsung Galaxy Tab S6 Lite,Smartphones e Tablets,2.0,1799.01,0.044,2025-03-12,2025-03-11
ORD01894,2025-03-03,cliente#319,Catarina Silva,Tarauacá,AC,Norte,P0019,Mouse Redragon Wireless,Informática,,165.99,0.0274,2025-03-09,2025-03-09
ORD01895,2025-03-03,Cliente_323,Dr. João Pedro Carvalho,Boa Vista,RR,Norte,P0002,Samsung Galaxy Tab S6 Lite,Smartphones e Tablets,,1799.01,0.1018,2025-03-07,2025-03-06
ORD01896,2025-03-03,Cliente_345,Nathan Castro,Brasiléia,AC,Norte,P0010,"Smart TV LED 32""Samsung LED Tizen TV",TV e Projeção,2.0,1079.0,0.0374,2025-03-08,2025-03-05
ORD01897,2025-03-03,Cliente_354,Pedro Miguel Mendes,Macapá,AP,Norte,P0020,Teclado Mecanico Fizz,Informática,4.0,174.9,0.0682,2025-03-11,2025-03-11
ORD01898,2025-03-03,Cliente_363,Diego Costela,Ananindeua,PA,Norte,P0007,Película para iPhone 14Pro Anti impacto,Acessórios Mobile,3.0,51.8,0.0769,2025-03-08,2025-03-08
ORD01899,2025-03-03,Cliente_381,Fernanda Rocha,Ribeirão Preto,SP,Sudeste,P0010,"Smart TV LED 32""Samsung LED Tizen TV", TV e Projeção,1.0,1079.0,0.0405,2025-03-07,2025-03-12
ORD01900,2025-03-03,Cliente_398,Sr. Luiz Miguel Mendes,Rio de Janeiro,RJ,Sudeste,P0009,Smart TV 32” Philco LED Roku TV,TV e Projeção,1.0,949.0,0.0132,2025-03-08,2025-03-10
ORD01901,2025-03-03,Cliente_398,Sr. Luiz Miguel Mendes,Rio de Janeiro,RJ,Sudeste,P0009,Smart TV 32” Philco LED Roku TV,TV e Projeção,4.0,949.0,0.0885,2025-03-07,2025-03-09
ORD01902,2025-03-03,Cliente_400,Ana Sophia da Rosa,Floriano,PI,Nordeste,P0017,ACER Notebook Gamer Nitro,Informática,1.0,4604.0,0.1087,2025-03-08,2025-03-07
ORD01903,2025-03-03,Cliente_413,Raul Rezende,Sobral,CE,Nordeste,P0018,"Monitor UHD Samsung 32""",Informática,1.0,1626.57,0.1291,2025-03-09,2025-03-08
ORD01904,2025-03-03,Cliente_414,Stephany Melo,Timon,MA,Nordeste,P0009,Smart TV 32” Philco LED Roku TV,TV e Projeção,4.0,949.0,0.0313,2025-03-08,2025-03-08
ORD01905,2025-03-03,Cliente_506,Juliana Barbosa,Bacabal,MA,Nordeste,P0015,Fone de Ouvido Profissional AKG K92,Áudio,4.0,428.99,0.2269,2025-03-08,2025-03-07
ORD01906,2025-03-04,Cliente_007,Helena Souza,Feira de Santana,BA,Nordeste,P0027,Caixa de Som Bluetooth JBL,Áudio,2.0,549.9,0.1295,2025-03-08,2025-03-05
ORD01907,2025-03-04,Cliente_008,Thales Pereira,Cascavel,PR,Sul,P0018,"Monitor UHD Samsung 32""",Informática,1.0,1626.57,0.0707,2025-03-07,2025-03-05
ORD01908,2025-03-04,Cliente_042,Dra. Valentina Gonçalves,Campina Grande,PB,Nordeste,P0015,Fone de Ouvido Profissional AKG K92,Áudio,3.0,428.99,0.0033,2025-03-10,2025-03-09
ORD01909,2025-03-04,Cliente_043,Luiz Fernando Moura,Vilhena,RO,Norte,P0018,"Monitor UHD Samsung 32""",Informática,4.0,1626.57,0.099,2025-03-09,2025-03-09
ORD01910,2025-03-04, Cliente_065,Letícia Porto,Santana,AP,Norte,P0012,"Soundbar Tomate MTS-2017, Bivolt",Áudio,4.0,769.9,0.0201,2025-03-10,2025-03-10
ORD01911,2025-03-04,Cliente_093,Bárbara Martins,Feira de Santana,BA,Nordeste,P0013,"Projetor Smart Epson EpiqVision, FULL HD",TV e Projeção,1.0,3049.99,0.1528,2025-03-09,2025-03-08
ORD01912,2025-03-04,Cliente_143,Cecília Barros,Londrina,PR,Sul,P0011,"Soundbar Samsung com 2.1 canais, Dolby Digital",Áudio,1.0,1072.0,0.0515,2025-03-10,2025-03-08
ORD01913,2025-03-04,Cliente_146,Levi Freitas,Ji-Paraná,RO,Norte,P0006,Fone de ouvido Sem Fio QCY T27,Áudio,1.0,129.86,0.0364,2025-03-11,2025-03-10
ORD01914,2025-03-04,Cliente_156,Lívia da Rocha,Cacoal,RO,Norte,P0015,Fone de Ouvido Profissional AKG K92,Áudio,3.0,428.99,0.0597,2025-03-09,2025-03-08
ORD01915,2025-03-04,Cliente_163,Thiago Rodrigues,São Luís,MA,Nordeste,P0007,Película para iPhone 14Pro Anti impacto,Acessórios Mobile,3.0,51.8,0.1453,2025-03-09,2025-03-09
ORD01916,2025-03-04,Cliente_170,Nicolas Vieira,Patos,PB,Nordeste,P0004,Carregador Turbo Tipo-C 50w,Acessórios Mobile,1.0,53.9,0.1049,2025-03-08,2025-03-05
ORD01917,2025-03-04,Cliente_196,Fernando Costa,Vila Velha,ES,Sudeste,P0003,Carregador Turbo USB-C 30W,Acessórios Mobile,3.0,49.9,0.0044,2025-03-10,2025-03-07
ORD01918,2025-03-04,Cliente_234,Leonardo Oliveira,Maringá,PR,Sul,P0025,Webcam Logitech Full HD,Informática,2.0,329.9,0.071,2025-03-09,2025-03-09
ORD01919,2025-03-04,Cliente_236,Anthony Rezende,Timon,MA,Nordeste,P0014,Projetor EPSON Powerlite Wide Screen,TV e Projeção,2.0,2742.13,0.0821,2025-03-12,2025-03-11
ORD01920,2025-03-04,Cliente_279!!,Sofia Santos,Chapecó,SC,Sul,P0019,Mouse Redragon Wireless,Informática,3.0,165.99,0.0812,2025-03-07,2025-03-07
ORD01921,2025-03-04,Cliente_286,Júlia Costela,Cachoeiro de Itapemirim,ES,Sudeste,P0020,Teclado Mecanico Fizz, Informática,2.0,174.9,0.0148,2025-03-07,2025-03-07
ORD01922,2025-03-04,Cliente_309,Dra. Ana Laura Pires,Itajaí,SC,Sul,P0020,Teclado Mecanico Fizz,Informática,2.0,174.9,0.0152,2025-03-06,2025-03-05
ORD01923,2025-03-04,Cliente_340,Bruno Cardoso,Gravataí,RS,Sul,P0020,Teclado Mecanico Fizz, Informática,1.0,174.9,0.032,2025-03-07,2025-03-09
ORD01924,2025-03-04,Cliente_362,Sr. Juan Cardoso,Pico,PI,Nordeste,P0017,ACER Notebook Gamer Nitro,Informática,2.0,4604.0,0.0868,2025-03-14,2025-03-18
ORD01925,2025-03-04,Cliente_366,Ana Laura Teixeira,Londrina,PR,Sul,P0021,SSD Crucial 1TB NVMe M.2,Informática,2.0,449.0,0.0515,2025-03-06,2025-03-06
ORD01926,2025-03-04,Cliente_369,Nicolas Pires,Contagem,MG,Sudeste,P0018,"Monitor UHD Samsung 32""",Informática,3.0,1626.57,0.0485,2025-03-08,2025-03-06
ORD01927,2025-03-04,Cliente_376,Eduarda Melo,Serra,ES,Sudeste,P0007,Película para iPhone 14Pro Anti impacto,Acessórios Mobile,1.0,51.8,0.0235,2025-03-11,2025-03-11
ORD01928,2025-03-04,Cliente_384,Brenda Monteiro,Santana,AP,Norte,P0015,Fone de Ouvido Profissional AKG K92,Áudio,3.0,428.99,0.1614,2025-03-08,2025-03-08
ORD01929,,Cliente_437,Miguel Castro,Santo André,SP,Sudeste,P0013,"Projetor Smart Epson EpiqVision, FULL HD",TV e Projeção,3.0,3049.99,0.0781,2025-03-09,2025-03-07
ORD01930,2025-03-04,Cliente_475,Lorena Teixeira,Chapecó,SC,Sul,P0004,Carregador Turbo Tipo-C 50w,Acessórios Mobile,4.0,53.9,0.0693,2025-03-06,2025-03-16
ORD01931,2025-03-04,Cliente_501,Júlia Mota,Contagem,MG,Sudeste,P0027,Caixa de Som Bluetooth JBL,Áudio,1.0,549.9,0.1505,2025-03-06,2025-03-07
ORD01932,2025-03-04,Cliente_518,Heitor Barbosa Cruz,Mossoró,RN,Nordeste,P0025,Webcam Logitech Full HD,Informática,3.0,329.9,0.0964,2025-03-10,2025-03-10
ORD01933,2025-03-04,Cliente_527,Igor Porto Rodrigues,Teresina,PI,Nordeste,P0011,"Soundbar Samsung com 2.1 canais, Dolby Digital",Áudio,3.0,1072.0,0.012,2025-03-09,2025-03-07
ORD01934,2025-03-04,Cliente_539,Arthur Costela,Brasiléia,AC,Norte,P0004,Carregador Turbo Tipo-C 50w,Acessórios Mobile,4.0,53.9,0.0303,2025-03-11,2025-03-09
ORD01935,2025-03-05,Cliente_033,Lucca Cardoso,Ji-Paraná,RO,Norte,P0005,"Fone de Ouvido Sem Fio TWS, PHILIPS",Áudio,3.0,124.91,0.0501,2025-03-14,2025-03-14
ORD01936,2025-03-05,Cliente_036,Bryan Pires,Manacapuru,AM,Norte,P0005,"Fone de Ouvido Sem Fio TWS, PHILIPS",Áudio,4.0,124.91,0.1437,2025-03-09,2025-03-12
ORD01937,2025-03-05,Cliente-044,Dr. Pedro Porto,Londrina,PR,Sul,P0001,Samsung Galaxy A36,Smartphones e Tablets,4.0,1979.1,0.0482,2025-03-07,2025-03-08
ORD01938,2025-03-05,Cliente_048,Sr. Gustavo Henrique Peixoto,Gravataí,RS,Sul,P0017,ACER Notebook Gamer Nitro,Informática,1.0,4604.0,0.0813,2025-03-11,2025-03-12
ORD01939,2025-03-05,Cliente_049,Isis Pinto,Santarém,PA,Norte,P0008,Película de Vidro 3D Galaxy A30s,Acessórios Mobile,3.0,17.9,0.1964,2025-03-08,2025-03-08
ORD01940,2025-03-05,Cliente_056,Joana Rodrigues,Sobral,CE,Nordeste,P0001,Samsung Galaxy A36,Smartphones e Tablets,4.0,1979.1,0.0382,2025-03-13,2025-03-13
ORD01941,2025-03-05,Cliente_061,Dr. Emanuel Fogaça,Porto Nacional,TO,Norte,P0006,Fone de ouvido Sem Fio QCY T27,Áudio,2.0,129.86,0.0406,2025-03-13,2025-03-10
ORD01942,2025-03-05,Cliente_062,Rodrigo da Paz,Uberlândia,MG,Sudeste,P0017,ACER Notebook Gamer Nitro,Informática,3.0,4604.0,0.0933,2025-03-07,2025-03-14
ORD01943,2025-03-05,Cliente_064,Anthony Aragão,Cachoeiro de Itapemirim,ES,Sudeste,P0003,Carregador Turbo USB-C 30W,Acessórios Mobile,1.0,49.9,0.087,2025-03-08,2025-03-06
ORD01944,2025-03-05,Cliente_065,Letícia Porto,Santana,AP,Norte,P0026,Cabo USB-C Trançado 2m,Acessórios Mobile,1.0,34.9,0.0367,2025-03-08,2025-03-06
ORD01945,2025-03-05,Cliente_068,Stephany Moreira,Curitiba,PR,Sul,P0021,SSD Crucial 1TB NVMe M.2,Informática,,449.0,0.0228,2025-03-08,2025-03-10
ORD01946,2025-03-05,Cliente_076,Leandro da Costa,Rolim de Moura,RO,Norte,P0004,Carregador Turbo Tipo-C 50w,Acessórios Mobile,3.0,53.9,0.1053,2025-03-10,2025-03-10
ORD01947,2025-03-05,Cliente_087,Dr. Pietro Silva,Pico,PI,Nordeste,P0027,Caixa de Som Bluetooth JBL,Áudio,2.0,549.9,0.0887,2025-03-12,2025-03-11
ORD01948,2025-03-05,Cliente_120,Laís das Neves,Tarauacá,AC,Norte,P0009,Smart TV 32” Philco LED Roku TV,TV e Projeção,1.0,949.0,0.0191,2025-03-14,2025-03-16
ORD01949,2025-03-05,Cliente_139,Sr. Daniel Pinto,Nova Iguaçu,RJ,Sudeste,P0015,Fone de Ouvido Profissional AKG K92,Áudio,3.0,428.99,0.1166,2025-03-10,2025-03-13
ORD01950,2025-03-05,Cliente_149,Manuela Santos,Caxias do Sul,RS,Sul,P0006,Fone de ouvido Sem Fio QCY T27,Áudio,2.0,129.86,0.0364,2025-03-09,2025-03-11
ORD01951,2025-03-05,Cliente_149,Manuela Santos,Caxias do Sul,RS,Sul,P0008,Película de Vidro 3D Galaxy A30s,Acessórios Mobile,2.0,17.9,0.1859,2025-03-09,2025-03-10
ORD01952,2025-03-05,Cliente_165,Maria Fernanda Teixeira,Duque de Caxias,RJ,Sudeste,P0008,Película de Vidro 3D Galaxy A30s,Acessórios Mobile,3.0,17.9,0.0842,2025-03-11,2025-03-13
ORD01953,2025-03-05,Cliente_186,Dra. Helena Teixeira,Bom Jesus,PI,Nordeste,P0005,"Fone de Ouvido Sem Fio TWS, PHILIPS",Áudio,3.0,124.91,0.0777,2025-03-13,2025-03-12
ORD01954,2025-03-05,Cliente_207,Dr. Lucas Gabriel Sales,Niterói,RJ,Sudeste,P0006,Fone de ouvido Sem Fio QCY T27,Áudio,4.0,129.86,0.041,2025-03-07,2025-03-06
ORD01955,2025-03-05,Cliente_207,Dr. Lucas Gabriel Sales,Niterói,RJ,Sudeste,P0019,Mouse Redragon Wireless,Informática,1.0,165.99,0.04,2025-03-07,2025-03-07
ORD01956,2025-03-05, Cliente_212,Letícia Carvalho,Juiz de Fora,MG,Sudeste,P0019,Mouse Redragon Wireless,Informática,3.0,165.99,0.1253,2025-03-07,2025-03-06
ORD01957,2025-03-05,Cliente_219,Natália da Luz,Cascavel,PR,Sul,P0005,"Fone de Ouvido Sem Fio TWS, PHILIPS",Áudio,1.0,124.91,0.0361,2025-03-09,2025-03-08
ORD01958,2025-03-05,Cliente_219,Natália da Luz,Cascavel,PR,Sul,P0006,Fone de ouvido Sem Fio QCY T27,Áudio,1.0,129.86,0.03,2025-03-09,2025-03-08
ORD01959,2025-03-05,Cliente_228,Gabrielly Santos,Santarém,PA,Norte,P0006,Fone de ouvido Sem Fio QCY T27,Áudio,2.0,129.86,0.0272,2025-03-08,2025-03-06
ORD01960,2025-03-05,Cliente_247,João Moraes,Campinas,SP,Sudeste,P0021,SSD Crucial 1TB NVMe M.2,Informática,4.0,449.0,0.0392,2025-03-11,2025-03-08
ORD01961,2025-03-05,Cliente_264,Sr. Noah da Paz,Itacoatiara,AM,Norte,P0009,Smart TV 32” Philco LED Roku TV,TV e Projeção,1.0,949.0,0.1058,2025-03-10,2025-03-10
ORD01962,2025-03-05,Cliente_297,Letícia Campos,Boa Vista,RR,Norte,P0003,Carregador Turbo USB-C 30W,Acessórios Mobile,4.0,49.9,0.0656,2025-03-14,2025-03-14
ORD01963,2025-03-05,Cliente_308,Enzo Gabriel Costa,Londrina,PR,Sul,P0021,SSD Crucial 1TB NVMe M.2,Informática,4.0,449.0,0.0194,2025-03-10,2025-03-10
ORD01964,2025-03-05,Cliente_314,Nina Ramos,Laranjal do Jari,AP,Norte,P0012,"Soundbar Tomate MTS-2017, Bivolt",Áudio,3.0,769.9,0.0659,2025-03-12,2025-03-12
ORD01965,2025-03-05,Cliente_316,Pedro Miguel Caldeira,Caxias do Sul,RS,Sul,P0008,Película de Vidro 3D Galaxy A30s,Acessórios Mobile,4.0,17.9,0.0607,2025-03-12,2025-03-12
ORD01966,2025-03-05,Cliente_326,Emanuella Porto,Ferreira Gomes,AP,Norte,P0007,Película para iPhone 14Pro Anti impacto,Acessórios Mobile,2.0,51.8,0.0797,2025-03-11,2025-03-08
ORD01967,2025-03-05,Cliente_329,Sra. Daniela Aragão,Duque de Caxias,RJ,Sudeste,P0026,Cabo USB-C Trançado 2m,Acessórios Mobile,,34.9,0.0242,2025-03-09,2025-03-08
ORD01968,2025-03-05,Cliente_377,Lucas Castro,Rio Branco,AC,Norte,P0002,Samsung Galaxy Tab S6 Lite,Smartphones e Tablets,1.0,1799.01,0.1038,2025-03-11,2025-03-11
ORD01969,2025-03-05,Cliente_380,Ana Clara das Neves,Bayeux,PB,Nordeste,P0027,Caixa de Som Bluetooth JBL,Áudio,3.0,549.9,0.1023,2025-03-08,2025-03-07
ORD01970,2025-03-05,Cliente_382,Bryan Ribeiro,Cachoeiro de Itapemirim,ES,Sudeste,P0013,"Projetor Smart Epson EpiqVision, FULL HD",TV e Projeção,2.0,3049.99,0.0943,2025-03-13,2025-03-13
ORD01971,2025-03-05,Cliente_385,Helena Barros,Campinas,SP,Sudeste,P0005,"Fone de Ouvido Sem Fio TWS, PHILIPS",Áudio,1.0,124.91,0.0197,2025-03-11,2025-03-12
ORD01972,2025-03-05,Cliente_394,Eduardo Oliveira,Ribeirão Preto,SP,Sudeste,P0004,Carregador Turbo Tipo-C 50w,Acessórios Mobile,3.0,53.9,0.1033,2025-03-10,2025-03-11
ORD01973,2025-03-05,Cliente_395,Luiz Henrique Castro,Betim,MG,Sudeste,P0005,"Fone de Ouvido Sem Fio TWS, PHILIPS",Áudio,1.0,124.91,0.0864,2025-03-08,2025-03-10
ORD01974,2025-03-05,Cliente_400,Ana Sophia da Rosa,Floriano,PI,Nordeste,P0020,Teclado Mecanico Fizz,Informática,2.0,174.9,0.0042,2025-03-11,2025-03-09
ORD01975,2025-03-05,Cliente_407,Daniel da Luz,Londrina,PR,Sul,P0007,Película para iPhone 14Pro Anti impacto,Acessórios Mobile,4.0,51.8,0.0826,2025-03-07,2025-03-07
ORD01976,2025-03-05,Cliente_408,Maria Julia Duarte,Marabá,PA,Norte,P0003,Carregador Turbo USB-C 30W,Acessórios Mobile,3.0,49.9,0.0349,2025-03-12,2025-03-13
ORD01977,2025-03-05,Cliente_421,Kaique Oliveira Aragão,Campinas,SP,Sudeste,P0027,Caixa de Som Bluetooth JBL,Áudio,2.0,549.9,0.1445,2025-03-07,2025-03-10
ORD01978,2025-03-05,Cliente_424,João Pereira,Caxias do Sul,RS,Sul,P0004,Carregador Turbo Tipo-C 50w,Acessórios Mobile,4.0,53.9,0.0343,2025-03-09,2025-03-09
ORD01979,2025-03-05,Cliente_439,Stella Cunha,Nova Iguaçu,RJ,Sudeste,P0019,Mouse Redragon Wireless,Informática,4.0,165.99,0.2256,2025-03-10,2025-03-08
ORD01980,2025-03-05,Cliente_503,Noah Pires,Contagem,MG,Sudeste,P0025,Webcam Logitech Full HD,Informática,2.0,329.9,0.055,2025-03-09,2025-03-09
ORD01981,2025-03-05,Cliente_540,Murilo Ferreira Costa,Pelotas,RS,Sul,P0007,Película para iPhone 14Pro Anti impacto,Acessórios Mobile,4.0,51.8,0.0449,2025-03-09,2025-03-09
ORD01982,2025-03-06,Cliente_010,Cauã da Rosa,Sobral,CE,Nordeste,P0026,Cabo USB-C Trançado 2m,Acessórios Mobile,4.0,34.9,0.0358,2025-03-12,2025-03-10
ORD01983,2025-03-06,Cliente_018,Murilo Ferreira,Itacoatiara,AM,Norte,P0017,ACER Notebook Gamer Nitro,Informática,2.0,4604.0,0.102,2025-03-11,2025-03-10
ORD01984,2025-03-06,Cliente_024,Juliana Ferreira,Itacoatiara,AM,Norte,P0015,Fone de Ouvido Profissional AKG K92,Áudio,1.0,428.99,0.1238,2025-03-08,2025-03-07
ORD01985,2025-03-06,Cliente_044,Dr. Pedro Porto,Londrina,PR,Sul,P0006,Fone de ouvido Sem Fio QCY T27,Áudio,3.0,129.86,0.1361,2025-03-08,2025-03-08
ORD01986,2025-03-06,Cliente_099,Srta. Maria Luiza Rocha,Blumenau,SC,Sul,P0015,Fone de Ouvido Profissional AKG K92,Áudio,4.0,428.99,0.0298,2025-03-08,2025-03-08
ORD01987,2025-03-06,Cliente_102,Dr. Miguel Cunha,Gravataí,RS,Sul,P0012,"Soundbar Tomate MTS-2017, Bivolt",Áudio,4.0,,0.0281,2025-03-14,2025-03-13
ORD01988,2025-03-06,Cliente_146,Levi Freitas,Ji-Paraná,RO,Norte,P0016,Fone de Ouvido Profissional EDIFIER WH950NB,Áudio,1.0,899.0,0.1377,2025-03-14,2025-03-21
ORD01989,2025-03-06,Cliente_158,Emanuel Ramos,Timon,MA,Nordeste,P0001,Samsung Galaxy A36,Smartphones e Tablets,1.0,1979.1,0.0561,2025-03-10,2025-03-12
ORD01990,2025-03-06,Cliente_169,Pedro Henrique Monteiro,Ji-Paraná,RO,Norte,P0007,Película para iPhone 14Pro Anti impacto,Acessórios Mobile,2.0,51.8,0.0701,2025-03-10,2025-03-10
ORD01991,2025-03-06,Cliente_171,Vitor Gabriel Fernandes,Ferreira Gomes,AP,Norte,P0005," Fone de Ouvido Sem Fio TWS, PHILIPS",Áudio,2.0,124.91,0.0997,2025-03-15,2025-03-12
ORD01992,2025-03-06,Cliente_173,Vitor Pinto,Cascavel,PR,Sul,P0004,Carregador Turbo Tipo-C 50w,Acessórios Mobile,3.0,53.9,0.0077,2025-03-11,2025-03-10
ORD01993,2025-03-06,Cliente_202,Nicolas Viana,Niterói,RJ,Sudeste,P0011,"Soundbar Samsung com 2.1 canais, Dolby Digital",Áudio,3.0,1072.0,0.0155,2025-03-08,2025-03-07
ORD01994,2025-03-06,Cliente_219,Natália da Luz,Cascavel,PR,Sul,P0018,"Monitor UHD Samsung 32""",Informática,3.0,1626.57,0.1257,2025-03-10,2025-03-10
ORD01995,2025-03-06,Cliente_264,Sr. Noah da Paz,Itacoatiara,AM,Norte,P0004,Carregador Turbo Tipo-C 50w,Acessórios Mobile,1.0,53.9,0.0322,2025-03-13,2025-03-14
ORD01996,2025-03-06,Cliente_264,Sr. Noah da Paz,Itacoatiara,AM,Norte,P0009,Smart TV 32” Philco LED Roku TV,TV e Projeção,2.0,949.0,0.0542,2025-03-08,2025-03-08
ORD01997,2025-03-06,Cliente_271,Rebeca Pires,Bom Jesus,PI,Nordeste,P0017,ACER Notebook Gamer Nitro,Informática,3.0,4604.0,0.0437,2025-03-16,2025-03-15
ORD01998,2025-03-06,Cliente_276,Dra. Rafaela Peixoto,Betim,MG,Sudeste,P0008,Película de Vidro 3D Galaxy A30s,Acessórios Mobile,1.0,,0.0114,2025-03-14,2025-03-11
ORD01999,2025-03-06,Cliente_295,Emanuella Lima,Florianópolis,SC,Sul,P0012,"Soundbar Tomate MTS-2017, Bivolt",Áudio,3.0,769.9,0.0513,2025-03-08,2025-03-08
ORD02000,2025-03-06,Cliente_300,Dra. Maria Sophia Nogueira,Chapecó,SC,Sul,P0017,ACER Notebook Gamer Nitro,Informática,2.0,4604.0,0.0818,2025-03-10,2025-03-10
ORD02001,2025-03-06,Cliente_301,Sarah Melo,Curitiba,PR,Sul,P0025,Webcam Logitech Full HD,Informática,4.0,329.9,0.0771,2025-03-11,2025-03-13
ORD02002,2025-03-06,Cliente_321,João Guilherme Vieira,Porto Alegre,RS,Sul,P0015,Fone de Ouvido Profissional AKG K92,Áudio,1.0,428.99,0.0993,2025-03-12,2025-03-14
ORD02003,2025-03-06,Cliente_327,Sra. Maria Eduarda Cardoso,Vila Velha,ES,Sudeste,P0008,Película de Vidro 3D Galaxy A30s,Acessórios Mobile,2.0,17.9,0.1537,2025-03-09,2025-03-07
ORD02004,2025-03-06,Cliente_331,Guilherme Cavalcanti,Juiz de Fora,MG,Sudeste,P0007,Película para iPhone 14Pro Anti impacto,Acessórios Mobile,1.0,51.8,0.0903,2025-03-13,2025-03-17
ORD02005,2025-03-06,Cliente_332,Júlia Moraes,São Bernardo do Campo,SP,Sudeste,P0013,"Projetor Smart Epson EpiqVision, FULL HD",TV e Projeção,3.0,3049.99,0.0895,2025-03-11,2025-03-11
ORD02006,2025-03-06,Cliente_355,Srta. Marina Rocha,Caucaia,CE,Nordeste,P0006,Fone de ouvido Sem Fio QCY T27,Áudio,4.0,129.86,0.0785,2025-03-14,2025-03-17
ORD02007,2025-03-06,Cliente_363,Diego Costela,Ananindeua,PA,Norte,P0009,Smart TV 32” Philco LED Roku TV,TV e Projeção,1.0,949.0,0.0898,2025-03-12,2025-03-13
ORD02008,2025-03-06,Cliente_385,Helena Barros,Campinas,SP,Sudeste,P0010,"Smart TV LED 32""Samsung LED Tizen TV",TV e Projeção,3.0,1079.0,0.1282,2025-03-08,2025-03-07
ORD02009,2025-03-06,Cliente_484,Rafael Novaes Nogueira,Santa Maria,RS,Sul,P0002,Samsung Galaxy Tab S6 Lite,Smartphones e Tablets,1.0,1799.01,0.0533,2025-03-10,2025-03-08
ORD02010,2025-03-07,Cliente_006,Miguel Cardoso,Juazeiro,BA,Nordeste,P0021,SSD Crucial 1TB NVMe M.2,Informática,4.0,449.0,0.1071,2025-03-10,2025-03-10
ORD02011,2025-03-07,Cliente_010,Cauã da Rosa,Sobral,CE,Nordeste,P0017,ACER Notebook Gamer Nitro,Informática,4.0,4604.0,0.0086,2025-03-10,2025-03-12
ORD02012,2025-03-07,Cliente_019,Gabriela da Paz,Uberlândia,MG,Sudeste,P0012,"Soundbar Tomate MTS-2017, Bivolt",Áudio,4.0,769.9,0.1488,2025-03-13,2025-03-12
ORD02013,2025-03-07,Cliente_024,Juliana Ferreira,Itacoatiara,AM,Norte,P0004,Carregador Turbo Tipo-C 50w,Acessórios Mobile,4.0,53.9,0.1211,2025-03-09,2025-03-11
ORD02014,2025-03-07,Cliente_070,Pietra Rezende,Laranjal do Jari,AP,Norte,P0008,Película de Vidro 3D Galaxy A30s,Acessórios Mobile,1.0,17.9,0.1029,2025-03-17,2025-03-15
ORD02015,2025-03-07,Cliente_090,Caio Novaes,Blumenau,SC,Sul,P0012,"Soundbar Tomate MTS-2017, Bivolt",Áudio,3.0,769.9,0.0806,2025-03-09,2025-03-09
ORD02016,2025-03-07,Cliente_106,Nicolas Costela,Contagem,MG,Sudeste,P0018,"Monitor UHD Samsung 32""",Informática,4.0,1626.57,0.0751,2025-03-14,2025-03-14
ORD02017,2025-03-07,Cliente_110,Rafaela Carvalho,Betim,MG,Sudeste,P0009,Smart TV 32” Philco LED Roku TV,TV e Projeção,4.0,949.0,0.0389,2025-03-10,2025-03-09
ORD02018,2025-03-07,Cliente_117,Dra. Maysa Fogaça,Propriá,SE,Nordeste,P0013,"Projetor Smart Epson EpiqVision, FULL HD",TV e Projeção,3.0,3049.99,0.0676,2025-03-09,2025-03-08
ORD02019,2025-03-07,Cliente_121,Kamilly Pereira,Pelotas,RS,Sul,P0015,Fone de Ouvido Profissional AKG K92,Áudio,4.0,428.99,0.0768,2025-03-09,2025-03-08
ORD02020,2025-03-07,Cliente_176,Vinicius Ribeiro,São Bernardo do Campo,SP,Sudeste,P0012,"Soundbar Tomate MTS-2017, Bivolt",Áudio,1.0,769.9,0.1468,2025-03-12,2025-03-12
ORD02021,2025-03-07,Cliente_208,Vitor Araújo,Betim,MG,Sudeste,P0014,Projetor EPSON Powerlite Wide Screen,TV e Projeção,1.0,2742.13,0.0527,2025-03-12,2025-03-11
ORD02022,2025-03-07,Cliente_218,Isabel Pereira,Vila Velha,ES,Sudeste,P0009,Smart TV 32” Philco LED Roku TV,TV e Projeção,2.0,949.0,0.0204,2025-03-12,2025-03-14
ORD02023,2025-03-07,Cliente_221,Sr. Samuel Teixeira,Sobral,CE,Nordeste,P0008,Película de Vidro 3D Galaxy A30s,Acessórios Mobile,3.0,17.9,0.175,2025-03-13,2025-03-13
ORD02024,2025-03-07,Cliente_240,Esther Monteiro,Fortaleza,CE,Nordeste,P0002,Samsung Galaxy Tab S6 Lite,Smartphones e Tablets,1.0,1799.01,0.1375,2025-03-13,2025-03-14
ORD02025,2025-03-07, Cliente_240 ,Esther Monteiro,Fortaleza,CE,Nordeste,P0014,Projetor EPSON Powerlite Wide Screen,TV e Projeção,1.0,2742.13,0.0474,2025-03-13,2025-03-13
ORD02026,2025-03-07, Cliente_256 ,Daniela Fogaça,Florianópolis,SC,Sul,P0010,"Smart TV LED 32""Samsung LED Tizen TV",TV e Projeção,4.0,1079.0,0.0429,2025-03-12,2025-03-11
ORD02027,2025-03-07,Cliente_259,Melissa da Rocha,São Bernardo do Campo,SP,Sudeste,P0001,Samsung Galaxy A36,Smartphones e Tablets,4.0,1979.1,0.0912,2025-03-10,2025-03-09
ORD02028,2025-03-07,Cliente_266,Caroline Carvalho,Cruzeiro do Sul,AC,Norte,P0017,ACER Notebook Gamer Nitro,Informática,3.0,4604.0,0.1181,2025-03-13,2025-03-13
ORD02029,2025-03-07,Cliente_270,Marina Freitas,Itacoatiara,AM,Norte,P0002,Samsung Galaxy Tab S6 Lite,Smartphones e Tablets,1.0,1799.01,0.1314,2025-03-12,2025-03-11
ORD02030,2025-03-07,Cliente_290,Luiz Henrique Moraes,Laranjal do Jari,AP,Norte,P0008,Película de Vidro 3D Galaxy A30s,Acessórios Mobile,4.0,17.9,0.0454,2025-03-11,2025-03-12
ORD02031,2025-03-07,Cliente_312,Juan Araújo,Bacabal,MA,Nordeste,P0005,"Fone de Ouvido Sem Fio TWS, PHILIPS",Áudio,3.0,124.91,0.0461,2025-03-13,2025-03-13
ORD02032,2025-03-07,Cliente_354,Pedro Miguel Mendes,Macapá,AP,Norte,P0015,Fone de Ouvido Profissional AKG K92,Áudio,3.0,428.99,0.0576,2025-03-12,2025-03-10
ORD02033,2025-03-07,Cliente_381,Fernanda Rocha,Ribeirão Preto,SP,Sudeste,P0004,Carregador Turbo Tipo-C 50w,Acessórios Mobile,3.0,53.9,0.0925,2025-03-09,2025-03-08
ORD02034,2025-03-07,Cliente_462,Srta. Cruz,Vitória,ES,Sudeste,P0007,Película para iPhone 14Pro Anti impacto,Acessórios Mobile,4.0,51.8,0.0664,2025-03-15,2025-03-19
ORD02035,2025-03-07,Cliente_514,Emanuella Luz Souza,Curitiba,PR,Sul,P0002,Samsung Galaxy Tab S6 Lite,Smartphones e Tablets,1.0,1799.01,0.0452,2025-03-12,2025-03-14
ORD02036,2025-03-07,Cliente_523,Lucas Moreira,Curitiba,PR,Sul,P0004,Carregador Turbo Tipo-C 50w,Acessórios Mobile,3.0,53.9,0.0546,2025-03-11,2025-03-10
ORD02037,2025-03-08,Cliente_007,Helena Souza,Feira de Santana,BA,Nordeste,P0001,Samsung Galaxy A36,Smartphones e Tablets,2.0,1979.1,0.0474,2025-03-12,2025-03-11
ORD02038,2025-03-08,Cliente_010,Cauã da Rosa,Sobral,CE,Nordeste,P0021,SSD Crucial 1TB NVMe M.2,Informática,2.0,449.0,0.0689,2025-03-12,2025-03-10
ORD02039,2025-03-08,Cliente_046,Dra. Emanuella Sales,Cruzeiro do Sul,AC,Norte,P0005,"Fone de Ouvido Sem Fio TWS, PHILIPS",Áudio,1.0,124.91,0.0098,2025-03-13,2025-03-13
ORD02040,2025-03-08,Cliente_096,Dr. Luiz Henrique Pereira,Contagem,MG,Sudeste,P0001,Samsung Galaxy A36,Smartphones e Tablets,1.0,1979.1,0.058,2025-03-15,2025-03-14
ORD02041,2025-03-08,Cliente_099,Srta. Maria Luiza Rocha,Blumenau,SC,Sul,P0005,"Fone de Ouvido Sem Fio TWS, PHILIPS",Áudio,1.0,124.91,0.0195,2025-03-10,2025-03-09
ORD02042,2025-03-08,Cliente_106,Nicolas Costela,Contagem,MG,Sudeste,P0016,Fone de Ouvido Profissional EDIFIER WH950NB ,Áudio,1.0,899.0,0.0193,2025-03-13,2025-03-14
ORD02043,2025-03-08,Cliente_117,Dra. Maysa Fogaça,Propriá,SE,Nordeste,P0007,Película para iPhone 14Pro Anti impacto,Acessórios Mobile,4.0,51.8,0.0512,2025-03-11,2025-03-09
ORD02044,2025-03-08,Cliente_139,Sr. Daniel Pinto,Nova Iguaçu,RJ,Sudeste,P0013,"Projetor Smart Epson EpiqVision, FULL HD",TV e Projeção,3.0,3049.99,0.114,2025-03-14,2025-03-15
ORD02045,2025-03-08,Cliente_158,Emanuel Ramos,Timon,MA,Nordeste,P0025,Webcam Logitech Full HD,Informática,4.0,329.9,0.0958,2025-03-14,2025-03-13
ORD02046,2025-03-08,Cliente_174,Manuela Nogueira,Pelotas,RS,Sul,P0011,"Soundbar Samsung com 2.1 canais, Dolby Digital",Áudio,2.0,1072.0,0.0404,2025-03-15,2025-03-15
ORD02047,2025-03-08,Cliente_202,Nicolas Viana,Niterói,RJ,Sudeste,P0015,Fone de Ouvido Profissional AKG K92,Áudio,3.0,428.99,0.0391,2025-03-12,2025-03-12
ORD02048,2025-03-08,Cliente_206,João Miguel Azevedo,Estância,SE,Nordeste,P0016,Fone de Ouvido Profissional EDIFIER WH950NB,Áudio,4.0,899.0,0.1134,2025-03-14,2025-03-15
ORD02049,2025-03-08,Cliente_240,Esther Monteiro,Fortaleza,CE,Nordeste,P0017,ACER Notebook Gamer Nitro,Informática,2.0,4604.0,0.0743,2025-03-15,2025-03-14
ORD02050,2025-03-08,Cliente_252,Sr. Isaac Melo,Itajaí,SC,Sul,P0005,"Fone de Ouvido Sem Fio TWS, PHILIPS",Áudio,3.0,124.91,0.0278,2025-03-11,2025-03-14
ORD02051,2025-03-08,Cliente_266,Caroline Carvalho,Cruzeiro do Sul,AC,Norte,P0014,Projetor EPSON Powerlite Wide Screen,TV e Projeção,3.0,2742.13,0.0622,2025-03-12,2025-03-11
ORD02052,2025-03-08,Cliente_273,Leonardo Melo,Sobral,CE,Nordeste,P0008,Película de Vidro 3D Galaxy A30s,Acessórios Mobile,3.0,17.9,0.1149,2025-03-14,2025-03-13
ORD02053,2025-03-08,Cliente_278,Bianca Pereira,Porto Nacional,TO,Norte,P0008,Película de Vidro 3D Galaxy A30s,Acessórios Mobile,3.0,17.9,0.0814,2025-03-14,2025-03-11
ORD02054,2025-03-08,Cliente_309,Dra. Ana Laura Pires,Itajaí,SC,Sul,P0018,"Monitor UHD Samsung 32""",Informática,1.0,1626.57,0.1969,2025-03-11,2025-03-11
ORD02055,2025-03-08,Cliente_318,Laís Jesus,Tocantinópolis,TO,Norte,P0001,Samsung Galaxy A36,Smartphones e Tablets,2.0,1979.1,0.0842,2025-03-15,2025-03-15
ORD02056,2025-03-08,Cliente_323,Dr. João Pedro Carvalho,Boa Vista,RR,Norte,P0003,Carregador Turbo USB-C 30W,Acessórios Mobile,4.0,49.9,0.0861,2025-03-14,2025-03-14
ORD02057,2025-03-08,Cliente_334,Dr. Rafael Castro,Caicó,RN,Nordeste,P0001,Samsung Galaxy A36,Smartphones e Tablets,,1979.1,0.0378,2025-03-13,2025-03-11
ORD02058,2025-03-08,Cliente_336,Ana Lívia Dias,Feira de Santana,BA,Nordeste,P0003,Carregador Turbo USB-C 30W,Acessórios Mobile,3.0,49.9,0.0948,2025-03-15,2025-03-15
ORD02059,2025-03-08,Cliente_336,Ana Lívia Dias,Feira de Santana,BA,Nordeste,P0011,"Soundbar Samsung com 2.1 canais, Dolby Digital",Áudio,1.0,1072.0,0.0189,2025-03-12,2025-03-11
ORD02060,2025-03-08,Cliente_360,Mariane Campos,Teresina,PI,Nordeste,P0017,ACER Notebook Gamer Nitro,Informática,2.0,4604.0,0.146,2025-03-17,2025-03-22
ORD02061,2025-03-08,Cliente_373,Sr. Cauê Martins,Gravataí,RS,Sul,P0004,Carregador Turbo Tipo-C 50w,Acessórios Mobile,2.0,53.9,0.1429,2025-03-12,2025-03-12
ORD02062,2025-03-08,Cliente_399,Laís da Luz,Mossoró,RN,Nordeste,P0021,SSD Crucial 1TB NVMe M.2,Informática,4.0,449.0,0.0116,2025-03-13,2025-03-10
ORD02063,2025-03-08,Cliente_416,Maria Julia Duarte,Caicó,RN,Nordeste,P0008,Película de Vidro 3D Galaxy A30s,Acessórios Mobile,3.0,17.9,0.136,2025-03-14,2025-03-16
ORD02064,2025-03-08,Cliente_416,Maria Julia Duarte,Caicó,RN,Nordeste,P0017,ACER Notebook Gamer Nitro ,Informática,2.0,4604.0,0.0412,2025-03-12,2025-03-10
ORD02065,2025-03-08,Cliente_417,Francisco Nogueira,Ribeirão Preto,SP,Sudeste,P0016,Fone de Ouvido Profissional EDIFIER WH950NB,Áudio,1.0,899.0,0.1352,2025-03-11,2025-03-09
ORD02066,2025-03-09,Cliente_007,Helena Souza,Feira de Santana,BA,Nordeste,P0010,"Smart TV LED 32""Samsung LED Tizen TV",TV e Projeção,,1079.0,0.0489,2025-03-15,2025-03-15
ORD02067,2025-03-09,Cliente_008,Thales Pereira,Cascavel,PR,Sul,P0009,Smart TV 32” Philco LED Roku TV,TV e Projeção,2.0,949.0,0.016,2025-03-16,2025-03-16
ORD02068,2025-03-09,Cliente_030,João Lucas da Costa,Joinville,SC,Sul,P0003,Carregador Turbo USB-C 30W,Acessórios Mobile,1.0,49.9,0.0462,2025-03-12,2025-03-11
ORD02069,2025-03-09,Cliente_030,João Lucas da Costa,Joinville,SC,Sul,P0010,"Smart TV LED 32""Samsung LED Tizen TV",TV e Projeção,3.0,1079.0,0.049,2025-03-15,2025-03-12
ORD02070,,Cliente_044,Dr. Pedro Porto,Londrina,PR,Sul,P0013,"Projetor Smart Epson EpiqVision, FULL HD",TV e Projeção,2.0,3049.99,0.0313,2025-03-14,2025-03-11
ORD02071,2025-03-09,Cliente_069,Levi da Rosa,Porto Nacional,TO,Norte,P0011,"Soundbar Samsung com 2.1 canais, Dolby Digital",Áudio,2.0,1072.0,0.123,2025-03-13,2025-03-13
ORD02072,2025-03-09,Cliente_110,Rafaela Carvalho,Betim,MG,Sudeste,P0025,Webcam Logitech Full HD,Informática,2.0,329.9,0.0787,2025-03-14,2025-03-13
ORD02073,2025-03-09,Cliente_159,Dr. Igor Correia,Santa Rita,PB,Nordeste,P0016,Fone de Ouvido Profissional EDIFIER WH950NB,Áudio,1.0,899.0,0.117,2025-03-18,2025-03-18
ORD02074,2025-03-09,Cliente_167,Sophie da Cruz,Caucaia,CE,Nordeste,P0012,"Soundbar Tomate MTS-2017, Bivolt",Áudio,1.0,769.9,0.0532,2025-03-12,2025-03-12
ORD02075,2025-03-09,Cliente_208,Vitor Araújo,Betim,MG,Sudeste,P0009,Smart TV 32” Philco LED Roku TV,TV e Projeção,3.0,949.0,0.0286,2025-03-14,2025-03-14
ORD02076,2025-03-09,Cliente_218,Isabel Pereira,Vila Velha,ES,Sudeste,P0006,Fone de ouvido Sem Fio QCY T27,Áudio,4.0,129.86,0.096,2025-03-12,2025-03-17
ORD02077,2025-03-09,Cliente_227,Bruno Nascimento,Bayeux,PB,Nordeste,P0011,"Soundbar Samsung com 2.1 canais, Dolby Digital",Áudio,3.0,1072.0,0.1228,2025-03-16,2025-03-15
ORD02078,2025-03-09,Cliente_256,Daniela Fogaça,Florianópolis,SC,Sul,P0002,Samsung Galaxy Tab S6 Lite,Smartphones e Tablets,3.0,1799.01,0.1387,2025-03-12,2025-03-11
ORD02079,2025-03-09,Cliente_262,Maria Eduarda Peixoto,Sobral,CE,Nordeste,P0015,Fone de Ouvido Profissional AKG K92,Áudio,4.0,428.99,0.1081,2025-03-15,2025-03-16
ORD02080,2025-03-09,cliente_265,Gabrielly Azevedo,São Bernardo do Campo,SP,Sudeste,P0012,"Soundbar Tomate MTS-2017, Bivolt",Áudio,3.0,769.9,0.1015,2025-03-14,2025-03-14
ORD02081,2025-03-09,Cliente_326,Emanuella Porto,Ferreira Gomes,AP,Norte,P0018,"Monitor UHD Samsung 32""",Informática,1.0,1626.57,0.0294,2025-03-17,2025-03-17
ORD02082,2025-03-09,Cliente330,Rebeca Farias,Cascavel,PR,Sul,P0013,"Projetor Smart Epson EpiqVision, FULL HD",TV e Projeção,1.0,3049.99,0.0163,2025-03-13,2025-03-13
ORD02083,2025-03-09,Cliente_337,Benício Fernandes,Castanhal,PA,Norte,P0011,"Soundbar Samsung com 2.1 canais, Dolby Digital",Áudio,2.0,1072.0,0.1277,2025-03-18,2025-03-19
ORD02084,2025-03-09,Cliente_357,Amanda Araújo,Araguaína,TO,Norte,P0010,"Smart TV LED 32""Samsung LED Tizen TV",TV e Projeção,4.0,1079.0,0.0456,2025-03-17,2025-03-17
ORD02085,2025-03-09,Cliente_360,Mariane Campos,Teresina,PI,Nordeste,P0004,Carregador Turbo Tipo-C 50w ,Acessórios Mobile,4.0,53.9,0.0138,2025-03-14,2025-03-18
ORD02086,2025-03-09,Cliente_360,Mariane Campos,Teresina,PI,Nordeste,P0018,"Monitor UHD Samsung 32""",Informática,1.0,1626.57,0.1424,2025-03-13,2025-03-13
ORD02087,2025-03-09,Cliente_378,Natália Novaes,Caxias,MA,Nordeste,P0003,Carregador Turbo USB-C 30W,Acessórios Mobile,3.0,49.9,0.0481,2025-03-13,2025-03-14
ORD02088,2025-03-09,Cliente_382,Bryan Ribeiro,Cachoeiro de Itapemirim,ES,Sudeste,P0009,Smart TV 32” Philco LED Roku TV,TV e Projeção,4.0,949.0,0.0398,2025-03-14,2025-03-12
ORD02089,2025-03-09,Cliente_394,Eduardo Oliveira,Ribeirão Preto,SP,Sudeste,P0017,ACER Notebook Gamer Nitro,Informática,1.0,4604.0,0.0727,2025-03-12,2025-03-10
ORD02090,2025-03-09,Cliente_395,Luiz Henrique Castro,Betim,MG,Sudeste,P0018,"Monitor UHD Samsung 32""",Informática,1.0,1626.57,0.1446,2025-03-15,2025-03-14
ORD02091,2025-03-09,Cliente_420,Anthony Oliveira Cruz,Vitória,ES,Sudeste,P0006,Fone de ouvido Sem Fio QCY T27,Áudio,4.0,129.86,0.0211,2025-03-11,2025-03-11
ORD02092,2025-03-09,Cliente_462,Srta. Cruz,Vitória,ES,Sudeste,P0016,Fone de Ouvido Profissional EDIFIER WH950NB,Áudio,1.0,899.0,0.0142,2025-03-14,2025-03-13
ORD02093,2025-03-09,Cliente_506,Juliana Barbosa,Bacabal,MA,Nordeste,P0002,Samsung Galaxy Tab S6 Lite,Smartphones e Tablets,3.0,1799.01,0.1362,2025-03-15,2025-03-15
ORD02094,2025-03-09,Cliente_529,Vinicius Paz,Vila Velha,ES,Sudeste,P0018,"Monitor UHD Samsung 32""",Informática,1.0,1626.57,0.0494,2025-03-15,2025-03-18
ORD02095,2025-03-09,Cliente_534,Luana Moreira,Estância,SE,Nordeste,P0001,Samsung Galaxy A36,Smartphones e Tablets,1.0,1979.1,0.0439,2025-03-14,2025-03-14
ORD02096,2025-03-09,Cliente_545,Felipe Cardoso,Florianópolis,SC,Sul,P0001,Samsung Galaxy A36,Smartphones e Tablets,2.0,1979.1,0.0274,2025-03-14,2025-03-12
ORD02097,2025-03-09,Cliente_546,Nicole Costa,Caracaraí,RR,Norte,P0025,Webcam Logitech Full HD,Informática,3.0,329.9,0.0433,2025-03-11,2025-03-11
ORD02098,2025-03-10,Cliente_006,Miguel Cardoso,Juazeiro,BA,Nordeste,P0012,"Soundbar Tomate MTS-2017, Bivolt",Áudio,2.0,769.9,0.0432,2025-03-14,2025-03-13
ORD02099,2025-03-10,Cliente_014,Pedro Lucas Melo,Brasiléia,AC,Norte,P0015,Fone de Ouvido Profissional AKG K92,Áudio,1.0,428.99,0.0415,2025-03-16,2025-03-21
ORD02100,2025-03-10,Cliente_019,Gabriela da Paz,Uberlândia,MG,Sudeste,P0017,ACER Notebook Gamer Nitro,Informática,1.0,4604.0,0.1393,2025-03-16,2025-03-18
ORD02101,2025-03-10,Cliente_058,Sr. Nathan Peixoto,Itacoatiara,AM,Norte,P0011,"Soundbar Samsung com 2.1 canais, Dolby Digital",Áudio,2.0,1072.0,0.0326,2025-03-14,2025-03-18
ORD02102,2025-03-10,Cliente_058,Sr. Nathan Peixoto,Itacoatiara,AM,Norte,P0019,Mouse Redragon Wireless,Informática,3.0,165.99,0.35,2025-03-17,2025-03-16
ORD02103,2025-03-10,Cliente_066,Antônio Moraes,Cascavel,PR,Sul,P0004,Carregador Turbo Tipo-C 50w,Acessórios Mobile,4.0,53.9,0.1366,2025-03-14,2025-03-13
ORD02104,2025-03-10,Cliente_090,Caio Novaes,Blumenau,SC,Sul,P0019,Mouse Redragon Wireless,Informática,2.0,165.99,0.0696,2025-03-12,2025-03-12
ORD02105,2025-03-10,Cliente_117,Dra. Maysa Fogaça,Propriá,SE,Nordeste,P0001,Samsung Galaxy A36,Smartphones e Tablets,3.0,1979.1,0.1228,2025-03-14,2025-03-12
ORD02106,2025-03-10,Cliente_139,Sr. Daniel Pinto,Nova Iguaçu,RJ,Sudeste,P0011,"Soundbar Samsung com 2.1 canais, Dolby Digital",Áudio,3.0,1072.0,0.1079,2025-03-16,2025-03-16
ORD02107,2025-03-10,Cliente-142,João Lucas da Mata,Blumenau,SC,Sul,P0001,Samsung Galaxy A36,Smartphones e Tablets,4.0,1979.1,0.0361,2025-03-14,2025-03-14
ORD02108,2025-03-10,Cliente_157,Stella Barbosa,Cachoeiro de Itapemirim,ES,Sudeste,P0020,Teclado Mecanico Fizz,Informática,3.0,174.9,0.1432,2025-03-14,2025-03-14
ORD02109,2025-03-10,Cliente_169,Pedro Henrique Monteiro,Ji-Paraná,RO,Norte,P0016,Fone de Ouvido Profissional EDIFIER WH950NB,Áudio,4.0,899.0,0.1488,2025-03-18,2025-03-17
ORD02110,2025-03-10,Cliente_175,Srta. Gabriela Caldeira,Rio Branco,AC,Norte,P0020,Teclado Mecanico Fizz,Informática,4.0,174.9,0.0288,2025-03-18,2025-03-18
ORD02111,2025-03-10,Cliente_184,Sarah da Costa,Teresina,PI,Nordeste,P0010,"Smart TV LED 32""Samsung LED Tizen TV",TV e Projeção,1.0,1079.0,0.1165,2025-03-20,2025-03-19
ORD02112,2025-03-10,Cliente_216,Yasmin Costela,Pelotas,RS,Sul,P0006,Fone de ouvido Sem Fio QCY T27,Áudio,2.0,129.86,0.0084,2025-03-18,2025-03-17
ORD02113,2025-03-10,Cliente_218,Isabel Pereira,Vila Velha,ES,Sudeste,P0005,"Fone de Ouvido Sem Fio TWS, PHILIPS",Áudio,4.0,124.91,0.0857,2025-03-16,2025-03-18
ORD02114,2025-03-10,Cliente_219,Natália da Luz,Cascavel,PR,Sul,P0019,Mouse Redragon Wireless,Informática,4.0,165.99,0.2578,2025-03-13,2025-03-11
ORD02115,2025-03-10,Cliente_223,Felipe da Cunha,Tarauacá,AC,Norte,P0013,"Projetor Smart Epson EpiqVision, FULL HD",TV e Projeção,4.0,3049.99,0.1491,2025-03-17,2025-03-16
ORD02116,2025-03-10,Cliente_252,Sr. Isaac Melo,Itajaí,SC,Sul,P0020,Teclado Mecanico Fizz,Informática,3.0,174.9,0.0107,2025-03-15,2025-03-12
ORD02117,2025-03-10,Cliente_255,Anthony Pires,Caxias do Sul,RS,Sul,P0005,"Fone de Ouvido Sem Fio TWS, PHILIPS",Áudio,4.0,124.91,0.0897,2025-03-15,2025-03-13
ORD02118,2025-03-10,Cliente_285,Maria Vitória Jesus,Vitória da Conquista,BA,Nordeste,P0005,"Fone de Ouvido Sem Fio TWS, PHILIPS",Áudio,4.0,124.91,0.0328,2025-03-16,2025-03-16
ORD02119,2025-03-10,Cliente_302,Emilly Farias,Ribeirão Preto,SP,Sudeste,P0010,"Smart TV LED 32""Samsung LED Tizen TV",TV e Projeção,4.0,1079.0,0.0725,2025-03-14,2025-03-13
ORD02120,2025-03-10,Cliente_312!!,Juan Araújo,Bacabal,MA,Nordeste,P0014,Projetor EPSON Powerlite Wide Screen,TV e Projeção,3.0,2742.13,0.1308,2025-03-20,2025-03-18
ORD02121,2025-03-10,Cliente_312,Juan Araújo,Bacabal,MA,Nordeste,P0019,Mouse Redragon Wireless,Informática,3.0,165.99,0.024,2025-03-14,2025-03-13
ORD02122,2025-03-10,Cliente_327,Sra. Maria Eduarda Cardoso,Vila Velha,ES,Sudeste,P0020,Teclado Mecanico Fizz,Informática,2.0,174.9,0.0013,2025-03-17,2025-03-16
ORD02123,2025-03-10,Cliente_330,Rebeca Farias,Cascavel,PR,Sul,P0017,ACER Notebook Gamer Nitro,Informática,1.0,4604.0,0.1108,2025-03-16,2025-03-15
ORD02124,2025-03-10,Cliente_337,Benício Fernandes,Castanhal,PA,Norte,P0013,"Projetor Smart Epson EpiqVision, FULL HD",TV e Projeção,3.0,3049.99,0.0313,2025-03-13,2025-03-11
ORD02125,2025-03-10,Cliente_354,Pedro Miguel Mendes,Macapá,AP,Norte,P0003,Carregador Turbo USB-C 30W,Acessórios Mobile,3.0,49.9,0.0427,2025-03-19,2025-03-18
ORD02126,2025-03-10, Cliente_371 ,Ana Luiza Nunes,Joinville,SC,Sul,P0014,Projetor EPSON Powerlite Wide Screen,TV e Projeção,2.0,2742.13,0.1291,2025-03-14,2025-03-12
ORD02127,2025-03-10,Cliente_391,Sr. Nathan Farias,Rio de Janeiro,RJ,Sudeste,P0016,Fone de Ouvido Profissional EDIFIER WH950NB,Áudio,3.0,899.0,0.0467,2025-03-12,2025-03-11
ORD02128,2025-03-10,Cliente_402,Catarina Gonçalves,Niterói,RJ,Sudeste,P0005,"Fone de Ouvido Sem Fio TWS, PHILIPS",Áudio,,124.91,0.1224,2025-03-13,2025-03-13
ORD02129,2025-03-10,Cliente_411,Stephany Almeida,Santo André,SP,Sudeste,P0017,ACER Notebook Gamer Nitro,Informática,4.0,4604.0,0.0054,2025-03-12,2025-03-19
ORD02130,2025-03-10,Cliente_448,Francisco Pires,Serra,ES,Sudeste,P0008,Película de Vidro 3D Galaxy A30s,Acessórios Mobile,4.0,,0.1554,2025-03-17,2025-03-15
ORD02131,2025-03-11,Cliente_008,Thales Pereira,Cascavel,PR,Sul,P0013,"Projetor Smart Epson EpiqVision, FULL HD",TV e Projeção,2.0,3049.99,0.0191,2025-03-17,2025-03-16
ORD02132,2025-03-11,Cliente_008,Thales Pereira,Cascavel,PR,Sul,P0016,Fone de Ouvido Profissional EDIFIER WH950NB,Áudio,2.0,899.0,0.048,2025-03-18,2025-03-17
ORD02133,2025-03-11,Cliente_012,Dr. Arthur da Cunha,Caracaraí,RR,Norte,P0004,Carregador Turbo Tipo-C 50w,Acessórios Mobile,4.0,53.9,0.0208,2025-03-15,2025-03-14
ORD02134,2025-03-11,Cliente_013,Luiza Silva,Natal,RN,Nordeste,P0001,Samsung Galaxy A36,Smartphones e Tablets,2.0,1979.1,0.1065,2025-03-20,2025-03-18
ORD02135,2025-03-11,Cliente_077,Stella Pires,Juazeiro do Norte,CE,Nordeste,P0010,"Smart TV LED 32""Samsung LED Tizen TV",TV e Projeção,3.0,1079.0,0.0578,2025-03-19,2025-03-17
ORD02136,2025-03-11,cliente_084,Natália Souza,Porto Alegre,RS,Sul,P0002,Samsung Galaxy Tab S6 Lite,Smartphones e Tablets,2.0,1799.01,0.1077,2025-03-14,2025-03-13
ORD02137,2025-03-11,Cliente_096,Dr. Luiz Henrique Pereira,Contagem,MG,Sudeste,P0006,Fone de ouvido Sem Fio QCY T27,Áudio,1.0,129.86,0.1314,2025-03-13,2025-03-13
ORD02138,2025-03-11,Cliente_106,Nicolas Costela,Contagem,MG,Sudeste,P0012,"Soundbar Tomate MTS-2017, Bivolt",Áudio,1.0,769.9,0.0744,2025-03-18,2025-03-22
ORD02139,2025-03-11,Cliente_112,Maria Luiza das Neves,Linhares,ES,Sudeste,P0020,Teclado Mecanico Fizz,Informática,4.0,174.9,0.0433,2025-03-15,2025-03-15
ORD02140,2025-03-11,Cliente_128,Kamilly Correia,Curitiba,PR,Sul,P0017,ACER Notebook Gamer Nitro,Informática,2.0,4604.0,0.1236,2025-03-15,2025-03-17
ORD02141,2025-03-11,Cliente_141,Dr. Thiago da Mota,Santa Maria,RS,Sul,P0004, Carregador Turbo Tipo-C 50w,Acessórios Mobile,3.0,53.9,0.017,2025-03-15,2025-03-14
ORD02142,2025-03-11,Cliente_163,Thiago Rodrigues,São Luís,MA,Nordeste,P0004,Carregador Turbo Tipo-C 50w,Acessórios Mobile,2.0,53.9,0.0679,2025-03-15,2025-03-15
ORD02143,2025-03-11,Cliente_166,Pietro Jesus,Porto Velho,RO,Norte,P0003,Carregador Turbo USB-C 30W,Acessórios Mobile,3.0,49.9,0.1116,2025-03-15,2025-03-14
ORD02144,2025-03-11,Cliente_170,Nicolas Vieira,Patos,PB,Nordeste,P0008,Película de Vidro 3D Galaxy A30s,Acessórios Mobile,3.0,17.9,0.0509,2025-03-18,2025-03-20
ORD02145,2025-03-11,Cliente_191,Juliana Pereira,Ribeirão Preto,SP,Sudeste,P0011,"Soundbar Samsung com 2.1 canais, Dolby Digital",Áudio,3.0,1072.0,0.0635,2025-03-15,2025-03-12
ORD02146,2025-03-11,Cliente_210,Sarah Correia,Manacapuru,AM,Norte,P0002,Samsung Galaxy Tab S6 Lite,Smartphones e Tablets,2.0,1799.01,0.0472,2025-03-13,2025-03-13
ORD02147,2025-03-11,Cliente_223,Felipe da Cunha,Tarauacá,AC,Norte,P0017,ACER Notebook Gamer Nitro,Informática,3.0,4604.0,0.0503,2025-03-17,2025-03-17
ORD02148,2025-03-11,Cliente_240,Esther Monteiro,Fortaleza,CE,Nordeste,P0010,"Smart TV LED 32""Samsung LED Tizen TV",TV e Projeção,3.0,1079.0,0.0342,2025-03-19,2025-03-17
ORD02149,2025-03-11,Cliente_256,Daniela Fogaça,Florianópolis,SC,Sul,P0009,Smart TV 32” Philco LED Roku TV,TV e Projeção,3.0,949.0,0.1195,2025-03-15,2025-03-13
ORD02150,2025-03-11,Cliente_256,Daniela Fogaça,Florianópolis,SC,Sul,P0016,Fone de Ouvido Profissional EDIFIER WH950NB,Áudio,4.0,899.0,0.0218,2025-03-14,2025-03-13
ORD02151,2025-03-11,Cliente_258,Pedro Lucas Pires,Blumenau,SC,Sul,P0002,Samsung Galaxy Tab S6 Lite,Smartphones e Tablets,2.0,1799.01,0.0658,2025-03-17,2025-03-18
ORD02152,2025-03-11,Cliente_268,Pietra Pires,Parnamirim,RN,Nordeste,P0025,Webcam Logitech Full HD,Informática,1.0,329.9,0.0629,2025-03-16,2025-03-16
ORD02153,,Cliente_279,Sofia Santos,Chapecó,SC,Sul,P0016,Fone de Ouvido Profissional EDIFIER WH950NB,Áudio,3.0,899.0,0.1397,2025-03-17,2025-03-19
ORD02154,2025-03-11,Cliente_300,Dra. Maria Sophia Nogueira,Chapecó,SC,Sul,P0003,Carregador Turbo USB-C 30W,Acessórios Mobile,1.0,49.9,0.0329,2025-03-17,2025-03-15
ORD02155,2025-03-11,Cliente_302,Emilly Farias,Ribeirão Preto,SP,Sudeste,P0025,Webcam Logitech Full HD,Informática,1.0,329.9,0.0822,2025-03-14,2025-03-14
ORD02156,2025-03-11,Cliente_346,Enzo Teixeira,Pelotas,RS,Sul,P0011,"Soundbar Samsung com 2.1 canais, Dolby Digital",Áudio,3.0,1072.0,0.0108,2025-03-14,2025-03-18
ORD02157,2025-03-11,Cliente_359,Maria Eduarda Silveira,Vila Velha,ES,Sudeste,P0006,Fone de ouvido Sem Fio QCY T27,Áudio,4.0,129.86,0.112,2025-03-19,2025-03-19
ORD02158,2025-03-11,Cliente_360,Mariane Campos,Teresina,PI,Nordeste,P0017,ACER Notebook Gamer Nitro,Informática,2.0,4604.0,0.0519,2025-03-15,2025-03-14
ORD02159,2025-03-11,Cliente_360,Mariane Campos,Teresina,PI,Nordeste,P0024,Memória Kingston Fury 16GB DDR5,Informática,1.0,389.9,0.0522,2025-03-17,2025-03-16
ORD02160,2025-03-11,Cliente_377,Lucas Castro,Rio Branco,AC,Norte,P0019,Mouse Redragon Wireless,Informática,3.0,165.99,0.1365,2025-03-16,2025-03-16
ORD02161,2025-03-11,Cliente_381,Fernanda Rocha,Ribeirão Preto,SP,Sudeste,P0005,"Fone de Ouvido Sem Fio TWS, PHILIPS",Áudio,1.0,124.91,0.0267,2025-03-17,2025-03-16
ORD02162,2025-03-11,Cliente_382,Bryan Ribeiro,Cachoeiro de Itapemirim,ES,Sudeste,P0015,Fone de Ouvido Profissional AKG K92,Áudio,2.0,428.99,0.0454,2025-03-15,2025-03-17
ORD02163,2025-03-11,Cliente_407,Daniel da Luz,Londrina,PR,Sul,P0009,Smart TV 32” Philco LED Roku TV,TV e Projeção,2.0,949.0,0.0349,2025-03-14,2025-03-13
ORD02164,2025-03-11,Cliente_417,Francisco Nogueira,Ribeirão Preto,SP,Sudeste,P0006,Fone de ouvido Sem Fio QCY T27,Áudio,1.0,129.86,0.0844,2025-03-13,2025-03-12
ORD02165,2025-03-12,Cliente_001,Evelyn da Luz,Cacoal,RO,Norte,P0003,Carregador Turbo USB-C 30W,Acessórios Mobile,4.0,49.9,0.0352,2025-03-18,2025-03-15
ORD02166,2025-03-12,Cliente_003,Giovanna Aragão,Belém,PA,Norte,P0016,Fone de Ouvido Profissional EDIFIER WH950NB,Áudio,3.0,899.0,0.0184,2025-03-19,2025-03-16
ORD02167,2025-03-12,Cliente_005,Srta. Clara Moraes,Itajaí,SC,Sul,P0018,"Monitor UHD Samsung 32""",Informática,3.0,1626.57,0.0248,2025-03-14,2025-03-13
ORD02168,2025-03-12,Cliente_007,Helena Souza,Feira de Santana,BA,Nordeste,P0021,SSD Crucial 1TB NVMe M.2,Informática,4.0,449.0,0.0386,2025-03-20,2025-03-20
ORD02169,2025-03-12,Cliente_009,Sofia Sales,Ponta Grossa,PR,Sul,P0002,Samsung Galaxy Tab S6 Lite,Smartphones e Tablets,2.0,1799.01,0.1005,2025-03-14,2025-03-14
ORD02170,2025-03-12,Cliente_048,Sr. Gustavo Henrique Peixoto,Gravataí,RS,Sul,P0007,Película para iPhone 14Pro Anti impacto,Acessórios Mobile,4.0,51.8,0.0304,2025-03-18,2025-03-21
ORD02171,2025-03-12,Cliente_052,Ana Beatriz Freitas,Ponta Grossa,PR,Sul,P0011,"Soundbar Samsung com 2.1 canais, Dolby Digital",Áudio,1.0,1072.0,0.0168,2025-03-15,2025-03-15
ORD02172,2025-03-12,Cliente_066,Antônio Moraes,Cascavel,PR,Sul,P0014,Projetor EPSON Powerlite Wide Screen,TV e Projeção,3.0,,0.0719,2025-03-16,2025-03-17
ORD02173,2025-03-12,Cliente_073,Evelyn Castro,Juazeiro,BA,Nordeste,P0002,Samsung Galaxy Tab S6 Lite,Smartphones e Tablets,1.0,1799.01,0.0243,2025-03-15,2025-03-18
ORD02174,2025-03-12,Cliente_100,Beatriz Costa,Bom Jesus,PI,Nordeste,P0005,"Fone de Ouvido Sem Fio TWS, PHILIPS ",Áudio,3.0,124.91,0.0295,2025-03-18,2025-03-22
ORD02175,2025-03-12,Cliente_103,Emanuel Aragão,Manaus,AM,Norte,P0012,"Soundbar Tomate MTS-2017, Bivolt",Áudio,4.0,769.9,0.0434,2025-03-19,2025-03-16
ORD02176,2025-03-12,cliente#136,João Guilherme Rocha,Bom Jesus,PI,Nordeste,P0007,Película para iPhone 14Pro Anti impacto,Acessórios Mobile,4.0,51.8,0.129,2025-03-17,2025-03-17
ORD02177,2025-03-12,Cliente_165,Maria Fernanda Teixeira,Duque de Caxias,RJ,Sudeste,P0018,"Monitor UHD Samsung 32""",Informática,1.0,1626.57,0.0884,2025-03-17,2025-03-15
ORD02178,2025-03-12,Cliente_193,Bryan Carvalho,Araguaína,TO,Norte,P0007,Película para iPhone 14Pro Anti impacto,Acessórios Mobile,2.0,51.8,0.0424,2025-03-16,2025-03-15
ORD02179,2025-03-12,Cliente_202,Nicolas Viana,Niterói,RJ,Sudeste,P0008,Película de Vidro 3D Galaxy A30s,Acessórios Mobile,2.0,17.9,0.141,2025-03-16,2025-03-14
ORD02180,2025-03-12,Cliente_202,Nicolas Viana,Niterói,RJ,Sudeste,P0026,Cabo USB-C Trançado 2m,Acessórios Mobile,4.0,34.9,0.0347,2025-03-15,2025-03-18
ORD02181,2025-03-12,Cliente_219,Natália da Luz,Cascavel,PR,Sul,P0008,Película de Vidro 3D Galaxy A30s,Acessórios Mobile,2.0,17.9,0.0922,2025-03-15,2025-03-16
ORD02182,2025-03-12,Cliente_230,Maria Nogueira,Bayeux,PB,Nordeste,P0013,"Projetor Smart Epson EpiqVision, FULL HD",TV e Projeção,2.0,3049.99,0.1231,2025-03-20,2025-03-23
ORD02183,2025-03-12,Cliente_243,Laura da Cunha,Maringá,PR,Sul,P0003,Carregador Turbo USB-C 30W,Acessórios Mobile,3.0,49.9,0.0566,2025-03-15,2025-03-14
ORD02184,2025-03-12,Cliente_247,João Moraes,Campinas,SP,Sudeste,P0009,Smart TV 32” Philco LED Roku TV,TV e Projeção,2.0,949.0,0.0424,2025-03-16,2025-03-17
ORD02185,2025-03-12,Cliente_248,Dr. João Guilherme da Rosa,Duque de Caxias,RJ,Sudeste,P0020,Teclado Mecanico Fizz,Informática,4.0,174.9,0.1443,2025-03-17,2025-03-14
ORD02186,2025-03-12,Cliente_257,Dr. Matheus Castro,Camaçari,BA,Nordeste,P0008,Película de Vidro 3D Galaxy A30s,Acessórios Mobile,2.0,17.9,0.1386,2025-03-18,2025-03-16
ORD02187,2025-03-12,Cliente_264,Sr. Noah da Paz,Itacoatiara,AM,Norte,P0020,Teclado Mecanico Fizz,Informática,2.0,174.9,0.0251,2025-03-19,2025-03-17
ORD02188,2025-03-12,Cliente_266,Caroline Carvalho,Cruzeiro do Sul,AC,Norte,P0002,Samsung Galaxy Tab S6 Lite,Smartphones e Tablets,4.0,1799.01,0.1418,2025-03-16,2025-03-14
ORD02189,2025-03-12,Cliente_266,Caroline Carvalho,Cruzeiro do Sul,AC,Norte,P0020,Teclado Mecanico Fizz,Informática,3.0,174.9,0.0177,2025-03-17,2025-03-17
ORD02190,2025-03-12,Cliente_271,Rebeca Pires,Bom Jesus,PI,Nordeste,P0009,Smart TV 32” Philco LED Roku TV,TV e Projeção,1.0,949.0,0.0141,2025-03-18,2025-03-18
ORD02191,2025-03-12,Cliente_285,Maria Vitória Jesus,Vitória da Conquista,BA,Nordeste,P0011,"Soundbar Samsung com 2.1 canais, Dolby Digital",Áudio,2.0,1072.0,0.0521,2025-03-14,2025-03-15
ORD02192,2025-03-12,Cliente_313,Noah Rodrigues,Ji-Paraná,RO,Norte,P0027,Caixa de Som Bluetooth JBL,Áudio,2.0,549.9,0.0685,2025-03-19,2025-03-18
ORD02193,2025-03-12,Cliente_316,Pedro Miguel Caldeira,Caxias do Sul,RS,Sul,P0009,Smart TV 32” Philco LED Roku TV,TV e Projeção,3.0,949.0,0.0435,2025-03-17,2025-03-15
ORD02194,2025-03-12,Cliente_323,Dr. João Pedro Carvalho,Boa Vista,RR,Norte,P0020,Teclado Mecanico Fizz,Informática,4.0,,0.0755,2025-03-16,2025-03-14
ORD02195,2025-03-12,Cliente_325,Fernanda da Costa,Joinville,SC,Sul,P0013,"Projetor Smart Epson EpiqVision, FULL HD",TV e Projeção,1.0,3049.99,0.1043,2025-03-16,2025-03-16
ORD02196,2025-03-12,Cliente_337,Benício Fernandes,Castanhal,PA,Norte,P0013,"Projetor Smart Epson EpiqVision, FULL HD",TV e Projeção,1.0,3049.99,0.084,2025-03-17,2025-03-16
ORD02197,2025-03-12,Cliente_340,Bruno Cardoso,Gravataí,RS,Sul,P0010,"Smart TV LED 32""Samsung LED Tizen TV",TV e Projeção,3.0,1079.0,0.0615,2025-03-16,2025-03-13
ORD02198,2025-03-12,Cliente_360,Mariane Campos,Teresina,PI,Nordeste,P0009,Smart TV 32” Philco LED Roku TV,TV e Projeção,1.0,949.0,0.1295,2025-03-20,2025-03-19
ORD02199,2025-03-12,Cliente_367,Dr. Benício Cunha,Santana,AP,Norte,P0017,ACER Notebook Gamer Nitro,Informática,1.0,4604.0,0.0405,2025-03-17,2025-03-16
ORD02200,2025-03-12,Cliente_384,Brenda Monteiro,Santana,AP,Norte,P0016,Fone de Ouvido Profissional EDIFIER WH950NB,Áudio,1.0,899.0,0.1011,2025-03-17,2025-03-17
ORD02201,2025-03-12,Cliente_386,Diego Cavalcanti,Mucajaí,RR,Norte,P0008,Película de Vidro 3D Galaxy A30s,Acessórios Mobile,4.0,17.9,0.232,2025-03-18,2025-03-18
ORD02202,2025-03-12,Cliente_394,Eduardo Oliveira,Ribeirão Preto,SP,Sudeste,P0002,Samsung Galaxy Tab S6 Lite,Smartphones e Tablets,2.0,1799.01,0.0073,2025-03-14,2025-03-14
ORD02203,2025-03-12,Cliente_401,Luna Almeida,Juiz de Fora,MG,Sudeste,P0009,Smart TV 32” Philco LED Roku TV,TV e Projeção,1.0,949.0,0.0239,2025-03-17,2025-03-17
ORD02204,2025-03-12,Cliente_408,Maria Julia Duarte,Marabá,PA,Norte,P0002,Samsung Galaxy Tab S6 Lite,Smartphones e Tablets,3.0,1799.01,0.0957,2025-03-20,2025-03-22
ORD02205,2025-03-12,Cliente_413,Raul Rezende,Sobral,CE,Nordeste,P0005,"Fone de Ouvido Sem Fio TWS, PHILIPS",Áudio,3.0,124.91,0.1265,2025-03-21,2025-03-20
ORD02206,2025-03-12,Cliente_433,Clarice Vieira,Uberlândia,MG,Sudeste,P0001,Samsung Galaxy A36,Smartphones e Tablets,2.0,1979.1,0.0291,2025-03-16,2025-03-14
ORD02207,2025-03-12,Cliente_483,Melissa Gomes,Blumenau,SC,Sul,P0024,Memória Kingston Fury 16GB DDR5,Informática,2.0,389.9,0.0695,2025-03-18,2025-03-26
ORD02208,2025-03-12,Cliente_521,Lívia Ferreira,Gravataí,RS,Sul,P0013,"Projetor Smart Epson EpiqVision, FULL HD",TV e Projeção,2.0,3049.99,0.0601,2025-03-17,2025-03-20
ORD02209,2025-03-13,Cliente_005,Srta. Clara Moraes,Itajaí,SC,Sul,P0001,Samsung Galaxy A36,Smartphones e Tablets,3.0,1979.1,0.0428,2025-03-15,2025-03-14
ORD02210,2025-03-13,Cliente_007,Helena Souza,Feira de Santana,BA,Nordeste,P0011,"Soundbar Samsung com 2.1 canais, Dolby Digital",Áudio,2.0,1072.0,0.0699,2025-03-19,2025-03-18
ORD02211,2025-03-13,Cliente_008,Thales Pereira,Cascavel,PR,Sul,P0015,Fone de Ouvido Profissional AKG K92,Áudio,3.0,428.99,0.1498,2025-03-19,2025-03-18
ORD02212,2025-03-13,Cliente_011,Julia Ribeiro,Santa Maria,RS,Sul,P0008,Película de Vidro 3D Galaxy A30s,Acessórios Mobile,2.0,17.9,0.1874,2025-03-15,2025-03-19
ORD02213,2025-03-13,Cliente_019,Gabriela da Paz,Uberlândia,MG,Sudeste,P0002,Samsung Galaxy Tab S6 Lite,Smartphones e Tablets,3.0,1799.01,0.0968,2025-03-20,2025-03-19
ORD02214,2025-03-13,Cliente_025,Matheus Novaes,Joinville,SC,Sul,P0007,Película para iPhone 14Pro Anti impacto,Acessórios Mobile,4.0,51.8,0.1328,2025-03-15,2025-03-14
ORD02215,2025-03-13,Cliente_047,Maria Julia Nascimento,Duque de Caxias,RJ,Sudeste,P0009,Smart TV 32” Philco LED Roku TV,TV e Projeção,3.0,949.0,0.0587,2025-03-17,2025-03-19
ORD02216,2025-03-13,Cliente_069,Levi da Rosa,Porto Nacional,TO,Norte,P0007,Película para iPhone 14Pro Anti impacto,Acessórios Mobile,2.0,51.8,0.1115,2025-03-23,2025-03-21
ORD02217,2025-03-13,Cliente_091,Dra. Esther Silva,Belém,PA,Norte,P0011,"Soundbar Samsung com 2.1 canais, Dolby Digital",Áudio,4.0,1072.0,0.0844,2025-03-19,2025-03-24
ORD02218,2025-03-13,Cliente_098,Thales Castro,Caxias do Sul,RS,Sul,P0003,Carregador Turbo USB-C 30W,Acessórios Mobile,2.0,49.9,0.0882,2025-03-15,2025-03-18
ORD02219,2025-03-13,Cliente_099,Srta. Maria Luiza Rocha,Blumenau,SC,Sul,P0021,SSD Crucial 1TB NVMe M.2,Informática,2.0,449.0,0.1145,2025-03-15,2025-03-15
ORD02220,2025-03-13,Cliente_112,Maria Luiza das Neves,Linhares,ES,Sudeste,P0015,Fone de Ouvido Profissional AKG K92,Áudio,4.0,428.99,0.1252,2025-03-17,2025-03-17
ORD02221,2025-03-13,Cliente_112,Maria Luiza das Neves,Linhares,ES,Sudeste,P0017,ACER Notebook Gamer Nitro,Informática,1.0,4604.0,0.0769,2025-03-16,2025-03-14
ORD02222,2025-03-13,Cliente_143,Cecília Barros,Londrina,PR,Sul,P0008,Película de Vidro 3D Galaxy A30s,Acessórios Mobile,2.0,17.9,0.193,2025-03-18,2025-03-17
ORD02223,2025-03-13,Cliente_154,Juan Duarte,São Paulo,SP,Sudeste,P0011,"Soundbar Samsung com 2.1 canais, Dolby Digital",Áudio,2.0,1072.0,0.0615,2025-03-15,2025-03-16
ORD02224,2025-03-13,Cliente_156,Lívia da Rocha,Cacoal,RO,Norte,P0021,SSD Crucial 1TB NVMe M.2,Informática,4.0,449.0,0.07,2025-03-19,2025-03-19
ORD02225,2025-03-13,Cliente_171,Vitor Gabriel Fernandes,Ferreira Gomes,AP,Norte,P0012,"Soundbar Tomate MTS-2017, Bivolt",Áudio,1.0,769.9,0.0594,2025-03-19,2025-03-19
ORD02226,2025-03-13,Cliente_177,Dra. Heloísa da Paz,São Paulo,SP,Sudeste,P0017,ACER Notebook Gamer Nitro,Informática,4.0,4604.0,0.0554,2025-03-15,2025-03-17
ORD02227,2025-03-13,Cliente_184,Sarah da Costa,Teresina,PI,Nordeste,P0002,Samsung Galaxy Tab S6 Lite,Smartphones e Tablets,2.0,1799.01,0.0739,2025-03-21,2025-03-20
ORD02228,2025-03-13,Cliente_193,Bryan Carvalho,Araguaína,TO,Norte,P0023,Tablet Lenovo Tab M11,Smartphones e Tablets,3.0,1399.9,0.07,2025-03-18,2025-03-18
ORD02229,2025-03-13,Cliente_195,Maria Luiza da Conceição,Belém,PA,Norte,P0005,"Fone de Ouvido Sem Fio TWS, PHILIPS",Áudio,1.0,124.91,0.0472,2025-03-23,2025-03-21
ORD02230,2025-03-13,Cliente_225,Enzo Gabriel Ramos,Caxias,MA,Nordeste,P0019,Mouse Redragon Wireless,Informática,1.0,165.99,0.0925,2025-03-19,2025-03-16
ORD02231,2025-03-13,Cliente_244,Maria Vitória Martins,Rio de Janeiro,RJ,Sudeste,P0003,Carregador Turbo USB-C 30W,Acessórios Mobile,2.0,49.9,0.0327,2025-03-18,2025-03-18
ORD02232,2025-03-13,Cliente_250,Raul Carvalho,Santana,AP,Norte,P0007,Película para iPhone 14Pro Anti impacto,Acessórios Mobile,4.0,51.8,0.0921,2025-03-23,2025-03-22
ORD02233,2025-03-13,Cliente_293,Luiza Teixeira,Santo André,SP,Sudeste,P0003,Carregador Turbo USB-C 30W,Acessórios Mobile,1.0,49.9,0.1392,2025-03-17,2025-03-16
ORD02234,2025-03-13,Cliente_302,Emilly Farias,Ribeirão Preto,SP,Sudeste,P0004,Carregador Turbo Tipo-C 50w,Acessórios Mobile,3.0,53.9,0.0303,2025-03-16,2025-03-15
ORD02235,2025-03-13,Cliente_307,Caroline Silveira,Ji-Paraná,RO,Norte,P0001,Samsung Galaxy A36,Smartphones e Tablets,4.0,1979.1,0.1415,2025-03-18,2025-03-18
ORD02236,2025-03-13,Cliente_319,Catarina Silva,Tarauacá,AC,Norte,P0012,"Soundbar Tomate MTS-2017, Bivolt",Áudio,3.0,769.9,0.0534,2025-03-19,2025-03-18
ORD02237,2025-03-13,Cliente_337,Benício Fernandes,Castanhal,PA,Norte,P0024,Memória Kingston Fury 16GB DDR5,Informática,1.0,389.9,0.0759,2025-03-19,2025-03-18
ORD02238,2025-03-13,Cliente_338,Dra. Lavínia da Rosa,Curitiba,PR,Sul,P0005,"Fone de Ouvido Sem Fio TWS, PHILIPS",Áudio,3.0,124.91,0.0335,2025-03-19,2025-03-19
ORD02239,2025-03-13,Cliente_340,Bruno Cardoso,Gravataí,RS,Sul,P0018,"Monitor UHD Samsung 32""",Informática,1.0,1626.57,0.0721,2025-03-16,2025-03-16
ORD02240,2025-03-13,Cliente_344,Davi da Rocha,Duque de Caxias,RJ,Sudeste,P0002,Samsung Galaxy Tab S6 Lite,Smartphones e Tablets,1.0,1799.01,0.0687,2025-03-17,2025-03-20
ORD02241,2025-03-13,Cliente_358,Paulo Farias,Ji-Paraná,RO,Norte,P0007,Película para iPhone 14Pro Anti impacto,Acessórios Mobile,4.0,51.8,0.0799,2025-03-19,2025-03-18
ORD02242,2025-03-13,Cliente_381,Fernanda Rocha,Ribeirão Preto,SP,Sudeste,P0005,"Fone de Ouvido Sem Fio TWS, PHILIPS",Áudio,3.0,124.91,0.0321,2025-03-17,2025-03-17
ORD02243,2025-03-13, Cliente_394 ,Eduardo Oliveira,Ribeirão Preto,SP,Sudeste,P0001,Samsung Galaxy A36,Smartphones e Tablets,,1979.1,0.0609,2025-03-20,2025-03-20
ORD02244,2025-03-13,Cliente_407,Daniel da Luz,Londrina,PR,Sul,P0013,"Projetor Smart Epson EpiqVision, FULL HD",TV e Projeção,1.0,3049.99,0.0041,2025-03-20,2025-03-21
ORD02245,2025-03-13,Cliente_464,Esther Nunes Ribeiro,Florianópolis,SC,Sul,P0011,"Soundbar Samsung com 2.1 canais, Dolby Digital",Áudio,3.0,1072.0,0.015,2025-03-16,2025-03-16
ORD02246,2025-03-13,Cliente_537,Rodrigo Barbosa Fogaça,Rio de Janeiro,RJ,Sudeste,P0018,"Monitor UHD Samsung 32""",Informática,1.0,1626.57,0.048,2025-03-20,2025-03-19
ORD02247,2025-03-14,Cliente_007,Helena Souza,Feira de Santana,BA,Nordeste,P0014,Projetor EPSON Powerlite Wide Screen,TV e Projeção,1.0,2742.13,0.0541,2025-03-19,2025-03-23
ORD02248,2025-03-14,Cliente_008,Thales Pereira,Cascavel,PR,Sul,P0023,Tablet Lenovo Tab M11,Smartphones e Tablets,1.0,1399.9,0.0369,2025-03-19,2025-03-22
ORD02249,2025-03-14,Cliente_019,Gabriela da Paz,Uberlândia,MG,Sudeste,P0009,Smart TV 32” Philco LED Roku TV,TV e Projeção,3.0,949.0,0.0563,2025-03-17,2025-03-16
ORD02250,2025-03-14,Cliente_027,Davi Lucas Gomes,Ribeirão Preto,SP,Sudeste,P0014, Projetor EPSON Powerlite Wide Screen,TV e Projeção,2.0,2742.13,0.0574,2025-03-17,2025-03-17
ORD02251,2025-03-14,Cliente_034,Clarice Barbosa,Ji-Paraná,RO,Norte,P0007,Película para iPhone 14Pro Anti impacto,Acessórios Mobile,3.0,51.8,0.104,2025-03-18,2025-03-17
ORD02252,2025-03-14,Cliente_048,Sr. Gustavo Henrique Peixoto,Gravataí,RS,Sul,P0006,Fone de ouvido Sem Fio QCY T27,Áudio,3.0,129.86,0.0421,2025-03-17,2025-03-17
ORD02253,2025-03-14,Cliente_121,Kamilly Pereira,Pelotas,RS,Sul,P0020,Teclado Mecanico Fizz,Informática,4.0,174.9,0.0213,2025-03-18,2025-03-16
ORD02254,2025-03-14,Cliente_126,Luiz Fernando da Costa,Juiz de Fora,MG,Sudeste,P0027,Caixa de Som Bluetooth JBL,Áudio,1.0,549.9,0.1227,2025-03-21,2025-03-25
ORD02255,2025-03-14,Cliente_136,João Guilherme Rocha,Bom Jesus,PI,Nordeste,P0011,"Soundbar Samsung com 2.1 canais, Dolby Digital",Áudio,4.0,1072.0,0.0128,2025-03-16,2025-03-24
ORD02256,2025-03-14,Cliente_143,Cecília Barros,Londrina,PR,Sul,P0004,Carregador Turbo Tipo-C 50w,Acessórios Mobile,2.0,53.9,0.1006,2025-03-16,2025-03-16
ORD02257,2025-03-14,Cliente_200,Ian da Mata,Boa Vista,RR,Norte,P0015,Fone de Ouvido Profissional AKG K92,Áudio,3.0,428.99,0.1492,2025-03-19,2025-03-19
ORD02258,2025-03-14,Cliente_208,Vitor Araújo,Betim,MG,Sudeste,P0004,Carregador Turbo Tipo-C 50w,Acessórios Mobile,1.0,53.9,0.016,2025-03-16,2025-03-16
ORD02259,2025-03-14,Cliente_230,Maria Nogueira,Bayeux,PB,Nordeste,P0001,Samsung Galaxy A36,Smartphones e Tablets,2.0,1979.1,0.0604,2025-03-21,2025-03-21
ORD02260,2025-03-14,Cliente_231,Maria Luiza Rezende,Maringá,PR,Sul,P0025,Webcam Logitech Full HD,Informática,3.0,329.9,0.0778,2025-03-17,2025-03-15
ORD02261,2025-03-14,Cliente234,Leonardo Oliveira,Maringá,PR,Sul,P0015,Fone de Ouvido Profissional AKG K92,Áudio,2.0,428.99,0.1346,2025-03-16,2025-03-16
ORD02262,2025-03-14,Cliente_247,João Moraes,Campinas,SP,Sudeste,P0013," Projetor Smart Epson EpiqVision, FULL HD",TV e Projeção,1.0,3049.99,0.1988,2025-03-20,2025-03-22
ORD02263,2025-03-14,Cliente_266,Caroline Carvalho,Cruzeiro do Sul,AC,Norte,P0004,Carregador Turbo Tipo-C 50w,Acessórios Mobile,4.0,53.9,0.0366,2025-03-20,2025-03-19
ORD02264,2025-03-14,Cliente_280,Daniel da Luz,Santo André,SP,Sudeste,P0014,Projetor EPSON Powerlite Wide Screen,TV e Projeção,4.0,2742.13,0.1368,2025-03-16,2025-03-15
ORD02265,2025-03-14,Cliente_290,Luiz Henrique Moraes,Laranjal do Jari,AP,Norte,P0009,Smart TV 32” Philco LED Roku TV,TV e Projeção,2.0,949.0,0.0185,2025-03-20,2025-03-21
ORD02266,2025-03-14,Cliente_300,Dra. Maria Sophia Nogueira,Chapecó,SC,Sul,P0021,SSD Crucial 1TB NVMe M.2,Informática,2.0,449.0,0.066,2025-03-20,2025-03-19
ORD02267,2025-03-14,Cliente_308,Enzo Gabriel Costa,Londrina,PR,Sul,P0011,"Soundbar Samsung com 2.1 canais, Dolby Digital",Áudio,2.0,1072.0,0.086,2025-03-20,2025-03-19
ORD02268,2025-03-14,Cliente_313,Noah Rodrigues,Ji-Paraná,RO,Norte,P0017,ACER Notebook Gamer Nitro,Informática,2.0,4604.0,0.1164,2025-03-20,2025-03-18
ORD02269,2025-03-14,Cliente_323,Dr. João Pedro Carvalho,Boa Vista,RR,Norte,P0009,Smart TV 32” Philco LED Roku TV,TV e Projeção,3.0,949.0,0.1234,2025-03-19,2025-03-22
ORD02270,2025-03-14,Cliente_337,Benício Fernandes,Castanhal,PA,Norte,P0001,Samsung Galaxy A36,Smartphones e Tablets,4.0,1979.1,0.0229,2025-03-17,2025-03-17
ORD02271,2025-03-14,Cliente_341,Alana Cardoso,Timon,MA,Nordeste,P0009,Smart TV 32” Philco LED Roku TV,TV e Projeção,4.0,949.0,0.0042,2025-03-19,2025-03-19
ORD02272,2025-03-14,Cliente_357,Amanda Araújo,Araguaína,TO,Norte,P0018,"Monitor UHD Samsung 32""",Informática,1.0,1626.57,0.083,2025-03-22,2025-03-22
ORD02273,2025-03-14,Cliente_361,Clara da Paz,Camaçari,BA,Nordeste,P0007,Película para iPhone 14Pro Anti impacto,Acessórios Mobile,1.0,51.8,0.0576,2025-03-20,2025-03-20
ORD02274,2025-03-14,Cliente_371,Ana Luiza Nunes,Joinville,SC,Sul,P0001,Samsung Galaxy A36,Smartphones e Tablets,4.0,1979.1,0.1203,2025-03-19,2025-03-18
ORD02275,2025-03-14,Cliente_394,Eduardo Oliveira,Ribeirão Preto,SP,Sudeste,P0009,Smart TV 32” Philco LED Roku TV,TV e Projeção,,949.0,0.0204,2025-03-20,2025-03-17
ORD02276,2025-03-14,Cliente_411,Stephany Almeida,Santo André,SP,Sudeste,P0010,"Smart TV LED 32""Samsung LED Tizen TV",TV e Projeção,4.0,1079.0,0.1241,2025-03-19,2025-03-18
ORD02277,2025-03-14,Cliente_472,Francisco Fogaça,Vitória,ES,Sudeste,P0012,"Soundbar Tomate MTS-2017, Bivolt",Áudio,1.0,769.9,0.0189,2025-03-17,2025-03-15
ORD02278,2025-03-14,Cliente_483,Melissa Gomes,Blumenau,SC,Sul,P0015,Fone de Ouvido Profissional AKG K92,Áudio,3.0,428.99,0.2171,2025-03-19,2025-03-19
ORD02279,2025-03-14,Cliente_483,Melissa Gomes,Blumenau,SC,Sul,P0027,Caixa de Som Bluetooth JBL,Áudio,3.0,549.9,0.1106,2025-03-17,2025-03-15
ORD02280,2025-03-15,Cliente_007,Helena Souza,Feira de Santana,BA,Nordeste,P0008,Película de Vidro 3D Galaxy A30s,Acessórios Mobile,3.0,17.9,0.0304,2025-03-19,2025-03-16
ORD02281,2025-03-15,Cliente_008,Thales Pereira,Cascavel,PR,Sul,P0002,Samsung Galaxy Tab S6 Lite,Smartphones e Tablets,3.0,1799.01,0.0679,2025-03-20,2025-03-19
ORD02282,2025-03-15,Cliente_016,Sr. Thomas Nascimento,Tarauacá,AC,Norte,P0013,"Projetor Smart Epson EpiqVision, FULL HD",TV e Projeção,3.0,3049.99,0.0781,2025-03-20,2025-03-19
ORD02283,2025-03-15,Cliente_038,Isadora da Rosa,Linhares,ES,Sudeste,P0011,"Soundbar Samsung com 2.1 canais, Dolby Digital",Áudio,1.0,1072.0,0.0867,2025-03-18,2025-03-17
ORD02284,2025-03-15,Cliente_046,Dra. Emanuella Sales,Cruzeiro do Sul,AC,Norte,P0007,Película para iPhone 14Pro Anti impacto,Acessórios Mobile,1.0,51.8,0.1025,2025-03-21,2025-03-20
ORD02285,2025-03-15,Cliente_081,Sr. Heitor da Paz,Brasiléia,AC,Norte,P0016,Fone de Ouvido Profissional EDIFIER WH950NB,Áudio,1.0,899.0,0.0125,2025-03-19,2025-03-20
ORD02286,2025-03-15,Cliente_082,Felipe Gomes,Caicó,RN,Nordeste,P0003,Carregador Turbo USB-C 30W,Acessórios Mobile,4.0,49.9,0.143,2025-03-20,2025-03-22
ORD02287,2025-03-15,Cliente_090,Caio Novaes,Blumenau,SC,Sul,P0016,Fone de Ouvido Profissional EDIFIER WH950NB,Áudio,4.0,899.0,0.0331,2025-03-19,2025-03-19
ORD02288,2025-03-15,Cliente_098,Thales Castro,Caxias do Sul,RS,Sul,P0005,"Fone de Ouvido Sem Fio TWS, PHILIPS",Áudio,1.0,124.91,0.0105,2025-03-20,2025-03-22
ORD02289,2025-03-15,Cliente_100,Beatriz Costa,Bom Jesus,PI,Nordeste,P0015,Fone de Ouvido Profissional AKG K92,Áudio,3.0,428.99,0.09,2025-03-20,2025-03-18
ORD02290,2025-03-15,Cliente_107,Leandro Nunes,Maringá,PR,Sul,P0020,Teclado Mecanico Fizz,Informática,4.0,174.9,0.0645,2025-03-19,2025-03-18
ORD02291,2025-03-15,Cliente_109,Gustavo Henrique Cunha,Cantá,RR,Norte,P0012,"Soundbar Tomate MTS-2017, Bivolt",Áudio,3.0,769.9,0.0385,2025-03-19,2025-03-19
ORD02292,2025-03-15,Cliente_111,João Vitor Campos,Crato,CE,Nordeste,P0011,"Soundbar Samsung com 2.1 canais, Dolby Digital",Áudio,1.0,1072.0,0.0157,2025-03-19,2025-03-19
ORD02293,2025-03-15,Cliente_112,Maria Luiza das Neves,Linhares,ES,Sudeste,P0008,Película de Vidro 3D Galaxy A30s,Acessórios Mobile,4.0,17.9,0.1103,2025-03-19,2025-03-19
ORD02294,2025-03-15,Cliente_119,Daniel Costa,Jaboatão dos Guararapes,PE,Nordeste,P0006,Fone de ouvido Sem Fio QCY T27,Áudio,1.0,129.86,0.1251,2025-03-20,2025-03-19
ORD02295,2025-03-15,Cliente_126,Luiz Fernando da Costa,Juiz de Fora,MG,Sudeste,P0008,Película de Vidro 3D Galaxy A30s,Acessórios Mobile,4.0,17.9,0.1864,2025-03-17,2025-03-16
ORD02296,2025-03-15,Cliente_133,Isadora Novaes,Cachoeiro de Itapemirim,ES,Sudeste,P0009,Smart TV 32” Philco LED Roku TV,TV e Projeção,4.0,949.0,0.1095,2025-03-22,2025-03-21
ORD02297,2025-03-15,Cliente_199,João Guilherme Fogaça,Ananindeua,PA,Norte,P0013,"Projetor Smart Epson EpiqVision, FULL HD",TV e Projeção,3.0,3049.99,0.008,2025-03-22,2025-03-20
ORD02298,2025-03-15,Cliente_208,Vitor Araújo,Betim,MG,Sudeste,P0009,Smart TV 32” Philco LED Roku TV,TV e Projeção,1.0,949.0,0.0626,2025-03-19,2025-03-19
ORD02299,2025-03-15,Cliente_247,João Moraes,Campinas,SP,Sudeste,P0009,Smart TV 32” Philco LED Roku TV,TV e Projeção,4.0,949.0,0.0504,2025-03-21,2025-03-22
ORD02300,2025-03-15,Cliente_280,Daniel da Luz,Santo André,SP,Sudeste,P0007,Película para iPhone 14Pro Anti impacto,Acessórios Mobile,1.0,51.8,0.1492,2025-03-19,2025-03-19
ORD02301,2025-03-15,Cliente_282,Dr. Luiz Felipe Lopes,Niterói,RJ,Sudeste,P0008,Película de Vidro 3D Galaxy A30s,Acessórios Mobile,2.0,17.9,0.1412,2025-03-17,2025-03-18
ORD02302,2025-03-15,Cliente_295,Emanuella Lima,Florianópolis,SC,Sul,P0018,"Monitor UHD Samsung 32""",Informática,3.0,1626.57,0.1055,2025-03-17,2025-03-16
ORD02303,2025-03-15,Cliente_300,Dra. Maria Sophia Nogueira,Chapecó,SC,Sul,P0019,Mouse Redragon Wireless,Informática,2.0,165.99,0.0249,2025-03-21,2025-03-21
ORD02304,2025-03-15,Cliente_313,Noah Rodrigues,Ji-Paraná,RO,Norte,P0009,Smart TV 32” Philco LED Roku TV,TV e Projeção,3.0,949.0,0.0909,2025-03-19,2025-03-18
ORD02305,2025-03-15,Cliente_314,Nina Ramos,Laranjal do Jari,AP,Norte,P0014,Projetor EPSON Powerlite Wide Screen,TV e Projeção,4.0,2742.13,0.1012,2025-03-21,2025-03-19
ORD02306,2025-03-15,Cliente_320,Luana Rezende,Camaçari,BA,Nordeste,P0020,Teclado Mecanico Fizz,Informática,3.0,174.9,0.113,2025-03-21,2025-03-21
ORD02307,2025-03-15,Cliente_340,Bruno Cardoso,Gravataí,RS,Sul,P0004,Carregador Turbo Tipo-C 50w,Acessórios Mobile,2.0,53.9,0.0381,2025-03-18,2025-03-16
ORD02308,2025-03-15,Cliente_357,Amanda Araújo,Araguaína,TO,Norte,P0007,Película para iPhone 14Pro Anti impacto,Acessórios Mobile,3.0,51.8,0.0561,2025-03-18,2025-03-18
ORD02309,2025-03-15,Cliente_360,Mariane Campos,Teresina,PI,Nordeste,P0017,ACER Notebook Gamer Nitro,Informática,4.0,4604.0,0.0617,2025-03-20,2025-03-22
ORD02310,2025-03-15,cliente#369,Nicolas Pires,Contagem,MG,Sudeste,P0009,Smart TV 32” Philco LED Roku TV,TV e Projeção,2.0,949.0,0.0789,2025-03-17,2025-03-16
ORD02311,2025-03-15,Cliente_372,Diego Silva,Caracaraí,RR,Norte,P0013,"Projetor Smart Epson EpiqVision, FULL HD",TV e Projeção,2.0,3049.99,0.1243,2025-03-18,2025-03-17
ORD02312,,Cliente_394,Eduardo Oliveira,Ribeirão Preto,SP,Sudeste,P0005,"Fone de Ouvido Sem Fio TWS, PHILIPS",Áudio,3.0,124.91,0.0435,2025-03-20,2025-03-19
ORD02313,2025-03-15,Cliente_401,Luna Almeida,Juiz de Fora,MG,Sudeste,P0005,"Fone de Ouvido Sem Fio TWS, PHILIPS",Áudio,3.0,124.91,0.0392,2025-03-21,2025-03-20
ORD02314,2025-03-15,Cliente_409,Eloah Silva,Sobral,CE,Nordeste,P0018,"Monitor UHD Samsung 32""",Informática,3.0,1626.57,0.0439,2025-03-18,2025-03-20
ORD02315,2025-03-15,Cliente_531,Juliana Freitas Ribeiro,Blumenau,SC,Sul,P0020,Teclado Mecanico Fizz,Informática,2.0,174.9,0.0441,2025-03-17,2025-03-16
ORD02316,2025-03-15,Cliente_549,Carolina Duarte,Serra,ES,Sudeste,P0001,Samsung Galaxy A36,Smartphones e Tablets,3.0,1979.1,0.1196,2025-03-20,2025-03-20
ORD02317,2025-03-16,Cliente_007,Helena Souza,Feira de Santana,BA,Nordeste,P0001,Samsung Galaxy A36,Smartphones e Tablets,1.0,1979.1,0.1011,2025-03-21,2025-03-21
ORD02318,2025-03-16,Cliente_019,Gabriela da Paz,Uberlândia,MG,Sudeste,P0016,Fone de Ouvido Profissional EDIFIER WH950NB,Áudio,3.0,899.0,0.0108,2025-03-19,2025-03-23
ORD02319,2025-03-16,Cliente_032,João Vitor Alves,Parintins,AM,Norte,P0010,"Smart TV LED 32""Samsung LED Tizen TV",TV e Projeção,,1079.0,0.0823,2025-03-21,2025-03-24
ORD02320,2025-03-16,Cliente_047,Maria Julia Nascimento,Duque de Caxias,RJ,Sudeste,P0020,Teclado Mecanico Fizz,Informática,3.0,174.9,0.0234,2025-03-23,2025-03-23
ORD02321,2025-03-16,Cliente_052,Ana Beatriz Freitas,Ponta Grossa,PR,Sul,P0008,Película de Vidro 3D Galaxy A30s,Acessórios Mobile,2.0,17.9,0.1127,2025-03-20,2025-03-24
ORD02322,2025-03-16,cliente_068,Stephany Moreira,Curitiba,PR,Sul,P0016,Fone de Ouvido Profissional EDIFIER WH950NB,Áudio,4.0,899.0,0.0176,2025-03-23,2025-03-30
ORD02323,2025-03-16,Cliente_088,Bernardo Pereira,Olinda,PE,Nordeste,P0008,Película de Vidro 3D Galaxy A30s,Acessórios Mobile,4.0,17.9,0.1973,2025-03-19,2025-03-18
ORD02324,2025-03-16,Cliente_097,Brenda Nunes,Manaus,AM,Norte,P0015,Fone de Ouvido Profissional AKG K92,Áudio,1.0,428.99,0.068,2025-03-20,2025-03-20
ORD02325,2025-03-16,Cliente_104,Clarice Rezende,Blumenau,SC,Sul,P0015,Fone de Ouvido Profissional AKG K92,Áudio,4.0,428.99,0.0583,2025-03-20,2025-03-20
ORD02326,2025-03-16,Cliente_107,Leandro Nunes,Maringá,PR,Sul,P0005,"Fone de Ouvido Sem Fio TWS, PHILIPS",Áudio,4.0,124.91,0.0213,2025-03-18,2025-03-20
ORD02327,2025-03-16,Cliente_114,Evelyn da Paz,Mucajaí,RR,Norte,P0017,ACER Notebook Gamer Nitro,Informática,3.0,4604.0,0.0963,2025-03-19,2025-03-19
ORD02328,2025-03-16,Cliente_128,Kamilly Correia,Curitiba,PR,Sul,P0012,"Soundbar Tomate MTS-2017, Bivolt",Áudio,1.0,769.9,0.0496,2025-03-18,2025-03-18
ORD02329,2025-03-16,Cliente_134,Juan da Luz,Blumenau,SC,Sul,P0017,ACER Notebook Gamer Nitro,Informática,1.0,4604.0,0.0454,2025-03-21,2025-03-20
ORD02330,2025-03-16,Cliente_141,Dr. Thiago da Mota,Santa Maria,RS,Sul,P0003,Carregador Turbo USB-C 30W,Acessórios Mobile,2.0,49.9,0.0757,2025-03-23,2025-03-23
ORD02331,2025-03-16,Cliente_146,Levi Freitas,Ji-Paraná,RO,Norte,P0027,Caixa de Som Bluetooth JBL,Áudio,1.0,549.9,0.1019,2025-03-22,2025-03-22
ORD02332,2025-03-16,Cliente_153,Enrico Dias,Manacapuru,AM,Norte,P0009,Smart TV 32” Philco LED Roku TV,TV e Projeção,3.0,949.0,0.0266,2025-03-21,2025-03-28
ORD02333,2025-03-16,Cliente_168,Rodrigo Peixoto,Ferreira Gomes,AP,Norte,P0006,Fone de ouvido Sem Fio QCY T27,Áudio,2.0,129.86,0.1377,2025-03-21,2025-03-19
ORD02334,2025-03-16,Cliente_196,Fernando Costa,Vila Velha,ES,Sudeste,P0008,Película de Vidro 3D Galaxy A30s,Acessórios Mobile,3.0,17.9,0.0151,2025-03-22,2025-03-22
ORD02335,2025-03-16,Cliente_209,Eduarda Nunes,Recife,PE,Nordeste,P0013,"Projetor Smart Epson EpiqVision, FULL HD",TV e Projeção,3.0,3049.99,0.0665,2025-03-20,2025-03-24
ORD02336,2025-03-16,Cliente_218,Isabel Pereira,Vila Velha,ES,Sudeste,P0020,Teclado Mecanico Fizz,Informática,1.0,174.9,0.045,2025-03-22,2025-03-27
ORD02337,2025-03-16,Cliente_230,Maria Nogueira,Bayeux,PB,Nordeste,P0020,Teclado Mecanico Fizz,Informática,4.0,174.9,0.0393,2025-03-23,2025-03-23
ORD02338,2025-03-16,Cliente_231,Maria Luiza Rezende,Maringá,PR,Sul,P0006,Fone de ouvido Sem Fio QCY T27,Áudio,4.0,129.86,0.058,2025-03-21,2025-03-19
ORD02339,2025-03-16,Cliente_232,Benjamin Santos,Caxias,MA,Nordeste,P0001,Samsung Galaxy A36,Smartphones e Tablets,4.0,1979.1,0.0451,2025-03-26,2025-03-24
ORD02340,2025-03-16,Cliente_257,Dr. Matheus Castro,Camaçari,BA,Nordeste,P0001,Samsung Galaxy A36,Smartphones e Tablets,2.0,1979.1,0.0317,2025-03-21,2025-03-18
ORD02341,2025-03-16,Cliente_259,Melissa da Rocha,São Bernardo do Campo,SP,Sudeste,P0014,Projetor EPSON Powerlite Wide Screen,TV e Projeção,2.0,2742.13,0.0944,2025-03-21,2025-03-20
ORD02342,2025-03-16,Cliente_266,Caroline Carvalho,Cruzeiro do Sul,AC,Norte,P0002,Samsung Galaxy Tab S6 Lite,Smartphones e Tablets,1.0,1799.01,0.0503,2025-03-22,2025-03-21
ORD02343,2025-03-16,Cliente_266,Caroline Carvalho,Cruzeiro do Sul,AC,Norte,P0005,"Fone de Ouvido Sem Fio TWS, PHILIPS",Áudio,2.0,124.91,0.0745,2025-03-20,2025-03-20
ORD02344,2025-03-16,Cliente_282,Dr. Luiz Felipe Lopes,Niterói,RJ,Sudeste,P0018,"Monitor UHD Samsung 32""",Informática,3.0,1626.57,0.0553,2025-03-21,2025-03-21
ORD02345,2025-03-16,Cliente_297,Letícia Campos,Boa Vista,RR,Norte,P0009,Smart TV 32” Philco LED Roku TV,TV e Projeção,1.0,949.0,0.0512,2025-03-23,2025-03-30
ORD02346,2025-03-16,Cliente-357,Amanda Araújo,Araguaína,TO,Norte,P0004,Carregador Turbo Tipo-C 50w,Acessórios Mobile,3.0,53.9,0.116,2025-03-24,2025-03-26
ORD02347,2025-03-16,Cliente_394,Eduardo Oliveira,Ribeirão Preto,SP,Sudeste,P0006,Fone de ouvido Sem Fio QCY T27,Áudio,1.0,129.86,0.0334,2025-03-20,2025-03-20
ORD02348,2025-03-16,Cliente_395,Luiz Henrique Castro,Betim,MG,Sudeste,P0004,Carregador Turbo Tipo-C 50w,Acessórios Mobile,,53.9,0.0136,2025-03-20,2025-03-19
ORD02349,2025-03-16,Cliente_415,Dra. Ana Carolina da Rocha,Maringá,PR,Sul,P0002,Samsung Galaxy Tab S6 Lite,Smartphones e Tablets,4.0,1799.01,0.1082,2025-03-18,2025-03-18
ORD02350,2025-03-16,Cliente_421,Kaique Oliveira Aragão,Campinas,SP,Sudeste,P0012,"Soundbar Tomate MTS-2017, Bivolt",Áudio,,769.9,0.0361,2025-03-22,2025-03-21
ORD02351,2025-03-16,Cliente_503,Noah Pires,Contagem,MG,Sudeste,P0022,Smartphone Motorola Edge 50 Neo,Smartphones e Tablets,,2299.9,0.0987,2025-03-20,2025-03-20
ORD02352,2025-03-17,Cliente_002,Fernanda Lima,Vila Velha,ES,Sudeste,P0017, ACER Notebook Gamer Nitro,Informática,1.0,4604.0,0.0665,2025-03-22,2025-03-24
ORD02353,2025-03-17,Cliente_032,João Vitor Alves,Parintins,AM,Norte,P0019,Mouse Redragon Wireless,Informática,2.0,165.99,0.2241,2025-03-23,2025-03-22
ORD02354,2025-03-17,Cliente_047,Maria Julia Nascimento,Duque de Caxias,RJ,Sudeste,P0012,"Soundbar Tomate MTS-2017, Bivolt",Áudio,2.0,769.9,0.0183,2025-03-19,2025-03-19
ORD02355,2025-03-17,Cliente_052,Ana Beatriz Freitas,Ponta Grossa,PR,Sul,P0002,Samsung Galaxy Tab S6 Lite,Smartphones e Tablets,3.0,1799.01,0.1403,2025-03-19,2025-03-20
ORD02356,2025-03-17,Cliente_058,Sr. Nathan Peixoto,Itacoatiara,AM,Norte,P0014,Projetor EPSON Powerlite Wide Screen,TV e Projeção,3.0,2742.13,0.1006,2025-03-19,2025-03-18
ORD02357,2025-03-17,Cliente_119,Daniel Costa,Jaboatão dos Guararapes,PE,Nordeste,P0015,Fone de Ouvido Profissional AKG K92,Áudio,2.0,428.99,0.0169,2025-03-23,2025-03-20
ORD02358,2025-03-17,Cliente_151,Lorenzo Moura,Vitória da Conquista,BA,Nordeste,P0010,"Smart TV LED 32""Samsung LED Tizen TV",TV e Projeção,2.0,1079.0,0.0577,2025-03-22,2025-03-20
ORD02359,2025-03-17,Cliente_158,Emanuel Ramos,Timon,MA,Nordeste,P0013,"Projetor Smart Epson EpiqVision, FULL HD",TV e Projeção,4.0,3049.99,0.059,2025-03-26,2025-03-25
ORD02360,2025-03-17,Cliente_164,Breno Rezende,Currais Novos,RN,Nordeste,P0018,"Monitor UHD Samsung 32""",Informática,3.0,1626.57,0.0486,2025-03-20,2025-03-21
ORD02361,2025-03-17,Cliente_166,Pietro Jesus,Porto Velho,RO,Norte,P0023,Tablet Lenovo Tab M11,Smartphones e Tablets,1.0,1399.9,0.047,2025-03-26,2025-03-29
ORD02362,2025-03-17,Cliente_187,Sabrina Fernandes,Caxias do Sul,RS,Sul,P0001,Samsung Galaxy A36,Smartphones e Tablets,4.0,1979.1,0.0317,2025-03-20,2025-03-19
ORD02363,2025-03-17,Cliente_211,Srta. Natália Cardoso,Cruzeiro do Sul,AC,Norte,P0017,ACER Notebook Gamer Nitro,Informática,2.0,4604.0,0.1474,2025-03-24,2025-04-03
ORD02364,2025-03-17,Cliente_218,Isabel Pereira,Vila Velha,ES,Sudeste,P0018,"Monitor UHD Samsung 32""",Informática ,2.0,1626.57,0.0835,2025-03-20,2025-03-21
ORD02365,2025-03-17,Cliente_242,Clarice Campos,Curitiba,PR,Sul,P0003,Carregador Turbo USB-C 30W,Acessórios Mobile,4.0,49.9,0.0301,2025-03-19,2025-03-19
ORD02366,,Cliente_244,Maria Vitória Martins,Rio de Janeiro,RJ,Sudeste,P0001,Samsung Galaxy A36,Smartphones e Tablets,2.0,1979.1,0.1356,2025-03-19,2025-03-18
ORD02367,2025-03-17,Cliente_249,Fernando Barros,Cascavel,PR,Sul,P0005,"Fone de Ouvido Sem Fio TWS, PHILIPS",Áudio,4.0,124.91,0.0659,2025-03-19,2025-03-22
ORD02368,2025-03-17,Cliente_285,Maria Vitória Jesus,Vitória da Conquista,BA,Nordeste,P0014,Projetor EPSON Powerlite Wide Screen,TV e Projeção,2.0,2742.13,0.1176,2025-03-21,2025-03-26
ORD02369,2025-03-17,Cliente_323,Dr. João Pedro Carvalho,Boa Vista,RR,Norte,P0013,"Projetor Smart Epson EpiqVision, FULL HD",TV e Projeção,4.0,3049.99,0.0151,2025-03-20,2025-03-20
ORD02370,2025-03-17,Cliente_340,Bruno Cardoso,Gravataí,RS,Sul,P0009,Smart TV 32” Philco LED Roku TV,TV e Projeção,3.0,949.0,0.0198,2025-03-20,2025-03-21
ORD02371,2025-03-17,Cliente_348,Emilly Nascimento,Uberlândia,MG,Sudeste,P0018,"Monitor UHD Samsung 32""",Informática,,1626.57,0.0624,2025-03-24,2025-03-26
ORD02372,2025-03-17,Cliente_384,Brenda Monteiro,Santana,AP,Norte,P0018,"Monitor UHD Samsung 32""",Informática,1.0,1626.57,0.027,2025-03-24,2025-03-24
ORD02373,2025-03-17,Cliente_392,Luiz Felipe Carvalho,Ponta Grossa,PR,Sul,P0007,Película para iPhone 14Pro Anti impacto,Acessórios Mobile,2.0,51.8,0.0151,2025-03-19,2025-03-19
ORD02374,2025-03-17,Cliente_394,Eduardo Oliveira,Ribeirão Preto,SP,Sudeste,P0003,Carregador Turbo USB-C 30W,Acessórios Mobile,3.0,49.9,0.011,2025-03-20,2025-03-20
ORD02375,2025-03-17,Cliente_418,Benício Monteiro,Nova Iguaçu,RJ,Sudeste,P0005,"Fone de Ouvido Sem Fio TWS, PHILIPS",Áudio,4.0,124.91,0.0318,2025-03-21,2025-03-21
ORD02376,2025-03-17,Cliente_429,Arthur Correia Novaes,Ribeirão Preto,SP,Sudeste,P0002,Samsung Galaxy Tab S6 Lite,Smartphones e Tablets,2.0,1799.01,0.096,2025-03-24,2025-03-24
ORD02377,2025-03-17,Cliente_473,Thomas Nogueira Correia,Londrina,PR,Sul,P0021,SSD Crucial 1TB NVMe M.2,Informática,4.0,449.0,0.0621,2025-03-22,2025-03-20
ORD02378,2025-03-17,Cliente_524,Bruno Costela,Maringá,PR,Sul,P0009,Smart TV 32” Philco LED Roku TV,TV e Projeção,1.0,949.0,0.0204,2025-03-21,2025-03-20
ORD02379,2025-03-17,Cliente_532,Gustavo Farias,Tarauacá,AC,Norte,P0010,"Smart TV LED 32""Samsung LED Tizen TV",TV e Projeção,4.0,1079.0,0.0406,2025-03-24,2025-03-24
ORD02380,2025-03-18,Cliente_012,Dr. Arthur da Cunha,Caracaraí,RR,Norte,P0014,Projetor EPSON Powerlite Wide Screen,TV e Projeção,4.0,2742.13,0.0078,2025-03-22,2025-03-22
ORD02381,2025-03-18,Cliente_016,Sr. Thomas Nascimento,Tarauacá,AC,Norte,P0023,Tablet Lenovo Tab M11,Smartphones e Tablets,2.0,1399.9,0.0413,2025-03-23,2025-03-22
ORD02382,2025-03-18,Cliente_019,Gabriela da Paz,Uberlândia,MG,Sudeste,P0008,Película de Vidro 3D Galaxy A30s,Acessórios Mobile,2.0,17.9,0.0363,2025-03-26,2025-03-26
ORD02383,2025-03-18,Cliente_021,Mirella Rodrigues,Ribeirão Preto,SP,Sudeste,P0006,Fone de ouvido Sem Fio QCY T27,Áudio,4.0,129.86,0.1478,2025-03-22,2025-03-22
ORD02384,2025-03-18,Cliente_041,Miguel Nascimento,Ribeirão Preto,SP,Sudeste,P0003,Carregador Turbo USB-C 30W,Acessórios Mobile,2.0,49.9,0.0781,2025-03-20,2025-03-19
ORD02385,2025-03-18,Cliente_044,Dr. Pedro Porto,Londrina,PR,Sul,P0010,"Smart TV LED 32""Samsung LED Tizen TV",TV e Projeção,2.0,1079.0,0.0308,2025-03-25,2025-03-24
ORD02386,2025-03-18,Cliente_045,Juan Mendes,Ji-Paraná,RO,Norte,P0018,"Monitor UHD Samsung 32""",Informática,2.0,1626.57,0.0849,2025-03-24,2025-03-22
ORD02387,2025-03-18,Cliente_058,Sr. Nathan Peixoto,Itacoatiara,AM,Norte,P0019,Mouse Redragon Wireless,Informática,2.0,165.99,0.0748,2025-03-21,2025-03-26
ORD02388,2025-03-18,Cliente_064,Anthony Aragão,Cachoeiro de Itapemirim,ES,Sudeste,P0019,Mouse Redragon Wireless,Informática,4.0,165.99,0.0247,2025-03-23,2025-03-22
ORD02389,2025-03-18,Cliente_075,Rafaela Peixoto,Ribeirão Preto,SP,Sudeste,P0018,"Monitor UHD Samsung 32""",Informática,4.0,1626.57,0.1468,2025-03-20,2025-03-20
ORD02390,2025-03-18,Cliente_082,Felipe Gomes,Caicó,RN,Nordeste,P0001,Samsung Galaxy A36,Smartphones e Tablets,1.0,1979.1,0.048,2025-03-23,2025-03-21
ORD02391,2025-03-18,Cliente_086,Srta. Heloísa Moraes,Pelotas,RS,Sul,P0007,Película para iPhone 14Pro Anti impacto,Acessórios Mobile,2.0,51.8,0.1336,2025-03-23,2025-03-21
ORD02392,2025-03-18,Cliente_104,Clarice Rezende,Blumenau,SC,Sul,P0011,"Soundbar Samsung com 2.1 canais, Dolby Digital",Áudio,4.0,1072.0,0.144,2025-03-20,2025-03-20
ORD02393,2025-03-18,Cliente_165,Maria Fernanda Teixeira,Duque de Caxias,RJ,Sudeste,P0017,ACER Notebook Gamer Nitro,Informática,4.0,4604.0,0.1187,2025-03-22,2025-03-23
ORD02394,2025-03-18,Cliente_173,Vitor Pinto,Cascavel,PR,Sul,P0019,Mouse Redragon Wireless,Informática,2.0,165.99,0.1276,2025-03-21,2025-03-22
ORD02395,2025-03-18,cliente#175,Srta. Gabriela Caldeira,Rio Branco,AC,Norte,P0009,Smart TV 32” Philco LED Roku TV,TV e Projeção,2.0,949.0,0.0241,2025-03-24,2025-03-27
ORD02396,2025-03-18,Cliente_185,Nina Jesus,Gurupi,TO,Norte,P0006,Fone de ouvido Sem Fio QCY T27,Áudio,4.0,129.86,0.088,2025-03-27,2025-03-26
ORD02397,2025-03-18,Cliente_200,Ian da Mata,Boa Vista,RR,Norte,P0012,"Soundbar Tomate MTS-2017, Bivolt",Áudio,3.0,769.9,0.0591,2025-03-24,2025-03-24
ORD02398,2025-03-18,Cliente_208,Vitor Araújo,Betim,MG,Sudeste,P0006,Fone de ouvido Sem Fio QCY T27,Áudio,4.0,129.86,0.1017,2025-03-25,2025-03-24
ORD02399,2025-03-18,Cliente_216,Yasmin Costela,Pelotas,RS,Sul,P0015,Fone de Ouvido Profissional AKG K92,Áudio,4.0,428.99,0.1412,2025-03-22,2025-03-21
ORD02400,2025-03-18,Cliente_216,Yasmin Costela,Pelotas,RS,Sul,P0025,Webcam Logitech Full HD,Informática,4.0,329.9,0.0784,2025-03-22,2025-03-22
ORD02401,2025-03-18,Cliente_230,Maria Nogueira,Bayeux,PB,Nordeste,P0018,"Monitor UHD Samsung 32""",Informática,4.0,1626.57,0.0797,2025-03-21,2025-03-23
ORD02402,2025-03-18,Cliente_234,Leonardo Oliveira,Maringá,PR,Sul,P0011,"Soundbar Samsung com 2.1 canais, Dolby Digital",Áudio,3.0,1072.0,0.0134,2025-03-25,2025-03-30
ORD02403,2025-03-18,Cliente_235,Yago Pires,Ponta Grossa,PR,Sul,P0007,Película para iPhone 14Pro Anti impacto,Acessórios Mobile,4.0,51.8,0.0514,2025-03-22,2025-03-21
ORD02404,2025-03-18,Cliente_243,Laura da Cunha,Maringá,PR,Sul,P0006,Fone de ouvido Sem Fio QCY T27,Áudio,4.0,129.86,0.0456,2025-03-22,2025-03-21
ORD02405,2025-03-18,Cliente_259,Melissa da Rocha,São Bernardo do Campo,SP,Sudeste,P0004,Carregador Turbo Tipo-C 50w,Acessórios Mobile,4.0,,0.0254,2025-03-24,2025-03-24
ORD02406,2025-03-18,Cliente_260,Ana Vitória Monteiro,Ribeirão Preto,SP,Sudeste,P0002,Samsung Galaxy Tab S6 Lite,Smartphones e Tablets,2.0,1799.01,0.0962,2025-03-21,2025-03-21
ORD02407,2025-03-18,Cliente_294,Larissa Teixeira,Ferreira Gomes,AP,Norte,P0010,"Smart TV LED 32""Samsung LED Tizen TV",TV e Projeção,3.0,1079.0,0.129,2025-03-22,2025-03-20
ORD02408,2025-03-18,Cliente_294,Larissa Teixeira,Ferreira Gomes,AP,Norte,P0012," Soundbar Tomate MTS-2017, Bivolt",Áudio,2.0,769.9,0.0254,2025-03-25,2025-03-25
ORD02409,2025-03-18,Cliente_298,Clara Gomes,Fortaleza,CE,Nordeste,P0016,Fone de Ouvido Profissional EDIFIER WH950NB,Áudio,1.0,899.0,0.1435,2025-03-24,2025-03-28
ORD02410,2025-03-18,Cliente_309,Dra. Ana Laura Pires,Itajaí,SC,Sul,P0016,Fone de Ouvido Profissional EDIFIER WH950NB,Áudio,3.0,899.0,0.0184,2025-03-21,2025-03-20
ORD02411,2025-03-18,Cliente_326,Emanuella Porto,Ferreira Gomes,AP,Norte,P0004,Carregador Turbo Tipo-C 50w,Acessórios Mobile,1.0,53.9,0.0193,2025-03-27,2025-03-29
ORD02412,2025-03-18,Cliente_337,Benício Fernandes,Castanhal,PA,Norte,P0024,Memória Kingston Fury 16GB DDR5,Informática,3.0,389.9,0.0679,2025-03-20,2025-03-19
ORD02413,2025-03-18,Cliente_345,Nathan Castro,Brasiléia,AC,Norte,P0012,"Soundbar Tomate MTS-2017, Bivolt",Áudio,2.0,769.9,0.0579,2025-03-23,2025-03-22
ORD02414,2025-03-18,Cliente_357,Amanda Araújo,Araguaína,TO,Norte,P0013,"Projetor Smart Epson EpiqVision, FULL HD",TV e Projeção,1.0,3049.99,0.1128,2025-03-22,2025-03-25
ORD02415,2025-03-18,Cliente_385,Helena Barros,Campinas,SP,Sudeste,P0003,Carregador Turbo USB-C 30W,Acessórios Mobile,3.0,49.9,0.0526,2025-03-22,2025-03-21
ORD02416,2025-03-18,Cliente_387,Manuela Rezende,Chapecó,SC,Sul,P0017,ACER Notebook Gamer Nitro,Informática,,4604.0,0.1055,2025-03-20,2025-03-20
ORD02417,2025-03-18,Cliente_390,Enzo da Rocha,Santa Maria,RS,Sul,P0012,"Soundbar Tomate MTS-2017, Bivolt",Áudio,3.0,769.9,0.015,2025-03-22,2025-03-21
ORD02418,2025-03-18,Cliente_394,Eduardo Oliveira,Ribeirão Preto,SP,Sudeste,P0002,Samsung Galaxy Tab S6 Lite,Smartphones e Tablets,3.0,1799.01,0.0913,2025-03-23,2025-03-22
ORD02419,2025-03-18,cliente_394,Eduardo Oliveira,Ribeirão Preto,SP,Sudeste,P0015,Fone de Ouvido Profissional AKG K92,Áudio,4.0,428.99,0.0743,2025-03-20,2025-03-20
ORD02420,2025-03-18,Cliente_401,Luna Almeida,Juiz de Fora,MG,Sudeste,P0006,Fone de ouvido Sem Fio QCY T27,Áudio,4.0,129.86,0.0536,2025-03-23,2025-03-22
ORD02421,2025-03-18,Cliente_404,João Gabriel Duarte,Gravataí,RS,Sul,P0006,Fone de ouvido Sem Fio QCY T27,Áudio,1.0,129.86,0.1447,2025-03-21,2025-03-21
ORD02422,2025-03-18,Cliente_406,Laís da Costa,Juiz de Fora,MG,Sudeste,P0013,"Projetor Smart Epson EpiqVision, FULL HD",TV e Projeção,3.0,3049.99,0.1117,2025-03-23,2025-03-22
ORD02423,2025-03-18,Cliente_408,Maria Julia Duarte,Marabá,PA,Norte,P0010,"Smart TV LED 32""Samsung LED Tizen TV",TV e Projeção,3.0,1079.0,0.0628,2025-03-20,2025-03-20
ORD02424,,Cliente_414,Stephany Melo,Timon,MA,Nordeste,P0018,"Monitor UHD Samsung 32""",Informática,1.0,1626.57,0.1033,2025-03-22,2025-03-19
ORD02425,2025-03-18,Cliente_415,Dra. Ana Carolina da Rocha,Maringá,PR,Sul,P0015,Fone de Ouvido Profissional AKG K92,Áudio,1.0,428.99,0.0987,2025-03-24,2025-03-24
ORD02426,2025-03-18,Cliente_446,Fernanda Silveira Gomes,Blumenau,SC,Sul,P0012,"Soundbar Tomate MTS-2017, Bivolt",Áudio,2.0,769.9,0.0469,2025-03-22,2025-03-21
ORD02427,2025-03-18,Cliente_537,Rodrigo Barbosa Fogaça,Rio de Janeiro,RJ,Sudeste,P0015,Fone de Ouvido Profissional AKG K92,Áudio,2.0,428.99,0.1578,2025-03-22,2025-03-20
ORD02428,2025-03-19,Cliente-008,Thales Pereira,Cascavel,PR,Sul,P0002,Samsung Galaxy Tab S6 Lite,Smartphones e Tablets,4.0,1799.01,0.0753,2025-03-26,2025-03-25
ORD02429,2025-03-19,Cliente_010,Cauã da Rosa,Sobral,CE,Nordeste,P0014,Projetor EPSON Powerlite Wide Screen,TV e Projeção,4.0,2742.13,0.0619,2025-03-28,2025-03-28
ORD02430,2025-03-19,Cliente_010,Cauã da Rosa,Sobral,CE,Nordeste,P0021,SSD Crucial 1TB NVMe M.2,Informática,4.0,449.0,0.1496,2025-03-28,2025-03-31
ORD02431,2025-03-19,Cliente_014,Pedro Lucas Melo,Brasiléia,AC,Norte,P0018,"Monitor UHD Samsung 32""",Informática,1.0,1626.57,0.0148,2025-03-27,2025-03-26
ORD02432,2025-03-19,Cliente_017,Vitor Gabriel Costa,Estância,SE,Nordeste,P0009,Smart TV 32” Philco LED Roku TV,TV e Projeção,4.0,949.0,0.0699,2025-03-21,2025-03-20
ORD02433,2025-03-19,Cliente_024,Juliana Ferreira,Itacoatiara,AM,Norte,P0002,Samsung Galaxy Tab S6 Lite,Smartphones e Tablets,3.0,1799.01,0.0777,2025-03-26,2025-03-29
ORD02434,2025-03-19,Cliente_052,Ana Beatriz Freitas,Ponta Grossa,PR,Sul,P0002,Samsung Galaxy Tab S6 Lite,Smartphones e Tablets,1.0,1799.01,0.0491,2025-03-21,2025-03-21
ORD02435,2025-03-19,Cliente_052,Ana Beatriz Freitas,Ponta Grossa,PR,Sul,P0015,Fone de Ouvido Profissional AKG K92,Áudio,1.0,428.99,0.0462,2025-03-22,2025-03-21
ORD02436,2025-03-19,Cliente_088,Bernardo Pereira,Olinda,PE,Nordeste,P0004,Carregador Turbo Tipo-C 50w,Acessórios Mobile,3.0,53.9,0.0902,2025-03-24,2025-03-24
ORD02437,2025-03-19,Cliente_103,Emanuel Aragão,Manaus,AM,Norte,P0004,Carregador Turbo Tipo-C 50w,Acessórios Mobile,3.0,53.9,0.044,2025-03-23,2025-03-22
ORD02438,2025-03-19,Cliente_109,Gustavo Henrique Cunha,Cantá,RR,Norte,P0021,SSD Crucial 1TB NVMe M.2,Informática,2.0,449.0,0.1258,2025-03-25,2025-03-23
ORD02439,2025-03-19,Cliente_131,Yuri Silveira,Santa Maria,RS,Sul,P0021,SSD Crucial 1TB NVMe M.2,Informática ,4.0,449.0,0.036,2025-03-25,2025-03-23
ORD02440,2025-03-19,Cliente_219,Natália da Luz,Cascavel,PR,Sul,P0007,Película para iPhone 14Pro Anti impacto,Acessórios Mobile,1.0,51.8,0.0314,2025-03-26,2025-03-25
ORD02441,2025-03-19,Cliente_238,Eloah Ribeiro,Florianópolis,SC,Sul,P0007,Película para iPhone 14Pro Anti impacto,Acessórios Mobile,3.0,51.8,0.0132,2025-03-24,2025-03-24
ORD02442,2025-03-19,Cliente_244,Maria Vitória Martins,Rio de Janeiro,RJ,Sudeste,P0006,Fone de ouvido Sem Fio QCY T27,Áudio,3.0,129.86,0.0534,2025-03-23,2025-03-23
ORD02443,2025-03-19,Cliente_303,Davi Lucca Freitas,Boa Vista,RR,Norte,P0017,ACER Notebook Gamer Nitro,Informática,2.0,4604.0,0.01,2025-03-25,2025-03-25
ORD02444,2025-03-19,Cliente_312,Juan Araújo,Bacabal,MA,Nordeste,P0005,"Fone de Ouvido Sem Fio TWS, PHILIPS",Áudio,1.0,124.91,0.0406,2025-03-26,2025-03-26
ORD02445,2025-03-19,Cliente_331,Guilherme Cavalcanti,Juiz de Fora,MG,Sudeste,P0012,"Soundbar Tomate MTS-2017, Bivolt",Áudio,1.0,769.9,0.0331,2025-03-23,2025-03-23
ORD02446,2025-03-19,Cliente_337,Benício Fernandes,Castanhal,PA,Norte,P0022,Smartphone Motorola Edge 50 Neo,Smartphones e Tablets,2.0,2299.9,0.0892,2025-03-28,2025-03-28
ORD02447,2025-03-19,Cliente_394,Eduardo Oliveira,Ribeirão Preto,SP,Sudeste,P0015,Fone de Ouvido Profissional AKG K92,Áudio,3.0,428.99,0.0988,2025-03-23,2025-03-22
ORD02448,2025-03-19,Cliente_406,Laís da Costa,Juiz de Fora,MG,Sudeste,P0018,"Monitor UHD Samsung 32""",Informática,1.0,1626.57,0.0413,2025-03-23,2025-03-22
ORD02449,,Cliente_415,Dra. Ana Carolina da Rocha,Maringá,PR,Sul,P0018,"Monitor UHD Samsung 32""",Informática,1.0,1626.57,0.0075,2025-03-24,2025-03-23
ORD02450,2025-03-20,Cliente_011,Julia Ribeiro,Santa Maria,RS,Sul,P0007,Película para iPhone 14Pro Anti impacto,Acessórios Mobile,4.0,51.8,0.091,2025-03-26,2025-03-26
ORD02451,2025-03-20,Cliente_012,Dr. Arthur da Cunha,Caracaraí,RR,Norte,P0005,"Fone de Ouvido Sem Fio TWS, PHILIPS",Áudio,4.0,124.91,0.0337,2025-03-27,2025-03-27
ORD02452,2025-03-20,Cliente_015,Sr. João Gabriel Silveira,Olinda,PE,Nordeste,P0020,Teclado Mecanico Fizz,Informática,1.0,174.9,0.0054,2025-03-28,2025-03-27
ORD02453,2025-03-20,Cliente_016,Sr. Thomas Nascimento,Tarauacá,AC,Norte,P0016,Fone de Ouvido Profissional EDIFIER WH950NB,Áudio,1.0,899.0,0.1359,2025-03-28,2025-03-27
ORD02454,2025-03-20,Cliente_027,Davi Lucas Gomes,Ribeirão Preto,SP,Sudeste,P0012,"Soundbar Tomate MTS-2017, Bivolt",Áudio,4.0,769.9,0.0275,2025-03-26,2025-03-27
ORD02455,2025-03-20,Cliente_040,Renan Silveira,Propriá,SE,Nordeste,P0010,"Smart TV LED 32""Samsung LED Tizen TV",TV e Projeção,2.0,1079.0,0.0441,2025-03-23,2025-03-25
ORD02456,2025-03-20,Cliente_065,Letícia Porto,Santana,AP,Norte,P0019,Mouse Redragon Wireless,Informática,2.0,165.99,0.0943,2025-03-27,2025-03-27
ORD02457,2025-03-20,Cliente_068,Stephany Moreira,Curitiba,PR,Sul,P0019,Mouse Redragon Wireless,Informática,4.0,165.99,0.0646,2025-03-22,2025-03-21
ORD02458,2025-03-20,Cliente_079,Lucas Gabriel Jesus,Laranjal do Jari,AP,Norte,P0009,Smart TV 32” Philco LED Roku TV,TV e Projeção,4.0,949.0,0.0683,2025-03-29,2025-03-29
ORD02459,2025-03-20,Cliente_084,Natália Souza,Porto Alegre,RS,Sul,P0020,Teclado Mecanico Fizz,Informática,1.0,174.9,0.0766,2025-03-25,2025-03-25
ORD02460,2025-03-20,Cliente-089,André Souza,Ponta Grossa,PR,Sul,P0018,"Monitor UHD Samsung 32""",Informática,1.0,1626.57,0.0607,2025-03-25,2025-03-26
ORD02461,2025-03-20,Cliente_107,Leandro Nunes,Maringá,PR,Sul,P0005,"Fone de Ouvido Sem Fio TWS, PHILIPS",Áudio,1.0,124.91,0.0029,2025-03-27,2025-03-27
ORD02462,2025-03-20,Cliente_146,Levi Freitas,Ji-Paraná,RO,Norte,P0005,"Fone de Ouvido Sem Fio TWS, PHILIPS",Áudio,2.0,124.91,0.0221,2025-03-23,2025-03-21
ORD02463,2025-03-20,Cliente_189,Cauã Almeida,Patos,PB,Nordeste,P0014,Projetor EPSON Powerlite Wide Screen,TV e Projeção,1.0,2742.13,0.0212,2025-03-27,2025-03-26
ORD02464,2025-03-20,Cliente_213,Sra. Daniela Lima,São Bernardo do Campo,SP,Sudeste,P0015,Fone de Ouvido Profissional AKG K92,Áudio,4.0,428.99,0.0762,2025-03-22,2025-03-22
ORD02465,2025-03-20,Cliente_224,Bernardo Vieira,Itajaí,SC,Sul,P0009,Smart TV 32” Philco LED Roku TV,TV e Projeção,2.0,949.0,0.095,2025-03-24,2025-03-23
ORD02466,2025-03-20,Cliente_234,Leonardo Oliveira,Maringá,PR,Sul,P0002,Samsung Galaxy Tab S6 Lite,Smartphones e Tablets,4.0,1799.01,0.0328,2025-03-26,2025-03-25
ORD02467,2025-03-20,Cliente_234,Leonardo Oliveira,Maringá,PR,Sul,P0027,Caixa de Som Bluetooth JBL,Áudio,2.0,549.9,0.1162,2025-03-26,2025-03-29
ORD02468,,Cliente_247,João Moraes,Campinas,SP,Sudeste,P0006,Fone de ouvido Sem Fio QCY T27,Áudio,3.0,129.86,0.0144,2025-03-24,2025-03-24
ORD02469,2025-03-20,Cliente_247,João Moraes,Campinas,SP,Sudeste,P0016,Fone de Ouvido Profissional EDIFIER WH950NB,Áudio,4.0,899.0,0.1356,2025-03-23,2025-03-23
ORD02470,2025-03-20,Cliente_259,Melissa da Rocha,São Bernardo do Campo,SP,Sudeste,P0012,"Soundbar Tomate MTS-2017, Bivolt",Áudio,3.0,769.9,0.0151,2025-03-23,2025-03-23
ORD02471,2025-03-20,Cliente_262,Maria Eduarda Peixoto,Sobral,CE,Nordeste,P0004,Carregador Turbo Tipo-C 50w,Acessórios Mobile,2.0,53.9,0.0964,2025-03-27,2025-03-27
ORD02472,2025-03-20,Cliente_264!!,Sr. Noah da Paz,Itacoatiara,AM,Norte,P0011,"Soundbar Samsung com 2.1 canais, Dolby Digital",Áudio,2.0,1072.0,0.0425,2025-03-24,2025-03-24
ORD02473,2025-03-20,Cliente_302,Emilly Farias,Ribeirão Preto,SP,Sudeste,P0004,Carregador Turbo Tipo-C 50w,Acessórios Mobile,4.0,53.9,0.1238,2025-03-25,2025-03-24
ORD02474,2025-03-20,Cliente_329,Sra. Daniela Aragão,Duque de Caxias,RJ,Sudeste,P0017,ACER Notebook Gamer Nitro,Informática,1.0,4604.0,0.1102,2025-03-23,2025-03-27
ORD02475,2025-03-20,Cliente_330,Rebeca Farias,Cascavel,PR,Sul,P0008,Película de Vidro 3D Galaxy A30s,Acessórios Mobile,3.0,17.9,0.27,2025-03-25,2025-03-26
ORD02476,2025-03-20,Cliente_331,Guilherme Cavalcanti,Juiz de Fora,MG,Sudeste,P0006,Fone de ouvido Sem Fio QCY T27,Áudio,4.0,129.86,0.0631,2025-03-25,2025-03-23
ORD02477,2025-03-20,Cliente_336,Ana Lívia Dias,Feira de Santana,BA,Nordeste,P0013,"Projetor Smart Epson EpiqVision, FULL HD",TV e Projeção,2.0,3049.99,0.0336,2025-03-25,2025-03-28
ORD02478,2025-03-20,Cliente_337,Benício Fernandes,Castanhal,PA,Norte,P0002,Samsung Galaxy Tab S6 Lite,Smartphones e Tablets,2.0,1799.01,0.0118,2025-03-24,2025-03-23
ORD02479,2025-03-20,Cliente_340,Bruno Cardoso,Gravataí,RS,Sul,P0003,Carregador Turbo USB-C 30W,Acessórios Mobile,2.0,49.9,0.0132,2025-03-27,2025-03-25
ORD02480,2025-03-20,Cliente_346,Enzo Teixeira,Pelotas,RS,Sul,P0011,"Soundbar Samsung com 2.1 canais, Dolby Digital",Áudio,2.0,1072.0,0.0349,2025-03-27,2025-03-26
ORD02481,2025-03-20,Cliente_352,Eduarda Cardoso,Campinas,SP,Sudeste,P0007,Película para iPhone 14Pro Anti impacto,Acessórios Mobile,3.0,51.8,0.0842,2025-03-23,2025-03-25
ORD02482,2025-03-20,Cliente_360,Mariane Campos,Teresina,PI,Nordeste,P0016,Fone de Ouvido Profissional EDIFIER WH950NB,Áudio,3.0,899.0,0.0068,2025-03-24,2025-03-24
ORD02483,2025-03-20,Cliente_517,Letícia Cunha,Parnamirim,RN,Nordeste,P0007,Película para iPhone 14Pro Anti impacto,Acessórios Mobile,3.0,51.8,0.1106,2025-03-24,2025-03-24
ORD02484,2025-03-21,Cliente_024,Juliana Ferreira,Itacoatiara,AM,Norte,P0006,Fone de ouvido Sem Fio QCY T27,Áudio,2.0,129.86,0.0175,2025-03-24,2025-03-24
ORD02485,2025-03-21,Cliente_027,Davi Lucas Gomes,Ribeirão Preto,SP,Sudeste,P0013,"Projetor Smart Epson EpiqVision, FULL HD",TV e Projeção,3.0,3049.99,0.0973,2025-03-23,2025-03-22
ORD02486,2025-03-21,Cliente_034,Clarice Barbosa,Ji-Paraná,RO,Norte,P0007,Película para iPhone 14Pro Anti impacto,Acessórios Mobile,2.0,51.8,0.027,2025-03-28,2025-03-26
ORD02487,2025-03-21,Cliente_064,Anthony Aragão,Cachoeiro de Itapemirim,ES,Sudeste,P0009,Smart TV 32” Philco LED Roku TV,TV e Projeção,2.0,949.0,0.0644,2025-03-29,2025-03-27
ORD02488,2025-03-21,Cliente_096,Dr. Luiz Henrique Pereira,Contagem,MG,Sudeste,P0005,"Fone de Ouvido Sem Fio TWS, PHILIPS",Áudio,1.0,124.91,0.0228,2025-03-25,2025-03-30
ORD02489,2025-03-21,Cliente_106,Nicolas Costela,Contagem,MG,Sudeste,P0020,Teclado Mecanico Fizz,Informática,3.0,174.9,0.0766,2025-03-26,2025-03-23
ORD02490,2025-03-21,Cliente_126,Luiz Fernando da Costa,Juiz de Fora,MG,Sudeste,P0013,"Projetor Smart Epson EpiqVision, FULL HD",TV e Projeção,3.0,3049.99,0.0603,2025-03-28,2025-03-30
ORD02491,2025-03-21,Cliente_127,Lucas Gabriel Jesus,Ji-Paraná,RO,Norte,P0006,Fone de ouvido Sem Fio QCY T27,Áudio,4.0,129.86,0.047,2025-03-28,2025-04-04
ORD02492,2025-03-21,Cliente_143,Cecília Barros,Londrina,PR,Sul,P0002,Samsung Galaxy Tab S6 Lite,Smartphones e Tablets,3.0,1799.01,0.0914,2025-03-24,2025-03-24
ORD02493,2025-03-21,Cliente_161,Murilo Monteiro,Currais Novos,RN,Nordeste,P0018,"Monitor UHD Samsung 32""",Informática,1.0,1626.57,0.0045,2025-03-30,2025-03-30
ORD02494,2025-03-21,Cliente_175,Srta. Gabriela Caldeira,Rio Branco,AC,Norte,P0006,Fone de ouvido Sem Fio QCY T27,Áudio,1.0,129.86,0.1444,2025-03-29,2025-03-31
ORD02495,2025-03-21,Cliente_200,Ian da Mata,Boa Vista,RR,Norte,P0027,Caixa de Som Bluetooth JBL,Áudio,3.0,549.9,0.0983,2025-03-28,2025-03-27
ORD02496,2025-03-21,Cliente_209,Eduarda Nunes,Recife,PE,Nordeste,P0026,Cabo USB-C Trançado 2m,Acessórios Mobile,3.0,34.9,0.0216,2025-03-29,2025-03-27
ORD02497,2025-03-21,Cliente_215,Olivia Souza,Camaçari,BA,Nordeste,P0019,Mouse Redragon Wireless,Informática,3.0,165.99,0.35,2025-03-27,2025-03-25
ORD02498,2025-03-21,Cliente_220,Larissa da Paz,Caucaia,CE,Nordeste,P0015,Fone de Ouvido Profissional AKG K92,Áudio,4.0,428.99,0.0369,2025-03-25,2025-03-24
ORD02499,2025-03-21,Cliente_227,Bruno Nascimento,Bayeux,PB,Nordeste,P0003,Carregador Turbo USB-C 30W,Acessórios Mobile,1.0,49.9,0.0499,2025-03-30,2025-03-28
ORD02500,2025-03-21,Cliente_255,Anthony Pires,Caxias do Sul,RS,Sul,P0027,Caixa de Som Bluetooth JBL,Áudio,3.0,549.9,0.1014,2025-03-25,2025-03-23
ORD02501,2025-03-21,Cliente_264,Sr. Noah da Paz,Itacoatiara,AM,Norte,P0007,Película para iPhone 14Pro Anti impacto,Acessórios Mobile,4.0,51.8,0.1296,2025-03-23,2025-03-22
ORD02502,2025-03-21,Cliente_264,Sr. Noah da Paz,Itacoatiara,AM,Norte,P0013,"Projetor Smart Epson EpiqVision, FULL HD",TV e Projeção,3.0,3049.99,0.0501,2025-03-23,2025-03-23
ORD02503,2025-03-21,Cliente_267,Manuela Monteiro,Joinville,SC,Sul,P0001,Samsung Galaxy A36,Smartphones e Tablets,4.0,1979.1,0.095,2025-03-23,2025-03-23
ORD02504,2025-03-21,Cliente_302,Emilly Farias,Ribeirão Preto,SP,Sudeste,P0018,"Monitor UHD Samsung 32""",Informática,1.0,1626.57,0.0359,2025-03-23,2025-03-26
ORD02505,2025-03-21,Cliente_308,Enzo Gabriel Costa,Londrina,PR,Sul,P0008,Película de Vidro 3D Galaxy A30s,Acessórios Mobile,1.0,17.9,0.0399,2025-03-28,2025-03-28
ORD02506,2025-03-21,Cliente_317,Catarina Ramos,Ferreira Gomes,AP,Norte,P0005,"Fone de Ouvido Sem Fio TWS, PHILIPS",Áudio,4.0,124.91,0.0494,2025-03-27,2025-03-27
ORD02507,2025-03-21,Cliente_328,Luiza Lopes,Olinda,PE,Nordeste,P0017,ACER Notebook Gamer Nitro,Informática,1.0,4604.0,0.016,2025-03-29,2025-04-02
ORD02508,2025-03-21,Cliente_398,Sr. Luiz Miguel Mendes,Rio de Janeiro,RJ,Sudeste,P0001,Samsung Galaxy A36,Smartphones e Tablets,2.0,1979.1,0.0993,2025-03-28,2025-03-27
ORD02509,2025-03-21,Cliente_402,Catarina Gonçalves,Niterói,RJ,Sudeste,P0027,Caixa de Som Bluetooth JBL,Áudio,2.0,549.9,0.1092,2025-03-25,2025-03-26
ORD02510,2025-03-21,Cliente_404,João Gabriel Duarte,Gravataí,RS,Sul,P0010,"Smart TV LED 32""Samsung LED Tizen TV",TV e Projeção,4.0,1079.0,0.0495,2025-03-23,2025-03-27
ORD02511,2025-03-21,Cliente_408,Maria Julia Duarte,Marabá,PA,Norte,P0010,"Smart TV LED 32""Samsung LED Tizen TV",TV e Projeção,2.0,1079.0,0.1346,2025-03-30,2025-03-30
ORD02512,2025-03-21,Cliente_484,Rafael Novaes Nogueira,Santa Maria,RS,Sul,P0004,Carregador Turbo Tipo-C 50w,Acessórios Mobile,3.0,53.9,0.0228,2025-03-23,2025-03-22
ORD02513,2025-03-22,Cliente_003,Giovanna Aragão,Belém,PA,Norte,P0003,Carregador Turbo USB-C 30W,Acessórios Mobile,4.0,49.9,0.033,2025-03-25,2025-03-23
ORD02514,2025-03-22,Cliente_008,Thales Pereira,Cascavel,PR,Sul,P0018,"Monitor UHD Samsung 32""",Informática,2.0,1626.57,0.082,2025-03-25,2025-03-25
ORD02515,2025-03-22,Cliente_031,Stella Peixoto,Duque de Caxias,RJ,Sudeste,P0017,ACER Notebook Gamer Nitro,Informática,3.0,4604.0,0.0343,2025-03-24,2025-03-31
ORD02516,2025-03-22,Cliente_039,Bruna Almeida,Gravataí,RS,Sul,P0011,"Soundbar Samsung com 2.1 canais, Dolby Digital",Áudio,1.0,1072.0,0.0332,2025-03-28,2025-03-27
ORD02517,2025-03-22,Cliente_058,Sr. Nathan Peixoto,Itacoatiara,AM,Norte,P0014,Projetor EPSON Powerlite Wide Screen,TV e Projeção,1.0,2742.13,0.1052,2025-03-24,2025-03-25
ORD02518,2025-03-22,Cliente_075,Rafaela Peixoto,Ribeirão Preto,SP,Sudeste,P0018,"Monitor UHD Samsung 32""",Informática,1.0,1626.57,0.1245,2025-03-28,2025-03-26
ORD02519,2025-03-22,Cliente_090,Caio Novaes,Blumenau,SC,Sul,P0005,"Fone de Ouvido Sem Fio TWS, PHILIPS",Áudio,2.0,124.91,0.139,2025-03-26,2025-03-27
ORD02520,2025-03-22,Cliente_100,Beatriz Costa,Bom Jesus,PI,Nordeste,P0004,Carregador Turbo Tipo-C 50w,Acessórios Mobile,3.0,53.9,0.0858,2025-03-29,2025-03-30
ORD02521,2025-03-22,Cliente_103,Emanuel Aragão,Manaus,AM,Norte,P0010,"Smart TV LED 32""Samsung LED Tizen TV",TV e Projeção,3.0,1079.0,0.0294,2025-03-31,2025-03-31
ORD02522,2025-03-22,Cliente_115,Gabrielly da Conceição,Serra,ES,Sudeste,P0013,"Projetor Smart Epson EpiqVision, FULL HD",TV e Projeção,4.0,3049.99,0.0065,2025-03-30,2025-03-29
ORD02523,2025-03-22,Cliente_120,Laís das Neves,Tarauacá,AC,Norte,P0014,Projetor EPSON Powerlite Wide Screen,TV e Projeção,3.0,2742.13,0.0748,2025-03-25,2025-03-23
ORD02524,2025-03-22,Cliente_148,Sr. Kaique da Mota,Feira de Santana,BA,Nordeste,P0020,Teclado Mecanico Fizz,Informática,1.0,174.9,0.0259,2025-03-30,2025-03-29
ORD02525,2025-03-22,Cliente_149,Manuela Santos,Caxias do Sul,RS,Sul,P0005,"Fone de Ouvido Sem Fio TWS, PHILIPS",Áudio ,3.0,124.91,0.0359,2025-03-25,2025-03-25
ORD02526,2025-03-22,Cliente_154,Juan Duarte,São Paulo,SP,Sudeste,P0002,Samsung Galaxy Tab S6 Lite,Smartphones e Tablets,1.0,1799.01,0.1039,2025-03-25,2025-03-24
ORD02527,2025-03-22,Cliente_172,Luiz Gustavo Rocha,Porto Alegre,RS,Sul,P0006,Fone de ouvido Sem Fio QCY T27,Áudio,3.0,129.86,0.0566,2025-03-27,2025-03-26
ORD02528,2025-03-22,Cliente_186,Dra. Helena Teixeira,Bom Jesus,PI,Nordeste,P0013,"Projetor Smart Epson EpiqVision, FULL HD",TV e Projeção,2.0,3049.99,0.1255,2025-03-26,2025-03-25
ORD02529,2025-03-22,Cliente_191,Juliana Pereira,Ribeirão Preto,SP,Sudeste,P0016,Fone de Ouvido Profissional EDIFIER WH950NB,Áudio,4.0,899.0,0.0752,2025-03-24,2025-03-23
ORD02530,2025-03-22,Cliente_215,Olivia Souza,Camaçari,BA,Nordeste,P0003,Carregador Turbo USB-C 30W,Acessórios Mobile,3.0,49.9,0.1033,2025-03-25,2025-03-24
ORD02531,2025-03-22,Cliente_217,Otávio Sales,Porto Nacional,TO,Norte,P0013,"Projetor Smart Epson EpiqVision, FULL HD",TV e Projeção,1.0,3049.99,0.1852,2025-03-25,2025-03-23
ORD02532,2025-03-22,Cliente_219,Natália da Luz,Cascavel,PR,Sul,P0009,Smart TV 32” Philco LED Roku TV,TV e Projeção,3.0,949.0,0.1262,2025-03-25,2025-03-23
ORD02533,2025-03-22,Cliente_225,Enzo Gabriel Ramos,Caxias,MA,Nordeste,P0015,Fone de Ouvido Profissional AKG K92,Áudio,1.0,428.99,0.0039,2025-04-01,2025-04-06
ORD02534,2025-03-22,Cliente_231,Maria Luiza Rezende,Maringá,PR,Sul,P0011,"Soundbar Samsung com 2.1 canais, Dolby Digital",Áudio,2.0,1072.0,0.1209,2025-03-24,2025-03-23
ORD02535,2025-03-22,Cliente_234,Leonardo Oliveira,Maringá,PR,Sul,P0009,Smart TV 32” Philco LED Roku TV,TV e Projeção,4.0,949.0,0.0156,2025-03-26,2025-03-25
ORD02536,2025-03-22,Cliente_256,Daniela Fogaça,Florianópolis,SC,Sul,P0004,Carregador Turbo Tipo-C 50w,Acessórios Mobile,4.0,53.9,0.0534,2025-03-27,2025-03-27
ORD02537,2025-03-22,Cliente_259,Melissa da Rocha,São Bernardo do Campo,SP,Sudeste,P0013,"Projetor Smart Epson EpiqVision, FULL HD",TV e Projeção,1.0,3049.99,0.1301,2025-03-28,2025-04-04
ORD02538,2025-03-22,Cliente_279,Sofia Santos,Chapecó,SC,Sul,P0002,Samsung Galaxy Tab S6 Lite,Smartphones e Tablets,4.0,1799.01,0.1081,2025-03-24,2025-03-23
ORD02539,2025-03-22,Cliente_330,Rebeca Farias,Cascavel,PR,Sul,P0008,Película de Vidro 3D Galaxy A30s,Acessórios Mobile,1.0,17.9,0.0745,2025-03-26,2025-03-25
ORD02540,2025-03-22,Cliente_330,Rebeca Farias,Cascavel,PR,Sul,P0015,Fone de Ouvido Profissional AKG K92,Áudio,1.0,428.99,0.0547,2025-03-24,2025-03-24
ORD02541,2025-03-22,Cliente_336,Ana Lívia Dias,Feira de Santana,BA,Nordeste,P0009,Smart TV 32” Philco LED Roku TV,TV e Projeção,3.0,949.0,0.0857,2025-03-27,2025-03-24
ORD02542,2025-03-22,Cliente_376,Eduarda Melo,Serra,ES,Sudeste,P0027,Caixa de Som Bluetooth JBL,Áudio,1.0,549.9,0.1072,2025-03-26,2025-03-26
ORD02543,2025-03-22,Cliente_379,Maitê da Conceição,Manaus,AM,Norte,P0012,"Soundbar Tomate MTS-2017, Bivolt",Áudio,1.0,769.9,0.0707,2025-03-26,2025-03-27
ORD02544,2025-03-22,Cliente_382,Bryan Ribeiro,Cachoeiro de Itapemirim,ES,Sudeste,P0014,Projetor EPSON Powerlite Wide Screen,TV e Projeção,1.0,2742.13,0.1225,2025-03-24,2025-03-24
ORD02545,2025-03-22,Cliente_394,Eduardo Oliveira,Ribeirão Preto,SP,Sudeste,P0020,Teclado Mecanico Fizz,Informática,2.0,174.9,0.0374,2025-03-25,2025-03-23
ORD02546,2025-03-22,Cliente_395,Luiz Henrique Castro,Betim,MG,Sudeste,P0001,Samsung Galaxy A36,Smartphones e Tablets,3.0,1979.1,0.0743,2025-03-30,2025-03-30
ORD02547,2025-03-22,Cliente_402,Catarina Gonçalves,Niterói,RJ,Sudeste,P0015,Fone de Ouvido Profissional AKG K92,Áudio,3.0,428.99,0.1189,2025-03-29,2025-03-26
ORD02548,2025-03-22,Cliente_414,Stephany Melo,Timon,MA,Nordeste,P0013,"Projetor Smart Epson EpiqVision, FULL HD",TV e Projeção,4.0,3049.99,0.1052,2025-03-28,2025-03-26
ORD02549,2025-03-22,Cliente_418,Benício Monteiro,Nova Iguaçu,RJ,Sudeste,P0012,"Soundbar Tomate MTS-2017, Bivolt",Áudio,1.0,769.9,0.032,2025-03-26,2025-03-26
ORD02550,2025-03-22,Cliente_462,Srta. Cruz,Vitória,ES,Sudeste,P0012,"Soundbar Tomate MTS-2017, Bivolt",Áudio,3.0,769.9,0.0533,2025-03-26,2025-03-25
ORD02551,2025-03-22,Cliente_464!!,Esther Nunes Ribeiro,Florianópolis,SC,Sul,P0025,Webcam Logitech Full HD,Informática,2.0,329.9,0.0771,2025-03-24,2025-03-29
ORD02552,2025-03-23,Cliente_012,Dr. Arthur da Cunha,Caracaraí,RR,Norte,P0004,Carregador Turbo Tipo-C 50w,Acessórios Mobile,2.0,53.9,0.0126,2025-03-28,2025-03-29
ORD02553,2025-03-23,Cliente_019,Gabriela da Paz,Uberlândia,MG,Sudeste,P0021,SSD Crucial 1TB NVMe M.2,Informática,4.0,449.0,0.026,2025-03-28,2025-03-27
ORD02554,2025-03-23,Cliente_061,Dr. Emanuel Fogaça,Porto Nacional,TO,Norte,P0018,"Monitor UHD Samsung 32""",Informática,1.0,1626.57,0.0201,2025-03-27,2025-03-26
ORD02555,2025-03-23,Cliente_061,Dr. Emanuel Fogaça,Porto Nacional,TO,Norte,P0019,Mouse Redragon Wireless,Informática,2.0,165.99,0.0128,2025-03-28,2025-03-27
ORD02556,2025-03-23,Cliente_069,Levi da Rosa,Porto Nacional,TO,Norte,P0002,Samsung Galaxy Tab S6 Lite,Smartphones e Tablets,1.0,1799.01,0.0104,2025-03-28,2025-03-27
ORD02557,2025-03-23,Cliente_082,Felipe Gomes,Caicó,RN,Nordeste,P0014,Projetor EPSON Powerlite Wide Screen,TV e Projeção,3.0,2742.13,0.0758,2025-04-01,2025-03-31
ORD02558,2025-03-23,Cliente_090,Caio Novaes,Blumenau,SC,Sul,P0002,Samsung Galaxy Tab S6 Lite,Smartphones e Tablets,4.0,1799.01,0.0775,2025-03-26,2025-03-25
ORD02559,2025-03-23,Cliente_093,Bárbara Martins,Feira de Santana,BA,Nordeste,P0002,Samsung Galaxy Tab S6 Lite,Smartphones e Tablets,3.0,1799.01,0.1465,2025-03-25,2025-03-25
ORD02560,2025-03-23,Cliente_099,Srta. Maria Luiza Rocha,Blumenau,SC,Sul,P0013,"Projetor Smart Epson EpiqVision, FULL HD",TV e Projeção,1.0,3049.99,0.1625,2025-03-26,2025-03-25
ORD02561,2025-03-23,Cliente_117,Dra. Maysa Fogaça,Propriá,SE,Nordeste,P0003,Carregador Turbo USB-C 30W,Acessórios Mobile,2.0,49.9,0.0609,2025-03-29,2025-03-29
ORD02562,2025-03-23,Cliente_129,Pietra Gonçalves,Duque de Caxias,RJ,Sudeste,P0018,"Monitor UHD Samsung 32""",Informática,3.0,1626.57,0.0306,2025-03-25,2025-03-25
ORD02563,2025-03-23,Cliente_140,Ana Vitória Barbosa,Niterói,RJ,Sudeste,P0002,Samsung Galaxy Tab S6 Lite,Smartphones e Tablets,1.0,1799.01,0.1497,2025-03-30,2025-03-28
ORD02564,2025-03-23,Cliente_160,Vitória da Conceição,Santa Rita,PB,Nordeste,P0017,ACER Notebook Gamer Nitro,Informática,3.0,4604.0,0.1197,2025-03-27,2025-03-30
ORD02565,2025-03-23,Cliente_163,Thiago Rodrigues,São Luís,MA,Nordeste,P0004,Carregador Turbo Tipo-C 50w,Acessórios Mobile,4.0,,0.0283,2025-03-28,2025-03-28
ORD02566,2025-03-23,Cliente_170,Nicolas Vieira,Patos,PB,Nordeste,P0018,"Monitor UHD Samsung 32""",Informática,4.0,1626.57,0.007,2025-04-01,2025-04-04
ORD02567,2025-03-23,Cliente_177,Dra. Heloísa da Paz,São Paulo,SP,Sudeste,P0008,Película de Vidro 3D Galaxy A30s,Acessórios Mobile,2.0,17.9,0.0727,2025-03-28,2025-03-29
ORD02568,2025-03-23,Cliente_208,Vitor Araújo,Betim,MG,Sudeste,P0010,"Smart TV LED 32""Samsung LED Tizen TV",TV e Projeção,3.0,1079.0,0.1209,2025-03-28,2025-03-28
ORD02569,2025-03-23,Cliente_208,Vitor Araújo,Betim,MG,Sudeste,P0019,Mouse Redragon Wireless,Informática,3.0,165.99,0.0034,2025-03-28,2025-03-25
ORD02570,2025-03-23,Cliente_215,Olivia Souza,Camaçari,BA,Nordeste,P0007,Película para iPhone 14Pro Anti impacto,Acessórios Mobile,2.0,51.8,0.078,2025-03-30,2025-03-28
ORD02571,2025-03-23,Cliente_223,Felipe da Cunha,Tarauacá,AC,Norte,P0017,ACER Notebook Gamer Nitro,Informática,3.0,4604.0,0.0495,2025-03-26,2025-03-26
ORD02572,2025-03-23,Cliente_225,Enzo Gabriel Ramos,Caxias,MA,Nordeste,P0021,SSD Crucial 1TB NVMe M.2,Informática,2.0,449.0,0.0183,2025-04-01,2025-04-01
ORD02573,2025-03-23,Cliente_226,Milena da Conceição,Caruaru,PE,Nordeste,P0005,"Fone de Ouvido Sem Fio TWS, PHILIPS",Áudio,4.0,124.91,0.033,2025-03-25,2025-03-25
ORD02574,2025-03-23,Cliente_266,Caroline Carvalho,Cruzeiro do Sul,AC,Norte,P0001,Samsung Galaxy A36,Smartphones e Tablets,2.0,1979.1,0.0387,2025-03-29,2025-03-28
ORD02575,2025-03-23,Cliente_275,Marina Caldeira,Porto Alegre,RS,Sul,P0002,Samsung Galaxy Tab S6 Lite,Smartphones e Tablets,1.0,1799.01,0.0271,2025-03-25,2025-03-24
ORD02576,2025-03-23,Cliente_288,Sr. Ryan Gonçalves,Campinas,SP,Sudeste,P0010,"Smart TV LED 32""Samsung LED Tizen TV",TV e Projeção,1.0,1079.0,0.0264,2025-03-25,2025-03-26
ORD02577,,Cliente_296,Dra. Sophie da Luz,Caruaru,PE,Nordeste,P0005,"Fone de Ouvido Sem Fio TWS, PHILIPS",Áudio,2.0,124.91,0.0247,2025-03-28,2025-03-27
ORD02578,2025-03-23,Cliente_341,Alana Cardoso,Timon,MA,Nordeste,P0015,Fone de Ouvido Profissional AKG K92,Áudio,1.0,428.99,0.1363,2025-03-27,2025-03-27
ORD02579,2025-03-23,Cliente_349,Maria Fernanda Farias,Betim,MG,Sudeste,P0004,Carregador Turbo Tipo-C 50w,Acessórios Mobile,4.0,53.9,0.0465,2025-03-26,2025-03-26
ORD02580,2025-03-23,Cliente_357,Amanda Araújo,Araguaína,TO,Norte,P0014,Projetor EPSON Powerlite Wide Screen,TV e Projeção,4.0,2742.13,0.0517,2025-03-31,2025-03-30
ORD02581,2025-03-23,Cliente_380,Ana Clara das Neves,Bayeux,PB,Nordeste,P0015,Fone de Ouvido Profissional AKG K92,Áudio,,428.99,0.0923,2025-03-30,2025-04-02
ORD02582,2025-03-23,Cliente_400,Ana Sophia da Rosa,Floriano,PI,Nordeste,P0001,Samsung Galaxy A36,Smartphones e Tablets,4.0,1979.1,0.0933,2025-03-30,2025-03-30
ORD02583,2025-03-23,Cliente_484,Rafael Novaes Nogueira,Santa Maria,RS,Sul,P0009,Smart TV 32” Philco LED Roku TV,TV e Projeção,4.0,949.0,0.0222,2025-03-28,2025-03-28
ORD02584,,Cliente_002,Fernanda Lima,Vila Velha,ES,Sudeste,P0009,Smart TV 32” Philco LED Roku TV,TV e Projeção,4.0,949.0,0.0206,2025-03-28,2025-03-27
ORD02585,2025-03-24,Cliente003,Giovanna Aragão,Belém,PA,Norte,P0019,Mouse Redragon Wireless,Informática,4.0,165.99,0.011,2025-04-02,2025-04-04
ORD02586,2025-03-24,Cliente_006,Miguel Cardoso,Juazeiro,BA,Nordeste,P0006,Fone de ouvido Sem Fio QCY T27,Áudio,2.0,129.86,0.0931,2025-03-27,2025-03-27
ORD02587,2025-03-24,Cliente_012,Dr. Arthur da Cunha,Caracaraí,RR,Norte,P0018,"Monitor UHD Samsung 32""",Informática,3.0,1626.57,0.09,2025-03-28,2025-03-29
ORD02588,2025-03-24,Cliente_019,Gabriela da Paz,Uberlândia,MG,Sudeste,P0001,Samsung Galaxy A36,Smartphones e Tablets,4.0,1979.1,0.0931,2025-03-28,2025-03-28
ORD02589,2025-03-24,Cliente_019,Gabriela da Paz,Uberlândia,MG,Sudeste,P0020,Teclado Mecanico Fizz,Informática,1.0,174.9,0.0858,2025-03-29,2025-03-29
ORD02590,2025-03-24,Cliente_022,Lívia Gomes,Vitória,ES,Sudeste,P0006,Fone de ouvido Sem Fio QCY T27,Áudio,2.0,129.86,0.0112,2025-03-28,2025-03-30
ORD02591,2025-03-24,Cliente_028,Dr. Vinicius da Luz,Propriá,SE,Nordeste,P0018,"Monitor UHD Samsung 32""",Informática,2.0,1626.57,0.1468,2025-03-27,2025-03-25
ORD02592,2025-03-24,Cliente_083,Sophie Souza,Santo André,SP,Sudeste,P0014,Projetor EPSON Powerlite Wide Screen,TV e Projeção,3.0,2742.13,0.0261,2025-03-29,2025-03-28
ORD02593,2025-03-24,Cliente_102,Dr. Miguel Cunha,Gravataí,RS,Sul,P0015,Fone de Ouvido Profissional AKG K92,Áudio,3.0,428.99,0.1028,2025-03-30,2025-04-02
ORD02594,2025-03-24,Cliente_110,Rafaela Carvalho,Betim,MG,Sudeste,P0008,Película de Vidro 3D Galaxy A30s,Acessórios Mobile,2.0,17.9,0.0318,2025-03-26,2025-03-25
ORD02595,2025-03-24, cliente#121 ,Kamilly Pereira,Pelotas,RS,Sul,P0001,Samsung Galaxy A36,Smartphones e Tablets,4.0,1979.1,0.0925,2025-03-30,2025-03-30
ORD02596,2025-03-24,Cliente_150,Srta. Gabrielly Cardoso,Serra,ES,Sudeste,P0016, Fone de Ouvido Profissional EDIFIER WH950NB,Áudio,4.0,899.0,0.0568,2025-03-27,2025-03-25
ORD02597,2025-03-24,Cliente_165,Maria Fernanda Teixeira,Duque de Caxias,RJ,Sudeste,P0001,Samsung Galaxy A36,Smartphones e Tablets,3.0,1979.1,0.0795,2025-03-29,2025-03-30
ORD02598,2025-03-24,Cliente_174,Manuela Nogueira,Pelotas,RS,Sul,P0012,"Soundbar Tomate MTS-2017, Bivolt",Áudio,1.0,769.9,0.0814,2025-03-31,2025-03-30
ORD02599,2025-03-24,Cliente_178,Arthur Azevedo,Caxias,MA,Nordeste,P0008,Película de Vidro 3D Galaxy A30s,Acessórios Mobile,2.0,17.9,0.1043,2025-03-29,2025-03-29
ORD02600,2025-03-24,Cliente_189,Cauã Almeida,Patos,PB,Nordeste,P0002,Samsung Galaxy Tab S6 Lite,Smartphones e Tablets,3.0,1799.01,0.0533,2025-03-30,2025-03-29
ORD02601,2025-03-24,Cliente_208,Vitor Araújo,Betim,MG,Sudeste,P0010,"Smart TV LED 32""Samsung LED Tizen TV",TV e Projeção,2.0,1079.0,0.0467,2025-03-29,2025-03-31
ORD02602,2025-03-24,Cliente_216,Yasmin Costela,Pelotas,RS,Sul,P0002,Samsung Galaxy Tab S6 Lite,Smartphones e Tablets,3.0,1799.01,0.034,2025-03-28,2025-03-27
ORD02603,2025-03-24,Cliente_230,Maria Nogueira,Bayeux,PB,Nordeste,P0006,Fone de ouvido Sem Fio QCY T27,Áudio,4.0,129.86,0.1019,2025-03-30,2025-04-02
ORD02604,2025-03-24,Cliente_244,Maria Vitória Martins,Rio de Janeiro,RJ,Sudeste,P0006,Fone de ouvido Sem Fio QCY T27,Áudio,3.0,129.86,0.0012,2025-03-30,2025-03-29
ORD02605,2025-03-24,Cliente_251,Dr. João Felipe Sales,Ribeirão Preto,SP,Sudeste,P0020,Teclado Mecanico Fizz,Informática,1.0,174.9,0.1065,2025-03-26,2025-03-25
ORD02606,2025-03-24,Cliente_263,Sr. Cauã Carvalho,Uberlândia,MG,Sudeste,P0013,"Projetor Smart Epson EpiqVision, FULL HD",TV e Projeção,4.0,3049.99,0.1147,2025-04-01,2025-03-31
ORD02607,2025-03-24,Cliente_314,Nina Ramos,Laranjal do Jari,AP,Norte,P0012,"Soundbar Tomate MTS-2017, Bivolt",Áudio,1.0,769.9,0.039,2025-03-30,2025-04-06
ORD02608,2025-03-24,Cliente_326,Emanuella Porto,Ferreira Gomes,AP,Norte,P0008,Película de Vidro 3D Galaxy A30s,Acessórios Mobile,1.0,17.9,0.0712,2025-03-30,2025-03-28
ORD02609,2025-03-24,Cliente_337,Benício Fernandes,Castanhal,PA,Norte,P0001,Samsung Galaxy A36,Smartphones e Tablets,3.0,1979.1,0.1225,2025-03-29,2025-03-29
ORD02610,2025-03-24,Cliente_345,Nathan Castro,Brasiléia,AC,Norte,P0003,Carregador Turbo USB-C 30W,Acessórios Mobile,1.0,49.9,0.053,2025-03-28,2025-03-30
ORD02611,2025-03-24,Cliente_372!!,Diego Silva,Caracaraí,RR,Norte,P0012,"Soundbar Tomate MTS-2017, Bivolt",Áudio,4.0,769.9,0.0392,2025-04-01,2025-03-29
ORD02612,2025-03-24,Cliente_381,Fernanda Rocha,Ribeirão Preto,SP,Sudeste,P0004,Carregador Turbo Tipo-C 50w,Acessórios Mobile,2.0,53.9,0.0981,2025-03-29,2025-03-29
ORD02613,2025-03-24,Cliente_387,Manuela Rezende,Chapecó,SC,Sul,P0012,"Soundbar Tomate MTS-2017, Bivolt",Áudio,,769.9,0.0392,2025-03-28,2025-03-28
ORD02614,2025-03-24,Cliente_394,Eduardo Oliveira,Ribeirão Preto,SP,Sudeste,P0013,"Projetor Smart Epson EpiqVision, FULL HD",TV e Projeção,3.0,3049.99,0.0249,2025-03-28,2025-03-26
ORD02615,2025-03-24,Cliente_413,Raul Rezende,Sobral,CE,Nordeste,P0013,"Projetor Smart Epson EpiqVision, FULL HD",TV e Projeção,3.0,3049.99,0.0465,2025-03-27,2025-03-26
ORD02616,2025-03-24,Cliente_414,Stephany Melo,Timon,MA,Nordeste,P0018,"Monitor UHD Samsung 32""",Informática,4.0,1626.57,0.0814,2025-03-31,2025-04-02
ORD02617,2025-03-25,Cliente_048,Sr. Gustavo Henrique Peixoto,Gravataí,RS,Sul,P0008,Película de Vidro 3D Galaxy A30s,Acessórios Mobile,3.0,17.9,0.0943,2025-03-29,2025-03-26
ORD02618,2025-03-25,cliente_050,Enzo Monteiro,Curitiba,PR,Sul,P0013,"Projetor Smart Epson EpiqVision, FULL HD",TV e Projeção,3.0,3049.99,0.134,2025-03-28,2025-03-31
ORD02619,2025-03-25,Cliente_067,Nicole Dias,Uberlândia,MG,Sudeste,P0014,Projetor EPSON Powerlite Wide Screen,TV e Projeção,4.0,2742.13,0.1381,2025-04-02,2025-04-01
ORD02620,2025-03-25,Cliente_074,Luiz Fernando Freitas,Duque de Caxias,RJ,Sudeste,P0011,"Soundbar Samsung com 2.1 canais, Dolby Digital",Áudio,3.0,1072.0,0.1207,2025-04-01,2025-04-01
ORD02621,2025-03-25,Cliente_081,Sr. Heitor da Paz,Brasiléia,AC,Norte,P0015,Fone de Ouvido Profissional AKG K92,Áudio,2.0,428.99,0.128,2025-03-30,2025-03-27
ORD02622,2025-03-25,Cliente_085,Dra. Maria Sophia Ramos,Maringá,PR,Sul,P0001,Samsung Galaxy A36,Smartphones e Tablets,1.0,1979.1,0.0322,2025-03-30,2025-03-30
ORD02623,2025-03-25,Cliente_094,Daniel Martins,Teresina,PI,Nordeste,P0006,Fone de ouvido Sem Fio QCY T27,Áudio,3.0,129.86,0.1348,2025-03-31,2025-03-31
ORD02624,2025-03-25,Cliente_110,Rafaela Carvalho,Betim,MG,Sudeste,P0020,Teclado Mecanico Fizz,Informática,4.0,174.9,0.0127,2025-03-30,2025-03-28
ORD02625,2025-03-25,Cliente_119,Daniel Costa,Jaboatão dos Guararapes,PE,Nordeste,P0009,Smart TV 32” Philco LED Roku TV,TV e Projeção,1.0,949.0,0.0437,2025-03-31,2025-03-30
ORD02626,2025-03-25,Cliente_123,Sra. Isabelly Oliveira,Ribeirão Preto,SP,Sudeste,P0014,Projetor EPSON Powerlite Wide Screen,TV e Projeção,3.0,2742.13,0.0482,2025-03-31,2025-04-07
ORD02627,2025-03-25,Cliente_154,Juan Duarte,São Paulo,SP,Sudeste,P0008,Película de Vidro 3D Galaxy A30s,Acessórios Mobile,2.0,17.9,0.043,2025-03-27,2025-03-27
ORD02628,2025-03-25,Cliente_156,Lívia da Rocha,Cacoal,RO,Norte,P0007,Película para iPhone 14Pro Anti impacto,Acessórios Mobile,2.0,51.8,0.0382,2025-03-31,2025-04-03
ORD02629,2025-03-25,Cliente_161,Murilo Monteiro,Currais Novos,RN,Nordeste,P0002,Samsung Galaxy Tab S6 Lite,Smartphones e Tablets,2.0,1799.01,0.1354,2025-04-01,2025-04-01
ORD02630,2025-03-25,Cliente_182,Pedro Henrique Pinto,Parnaíba,PI,Nordeste,P0007,Película para iPhone 14Pro Anti impacto,Acessórios Mobile,,51.8,0.0535,2025-03-29,2025-03-28
ORD02631,2025-03-25,Cliente_187,Sabrina Fernandes,Caxias do Sul,RS,Sul,P0013,"Projetor Smart Epson EpiqVision, FULL HD",TV e Projeção,2.0,3049.99,0.1403,2025-04-02,2025-03-31
ORD02632,2025-03-25,Cliente_208,Vitor Araújo,Betim,MG,Sudeste,P0013,"Projetor Smart Epson EpiqVision, FULL HD",TV e Projeção,2.0,3049.99,0.1186,2025-03-27,2025-03-27
ORD02633,2025-03-25,Cliente_219,Natália da Luz,Cascavel,PR,Sul,P0007,Película para iPhone 14Pro Anti impacto,Acessórios Mobile,2.0,51.8,0.0337,2025-03-27,2025-03-31
ORD02634,2025-03-25,Cliente_255,Anthony Pires,Caxias do Sul,RS,Sul,P0014,Projetor EPSON Powerlite Wide Screen,TV e Projeção,3.0,2742.13,0.0105,2025-04-01,2025-04-01
ORD02635,2025-03-25,Cliente_263,Sr. Cauã Carvalho,Uberlândia,MG,Sudeste,P0021,SSD Crucial 1TB NVMe M.2,Informática,3.0,449.0,0.0494,2025-03-31,2025-04-06
ORD02636,2025-03-25,Cliente-281,Letícia da Luz,Campina Grande,PB,Nordeste,P0018,"Monitor UHD Samsung 32""",Informática,3.0,1626.57,0.1143,2025-04-01,2025-04-08
ORD02637,2025-03-25,Cliente_301,Sarah Melo,Curitiba,PR,Sul,P0006,Fone de ouvido Sem Fio QCY T27,Áudio,2.0,129.86,0.1157,2025-03-31,2025-03-30
ORD02638,2025-03-25,Cliente_314,Nina Ramos,Laranjal do Jari,AP,Norte,P0009,Smart TV 32” Philco LED Roku TV,TV e Projeção,1.0,949.0,0.05,2025-03-30,2025-04-01
ORD02639,2025-03-25,Cliente_326,Emanuella Porto,Ferreira Gomes,AP,Norte,P0013,"Projetor Smart Epson EpiqVision, FULL HD",TV e Projeção,1.0,3049.99,0.0525,2025-03-30,2025-03-29
ORD02640,2025-03-25,Cliente_330,Rebeca Farias,Cascavel,PR,Sul,P0006,Fone de ouvido Sem Fio QCY T27,Áudio,4.0,129.86,0.035,2025-03-30,2025-03-30
ORD02641,2025-03-25,Cliente_330,Rebeca Farias,Cascavel,PR,Sul,P0010,"Smart TV LED 32""Samsung LED Tizen TV",TV e Projeção,4.0,1079.0,0.0697,2025-04-01,2025-04-01
ORD02642,2025-03-25,Cliente_337,Benício Fernandes,Castanhal,PA,Norte,P0004,Carregador Turbo Tipo-C 50w,Acessórios Mobile,4.0,53.9,0.0541,2025-03-31,2025-03-30
ORD02643,2025-03-25,Cliente_371,Ana Luiza Nunes,Joinville,SC,Sul,P0016,Fone de Ouvido Profissional EDIFIER WH950NB,Áudio,4.0,899.0,0.0059,2025-03-29,2025-03-29
ORD02644,2025-03-25,Cliente_401,Luna Almeida,Juiz de Fora,MG,Sudeste,P0012,"Soundbar Tomate MTS-2017, Bivolt",Áudio,2.0,769.9,0.0442,2025-03-29,2025-03-28
ORD02645,,Cliente_406,Laís da Costa,Juiz de Fora,MG,Sudeste,P0004,Carregador Turbo Tipo-C 50w,Acessórios Mobile,4.0,53.9,0.1103,2025-04-01,2025-04-01
ORD02646,2025-03-25,Cliente_517,Letícia Cunha,Parnamirim,RN,Nordeste,P0020,Teclado Mecanico Fizz,Informática,2.0,174.9,0.0719,2025-04-01,2025-03-31
ORD02647,2025-03-26,Cliente_001,Evelyn da Luz,Cacoal,RO,Norte,P0015,Fone de Ouvido Profissional AKG K92,Áudio,4.0,428.99,0.061,2025-03-30,2025-03-29
ORD02648,2025-03-26,Cliente_006,Miguel Cardoso,Juazeiro,BA,Nordeste,P0017,ACER Notebook Gamer Nitro,Informática,1.0,4604.0,0.0519,2025-03-28,2025-03-27
ORD02649,,Cliente_010,Cauã da Rosa,Sobral,CE,Nordeste,P0021,SSD Crucial 1TB NVMe M.2,Informática,1.0,449.0,0.1258,2025-03-30,2025-03-28
ORD02650,2025-03-26,Cliente_023,Dr. Nathan Cunha,São Bernardo do Campo,SP,Sudeste,P0021,SSD Crucial 1TB NVMe M.2,Informática,4.0,449.0,0.0555,2025-03-28,2025-03-31
ORD02651,2025-03-26,Cliente_054,Benício Aragão,Caxias do Sul,RS,Sul,P0017,ACER Notebook Gamer Nitro,Informática,4.0,4604.0,0.0212,2025-03-31,2025-03-29
ORD02652,2025-03-26,Cliente_088,Bernardo Pereira,Olinda,PE,Nordeste,P0013,"Projetor Smart Epson EpiqVision, FULL HD",TV e Projeção,4.0,3049.99,0.0891,2025-03-30,2025-03-30
ORD02653,2025-03-26,Cliente_096,Dr. Luiz Henrique Pereira,Contagem,MG,Sudeste,P0006,Fone de ouvido Sem Fio QCY T27,Áudio,1.0,129.86,0.0318,2025-04-02,2025-04-01
ORD02654,2025-03-26,Cliente_102,Dr. Miguel Cunha,Gravataí,RS,Sul,P0020,Teclado Mecanico Fizz,Informática,4.0,174.9,0.0618,2025-03-29,2025-03-29
ORD02655,2025-03-26,Cliente_114,Evelyn da Paz,Mucajaí,RR,Norte,P0017,ACER Notebook Gamer Nitro,Informática,2.0,4604.0,0.1226,2025-03-30,2025-03-28
ORD02656,2025-03-26,Cliente_146,Levi Freitas,Ji-Paraná,RO,Norte,P0021,SSD Crucial 1TB NVMe M.2,Informática,1.0,449.0,0.0401,2025-04-04,2025-04-04
ORD02657,2025-03-26,Cliente_147,Júlia Moreira,Itajaí,SC,Sul,P0016,Fone de Ouvido Profissional EDIFIER WH950NB,Áudio,1.0,899.0,0.008,2025-03-29,2025-03-27
ORD02658,2025-03-26,Cliente_205,Kevin Souza,Santa Rita,PB,Nordeste,P0006,Fone de ouvido Sem Fio QCY T27,Áudio,3.0,129.86,0.1383,2025-03-30,2025-03-30
ORD02659,2025-03-26,Cliente_209,Eduarda Nunes,Recife,PE,Nordeste,P0006,Fone de ouvido Sem Fio QCY T27,Áudio,2.0,129.86,0.0786,2025-04-02,2025-04-01
ORD02660,2025-03-26,Cliente_219,Natália da Luz,Cascavel,PR,Sul,P0003,Carregador Turbo USB-C 30W,Acessórios Mobile,2.0,49.9,0.1051,2025-03-29,2025-03-31
ORD02661,2025-03-26,Cliente_255,Anthony Pires,Caxias do Sul,RS,Sul,P0002,Samsung Galaxy Tab S6 Lite,Smartphones e Tablets,4.0,1799.01,0.0661,2025-03-31,2025-04-02
ORD02662,2025-03-26,Cliente_265,Gabrielly Azevedo,São Bernardo do Campo,SP,Sudeste,P0008,Película de Vidro 3D Galaxy A30s,Acessórios Mobile,1.0,17.9,0.0414,2025-03-30,2025-03-30
ORD02663,2025-03-26,Cliente_276,Dra. Rafaela Peixoto,Betim,MG,Sudeste,P0006,Fone de ouvido Sem Fio QCY T27,Áudio,1.0,129.86,0.0266,2025-03-28,2025-04-01
ORD02664,2025-03-26,Cliente_284,Augusto da Cruz,Caracaraí,RR,Norte,P0027,Caixa de Som Bluetooth JBL,Áudio,3.0,549.9,0.176,2025-03-30,2025-04-01
ORD02665,2025-03-26,Cliente_304,Guilherme da Cunha,Tocantinópolis,TO,Norte,P0010,"Smart TV LED 32""Samsung LED Tizen TV",TV e Projeção,3.0,1079.0,0.1323,2025-04-05,2025-04-03
ORD02666,2025-03-26,Cliente_324,João Guilherme Araújo,Nova Iguaçu,RJ,Sudeste,P0011," Soundbar Samsung com 2.1 canais, Dolby Digital",Áudio,2.0,1072.0,0.0844,2025-04-02,2025-04-01
ORD02667,2025-03-26,Cliente_326,Emanuella Porto,Ferreira Gomes,AP,Norte,P0009,Smart TV 32” Philco LED Roku TV,TV e Projeção,1.0,949.0,0.0213,2025-04-02,2025-04-04
ORD02668,2025-03-26,Cliente_330,Rebeca Farias,Cascavel,PR,Sul,P0005,"Fone de Ouvido Sem Fio TWS, PHILIPS",Áudio,4.0,124.91,0.076,2025-03-31,2025-04-01
ORD02669,,Cliente_344,Davi da Rocha,Duque de Caxias,RJ,Sudeste,P0012,"Soundbar Tomate MTS-2017, Bivolt",Áudio,2.0,769.9,0.0276,2025-04-01,2025-03-29
ORD02670,2025-03-26,Cliente_394,Eduardo Oliveira,Ribeirão Preto,SP,Sudeste,P0011,"Soundbar Samsung com 2.1 canais, Dolby Digital",Áudio,1.0,1072.0,0.1002,2025-03-28,2025-03-27
ORD02671,2025-03-26,Cliente_412,Emanuella das Neves,Jaboatão dos Guararapes,PE,Nordeste,P0014,Projetor EPSON Powerlite Wide Screen,TV e Projeção,4.0,2742.13,0.1398,2025-04-03,2025-04-07
ORD02672,2025-03-26,Cliente_436,Daniel Carvalho,Itajaí,SC,Sul,P0027,Caixa de Som Bluetooth JBL,Áudio,2.0,549.9,0.0787,2025-03-30,2025-03-29
ORD02673,2025-03-26,Cliente_548,Benício Almeida,Tarauacá,AC,Norte,P0004,Carregador Turbo Tipo-C 50w,Acessórios Mobile,1.0,53.9,0.0168,2025-03-30,2025-03-29
ORD02674,2025-03-27,Cliente_008,Thales Pereira,Cascavel,PR,Sul,P0015,Fone de Ouvido Profissional AKG K92,Áudio,3.0,428.99,0.0666,2025-04-01,2025-04-01
ORD02675,2025-03-27,Cliente_020,Isabelly Farias,Pelotas,RS,Sul,P0015,Fone de Ouvido Profissional AKG K92,Áudio,1.0,428.99,0.1159,2025-04-01,2025-04-01
ORD02676,2025-03-27,Cliente_022,Lívia Gomes,Vitória,ES,Sudeste,P0015,Fone de Ouvido Profissional AKG K92,Áudio,2.0,428.99,0.0973,2025-04-03,2025-04-02
ORD02677,2025-03-27,Cliente_025,Matheus Novaes,Joinville,SC,Sul,P0005,"Fone de Ouvido Sem Fio TWS, PHILIPS",Áudio,3.0,124.91,0.1264,2025-03-29,2025-03-28
ORD02678,2025-03-27,Cliente_032,João Vitor Alves,Parintins,AM,Norte,P0013,"Projetor Smart Epson EpiqVision, FULL HD",TV e Projeção,1.0,3049.99,0.1454,2025-03-30,2025-03-29
ORD02679,2025-03-27,Cliente_068,Stephany Moreira,Curitiba,PR,Sul,P0016,Fone de Ouvido Profissional EDIFIER WH950NB,Áudio,1.0,899.0,0.0087,2025-04-01,2025-04-01
ORD02680,2025-03-27,Cliente_087,Dr. Pietro Silva,Pico,PI,Nordeste,P0015,Fone de Ouvido Profissional AKG K92,Áudio,3.0,,0.0689,2025-04-06,2025-04-09
ORD02681,2025-03-27,Cliente_095,Catarina Nogueira,Blumenau,SC,Sul,P0013,"Projetor Smart Epson EpiqVision, FULL HD",TV e Projeção,3.0,3049.99,0.1043,2025-03-31,2025-03-30
ORD02682,2025-03-27,Cliente_106,Nicolas Costela,Contagem,MG,Sudeste,P0010,"Smart TV LED 32""Samsung LED Tizen TV",TV e Projeção,2.0,1079.0,0.0992,2025-04-01,2025-03-30
ORD02683,2025-03-27,Cliente_110,Rafaela Carvalho,Betim,MG,Sudeste,P0001,Samsung Galaxy A36,Smartphones e Tablets,4.0,1979.1,0.0149,2025-03-31,2025-03-31
ORD02684,2025-03-27,Cliente_136,João Guilherme Rocha,Bom Jesus,PI,Nordeste,P0021,SSD Crucial 1TB NVMe M.2,Informática,3.0,449.0,0.0918,2025-04-02,2025-03-30
ORD02685,2025-03-27,Cliente_170,Nicolas Vieira,Patos,PB,Nordeste,P0020,Teclado Mecanico Fizz,Informática,1.0,174.9,0.1426,2025-04-01,2025-04-04
ORD02686,2025-03-27,Cliente_172,Luiz Gustavo Rocha,Porto Alegre,RS,Sul,P0008,Película de Vidro 3D Galaxy A30s,Acessórios Mobile,3.0,17.9,0.0694,2025-04-03,2025-04-02
ORD02687,2025-03-27,Cliente_188,Ana Beatriz Barbosa,Estância,SE,Nordeste,P0019,Mouse Redragon Wireless,Informática,4.0,165.99,0.1141,2025-04-02,2025-04-01
ORD02688,2025-03-27,Cliente_195,Maria Luiza da Conceição,Belém,PA,Norte,P0005,"Fone de Ouvido Sem Fio TWS, PHILIPS",Áudio,2.0,124.91,0.0978,2025-03-31,2025-03-30
ORD02689,2025-03-27,Cliente_196,Fernando Costa,Vila Velha,ES,Sudeste,P0008,Película de Vidro 3D Galaxy A30s,Acessórios Mobile,3.0,17.9,0.0765,2025-03-30,2025-03-30
ORD02690,2025-03-27,Cliente_228,Gabrielly Santos,Santarém,PA,Norte,P0017,ACER Notebook Gamer Nitro,Informática,1.0,4604.0,0.0678,2025-04-02,2025-04-02
ORD02691,2025-03-27,Cliente_234,Leonardo Oliveira,Maringá,PR,Sul,P0004,Carregador Turbo Tipo-C 50w,Acessórios Mobile,1.0,53.9,0.0557,2025-03-31,2025-03-31
ORD02692,2025-03-27,Cliente_234,Leonardo Oliveira,Maringá,PR,Sul,P0007,Película para iPhone 14Pro Anti impacto,Acessórios Mobile,1.0,51.8,0.0527,2025-03-29,2025-03-29
ORD02693,2025-03-27,Cliente_245,Nina Azevedo,Castanhal,PA,Norte,P0007,Película para iPhone 14Pro Anti impacto,Acessórios Mobile,2.0,51.8,0.0112,2025-04-02,2025-03-31
ORD02694,2025-03-27,Cliente_250,Raul Carvalho,Santana,AP,Norte,P0025,Webcam Logitech Full HD,Informática,2.0,329.9,0.0771,2025-04-02,2025-04-01
ORD02695,2025-03-27,Cliente_268,Pietra Pires,Parnamirim,RN,Nordeste,P0021,SSD Crucial 1TB NVMe M.2,Informática,4.0,449.0,0.1234,2025-04-01,2025-04-01
ORD02696,2025-03-27,Cliente_275,Marina Caldeira,Porto Alegre,RS,Sul,P0016,Fone de Ouvido Profissional EDIFIER WH950NB,Áudio,4.0,899.0,0.081,2025-04-04,2025-04-03
ORD02697,2025-03-27,Cliente_280,Daniel da Luz,Santo André,SP,Sudeste,P0008,Película de Vidro 3D Galaxy A30s,Acessórios Mobile ,2.0,17.9,0.137,2025-03-30,2025-03-29
ORD02698,2025-03-27,Cliente_290,Luiz Henrique Moraes,Laranjal do Jari,AP,Norte,P0002,Samsung Galaxy Tab S6 Lite,Smartphones e Tablets,,1799.01,0.0652,2025-04-01,2025-03-30
ORD02699,2025-03-27,Cliente_300,Dra. Maria Sophia Nogueira,Chapecó,SC,Sul,P0027,Caixa de Som Bluetooth JBL,Áudio,2.0,549.9,0.0742,2025-03-31,2025-03-28
ORD02700,2025-03-27,Cliente_319,Catarina Silva,Tarauacá,AC,Norte,P0003,Carregador Turbo USB-C 30W,Acessórios Mobile,1.0,49.9,0.0434,2025-04-03,2025-04-03
ORD02701,,Cliente_323,Dr. João Pedro Carvalho,Boa Vista,RR,Norte,P0013,"Projetor Smart Epson EpiqVision, FULL HD",TV e Projeção,1.0,3049.99,0.1057,2025-04-02,2025-04-01
ORD02702,2025-03-27,Cliente_332,Júlia Moraes,São Bernardo do Campo,SP,Sudeste,P0005,"Fone de Ouvido Sem Fio TWS, PHILIPS",Áudio,1.0,124.91,0.0093,2025-03-30,2025-04-01
ORD02703,2025-03-27,Cliente_333,Isaac Lopes,Londrina,PR,Sul,P0008,Película de Vidro 3D Galaxy A30s,Acessórios Mobile,2.0,17.9,0.0919,2025-04-02,2025-04-02
ORD02704,2025-03-27,Cliente_338,Dra. Lavínia da Rosa,Curitiba,PR,Sul,P0016,Fone de Ouvido Profissional EDIFIER WH950NB,Áudio,4.0,899.0,0.092,2025-03-30,2025-03-31
ORD02705,2025-03-27,Cliente_342,Vitor Gabriel Nascimento,Rio Branco,AC,Norte,P0015,Fone de Ouvido Profissional AKG K92,Áudio,1.0,428.99,0.0186,2025-04-03,2025-04-01
ORD02706,2025-03-27,Cliente_344,Davi da Rocha,Duque de Caxias,RJ,Sudeste,P0021,SSD Crucial 1TB NVMe M.2,Informática,,449.0,0.0594,2025-04-03,2025-04-03
ORD02707,2025-03-27,Cliente_348,Emilly Nascimento,Uberlândia,MG,Sudeste,P0001,Samsung Galaxy A36,Smartphones e Tablets,1.0,1979.1,0.0432,2025-04-04,2025-04-03
ORD02708,2025-03-27,Cliente_356,Matheus Ribeiro,Londrina,PR,Sul,P0001,Samsung Galaxy A36,Smartphones e Tablets,1.0,1979.1,0.0487,2025-03-31,2025-04-05
ORD02709,2025-03-27,Cliente_368,Bryan da Mota,Lagarto,SE,Nordeste,P0003,Carregador Turbo USB-C 30W,Acessórios Mobile,2.0,49.9,0.009,2025-04-02,2025-04-01
ORD02710,2025-03-27,Cliente_370,Cecília da Rocha,Patos,PB,Nordeste,P0002,Samsung Galaxy Tab S6 Lite,Smartphones e Tablets,1.0,1799.01,0.0493,2025-03-31,2025-04-06
ORD02711,2025-03-27,Cliente_375,Dra. Maria Julia Cardoso,Itajaí,SC,Sul,P0008, Película de Vidro 3D Galaxy A30s,Acessórios Mobile,3.0,17.9,0.0842,2025-03-29,2025-03-31
ORD02712,2025-03-27,Cliente_375,Dra. Maria Julia Cardoso,Itajaí,SC,Sul,P0021,SSD Crucial 1TB NVMe M.2,Informática,4.0,449.0,0.1195,2025-03-29,2025-03-29
ORD02713,2025-03-27,Cliente_389,Kevin Oliveira,Londrina,PR,Sul,P0017,ACER Notebook Gamer Nitro,Informática,3.0,4604.0,0.0537,2025-04-01,2025-04-02
ORD02714,2025-03-27,Cliente_418,Benício Monteiro,Nova Iguaçu,RJ,Sudeste,P0007, Película para iPhone 14Pro Anti impacto,Acessórios Mobile,2.0,51.8,0.1344,2025-03-30,2025-03-28
ORD02715,2025-03-27,Cliente_475,Lorena Teixeira,Chapecó,SC,Sul,P0024,Memória Kingston Fury 16GB DDR5,Informática,3.0,389.9,0.0655,2025-03-31,2025-04-02
ORD02716,2025-03-27,Cliente_476,Gabriela Rodrigues Melo,Uberlândia,MG,Sudeste,P0005,"Fone de Ouvido Sem Fio TWS, PHILIPS",Áudio,2.0,124.91,0.0307,2025-03-30,2025-04-03
ORD02717,2025-03-28,Cliente_016,Sr. Thomas Nascimento,Tarauacá,AC,Norte,P0009,Smart TV 32” Philco LED Roku TV,TV e Projeção,3.0,949.0,0.0426,2025-04-02,2025-04-01
ORD02718,2025-03-28,Cliente_030,João Lucas da Costa,Joinville,SC,Sul,P0006,Fone de ouvido Sem Fio QCY T27,Áudio,3.0,129.86,0.0371,2025-04-02,2025-04-02
ORD02719,2025-03-28,Cliente_044,Dr. Pedro Porto,Londrina,PR,Sul,P0010,"Smart TV LED 32""Samsung LED Tizen TV",TV e Projeção,1.0,1079.0,0.0382,2025-03-31,2025-03-29
ORD02720,2025-03-28,Cliente_048,Sr. Gustavo Henrique Peixoto,Gravataí,RS,Sul,P0009,Smart TV 32” Philco LED Roku TV,TV e Projeção,,949.0,0.0949,2025-04-05,2025-04-03
ORD02721,2025-03-28,Cliente_053,Pedro Moreira,Campinas,SP,Sudeste,P0007,Película para iPhone 14Pro Anti impacto,Acessórios Mobile,3.0,51.8,0.0958,2025-04-01,2025-04-01
ORD02722,2025-03-28, Cliente055 ,Antônio Rocha,Rorainópolis,RR,Norte,P0008,Película de Vidro 3D Galaxy A30s,Acessórios Mobile,2.0,,0.1147,2025-04-05,2025-04-04
ORD02723,2025-03-28,Cliente_061,Dr. Emanuel Fogaça,Porto Nacional,TO,Norte,P0015,Fone de Ouvido Profissional AKG K92,Áudio,1.0,428.99,0.0516,2025-04-05,2025-04-04
ORD02724,2025-03-28,Cliente_075,Rafaela Peixoto,Ribeirão Preto,SP,Sudeste,P0019,Mouse Redragon Wireless,Informática,3.0,165.99,0.0425,2025-04-01,2025-03-30
ORD02725,2025-03-28,Cliente_077,Stella Pires,Juazeiro do Norte,CE,Nordeste,P0004,Carregador Turbo Tipo-C 50w,Acessórios Mobile,3.0,53.9,0.0346,2025-04-06,2025-04-08
ORD02726,2025-03-28,Cliente_078,Davi Costela,Currais Novos,RN,Nordeste,P0009,Smart TV 32” Philco LED Roku TV,TV e Projeção,4.0,949.0,0.0281,2025-04-03,2025-04-01
ORD02727,2025-03-28,Cliente_078,Davi Costela,Currais Novos,RN,Nordeste,P0017,ACER Notebook Gamer Nitro,Informática,3.0,4604.0,0.0895,2025-04-03,2025-04-01
ORD02728,2025-03-28,Cliente_090,Caio Novaes,Blumenau,SC,Sul,P0004,Carregador Turbo Tipo-C 50w,Acessórios Mobile,2.0,53.9,0.0291,2025-03-30,2025-03-30
ORD02729,2025-03-28,Cliente_099,Srta. Maria Luiza Rocha,Blumenau,SC,Sul,P0016,Fone de Ouvido Profissional EDIFIER WH950NB,Áudio,3.0,899.0,0.0152,2025-03-30,2025-03-30
ORD02730,2025-03-28,Cliente_107,Leandro Nunes,Maringá,PR,Sul,P0014,Projetor EPSON Powerlite Wide Screen,TV e Projeção,4.0,2742.13,0.1334,2025-03-30,2025-04-02
ORD02731,2025-03-28,Cliente_112,Maria Luiza das Neves,Linhares,ES,Sudeste,P0021,SSD Crucial 1TB NVMe M.2,Informática,1.0,449.0,0.0823,2025-03-30,2025-04-02
ORD02732,2025-03-28,Cliente_119,Daniel Costa,Jaboatão dos Guararapes,PE,Nordeste,P0018,"Monitor UHD Samsung 32""",Informática,2.0,1626.57,0.0543,2025-04-05,2025-04-03
ORD02733,2025-03-28,Cliente_121!!,Kamilly Pereira,Pelotas,RS,Sul,P0012,"Soundbar Tomate MTS-2017, Bivolt",Áudio,1.0,769.9,0.0353,2025-03-31,2025-03-31
ORD02734,2025-03-28,Cliente_130,Isadora Rocha,Itajaí,SC,Sul,P0018,"Monitor UHD Samsung 32""",Informática,1.0,1626.57,0.0744,2025-03-31,2025-03-29
ORD02735,2025-03-28,Cliente_151,Lorenzo Moura,Vitória da Conquista,BA,Nordeste,P0021,SSD Crucial 1TB NVMe M.2,Informática,4.0,449.0,0.1386,2025-04-02,2025-04-02
ORD02736,2025-03-28,Cliente_164,Breno Rezende,Currais Novos,RN,Nordeste,P0015,Fone de Ouvido Profissional AKG K92,Áudio,3.0,428.99,0.0998,2025-04-03,2025-04-03
ORD02737,2025-03-28,Cliente_173,Vitor Pinto,Cascavel,PR,Sul,P0017,ACER Notebook Gamer Nitro,Informática,3.0,4604.0,0.0511,2025-03-30,2025-03-29
ORD02738,2025-03-28,Cliente_192,Davi Lucas Pires,Chapecó,SC,Sul,P0016,Fone de Ouvido Profissional EDIFIER WH950NB,Áudio,1.0,899.0,0.0967,2025-04-02,2025-04-02
ORD02739,2025-03-28,Cliente_196,Fernando Costa,Vila Velha,ES,Sudeste,P0011,"Soundbar Samsung com 2.1 canais, Dolby Digital",Áudio,4.0,1072.0,0.0917,2025-04-04,2025-04-08
ORD02740,2025-03-28,Cliente_210,Sarah Correia,Manacapuru,AM,Norte,P0011,"Soundbar Samsung com 2.1 canais, Dolby Digital",Áudio,2.0,1072.0,0.02,2025-04-03,2025-04-03
ORD02741,2025-03-28,Cliente_217,Otávio Sales,Porto Nacional,TO,Norte,P0019,Mouse Redragon Wireless,Informática,1.0,165.99,0.1011,2025-04-07,2025-04-05
ORD02742,2025-03-28,Cliente_218,Isabel Pereira,Vila Velha,ES,Sudeste,P0010,"Smart TV LED 32""Samsung LED Tizen TV",TV e Projeção,3.0,1079.0,0.1361,2025-04-03,2025-03-31
ORD02743,2025-03-28,Cliente_219,Natália da Luz,Cascavel,PR,Sul,P0013,"Projetor Smart Epson EpiqVision, FULL HD",TV e Projeção,1.0,3049.99,0.0013,2025-04-04,2025-04-04
ORD02744,2025-03-28,Cliente_227,Bruno Nascimento,Bayeux,PB,Nordeste,P0009,Smart TV 32” Philco LED Roku TV,TV e Projeção,1.0,949.0,0.1087,2025-04-06,2025-04-10
ORD02745,2025-03-28,Cliente_230,Maria Nogueira,Bayeux,PB,Nordeste,P0018,"Monitor UHD Samsung 32""",Informática,2.0,1626.57,0.1284,2025-04-06,2025-04-05
ORD02746,2025-03-28,Cliente_243,Laura da Cunha,Maringá,PR,Sul,P0009,Smart TV 32” Philco LED Roku TV,TV e Projeção,4.0,949.0,0.0062,2025-03-31,2025-03-29
ORD02747,2025-03-28,Cliente_253,Mariane Lopes,Estância,SE,Nordeste,P0004,Carregador Turbo Tipo-C 50w,Acessórios Mobile,1.0,53.9,0.0351,2025-03-30,2025-03-29
ORD02748,2025-03-28,Cliente_260,Ana Vitória Monteiro,Ribeirão Preto,SP,Sudeste,P0017,ACER Notebook Gamer Nitro,Informática,2.0,4604.0,0.1336,2025-04-01,2025-03-31
ORD02749,2025-03-28,Cliente_273,Leonardo Melo,Sobral,CE,Nordeste,P0002,Samsung Galaxy Tab S6 Lite,Smartphones e Tablets,1.0,1799.01,0.1348,2025-04-04,2025-04-05
ORD02750,2025-03-28,Cliente_300,Dra. Maria Sophia Nogueira,Chapecó,SC,Sul,P0016,Fone de Ouvido Profissional EDIFIER WH950NB,Áudio,2.0,899.0,0.1194,2025-03-31,2025-03-31
ORD02751,2025-03-28,Cliente_326,Emanuella Porto,Ferreira Gomes,AP,Norte,P0008,Película de Vidro 3D Galaxy A30s,Acessórios Mobile,3.0,17.9,0.0634,2025-04-06,2025-04-05
ORD02752,2025-03-28,Cliente_340,Bruno Cardoso,Gravataí,RS,Sul,P0012,"Soundbar Tomate MTS-2017, Bivolt",Áudio,2.0,769.9,0.1403,2025-04-05,2025-04-05
ORD02753,2025-03-28,Cliente_371,Ana Luiza Nunes,Joinville,SC,Sul,P0018,"Monitor UHD Samsung 32""",Informática,1.0,1626.57,0.1076,2025-04-02,2025-04-01
ORD02754,2025-03-28,Cliente_376,Eduarda Melo,Serra,ES,Sudeste,P0013,"Projetor Smart Epson EpiqVision, FULL HD",TV e Projeção,1.0,3049.99,0.077,2025-04-03,2025-04-03
ORD02755,2025-03-28,Cliente_386,Diego Cavalcanti,Mucajaí,RR,Norte,P0022,Smartphone Motorola Edge 50 Neo,Smartphones e Tablets,2.0,2299.9,0.0403,2025-04-03,2025-04-03
ORD02756,2025-03-28,Cliente_394,Eduardo Oliveira,Ribeirão Preto,SP,Sudeste,P0004,Carregador Turbo Tipo-C 50w,Acessórios Mobile,1.0,53.9,0.0141,2025-03-30,2025-03-29
ORD02757,2025-03-28,Cliente_394,Eduardo Oliveira,Ribeirão Preto,SP,Sudeste,P0025,Webcam Logitech Full HD,Informática,2.0,329.9,0.1119,2025-04-01,2025-04-01
ORD02758,2025-03-28,Cliente_401,Luna Almeida,Juiz de Fora,MG,Sudeste,P0002,Samsung Galaxy Tab S6 Lite,Smartphones e Tablets,2.0,1799.01,0.0697,2025-04-02,2025-04-02
ORD02759,2025-03-28,Cliente_413,Raul Rezende,Sobral,CE,Nordeste,P0006,Fone de ouvido Sem Fio QCY T27,Áudio,1.0,129.86,0.0953,2025-04-03,2025-04-05
ORD02760,2025-03-28,Cliente_439,Stella Cunha,Nova Iguaçu,RJ,Sudeste,P0015,Fone de Ouvido Profissional AKG K92,Áudio,3.0,,0.165,2025-03-31,2025-03-30
ORD02761,2025-03-28,Cliente_532,Gustavo Farias,Tarauacá,AC,Norte,P0009,Smart TV 32” Philco LED Roku TV,TV e Projeção,1.0,949.0,0.0154,2025-04-05,2025-04-04
ORD02762,2025-03-29,Cliente_006,Miguel Cardoso,Juazeiro,BA,Nordeste,P0003,Carregador Turbo USB-C 30W,Acessórios Mobile,3.0,49.9,0.0183,2025-04-01,2025-03-30
ORD02763,2025-03-29,Cliente_032,João Vitor Alves,Parintins,AM,Norte,P0006,Fone de ouvido Sem Fio QCY T27,Áudio,4.0,129.86,0.0326,2025-04-03,2025-04-03
ORD02764,2025-03-29,Cliente_086,Srta. Heloísa Moraes,Pelotas,RS,Sul,P0019,Mouse Redragon Wireless,Informática,1.0,165.99,0.0798,2025-04-02,2025-04-07
ORD02765,2025-03-29,Cliente_146,Levi Freitas,Ji-Paraná,RO,Norte,P0010,"Smart TV LED 32""Samsung LED Tizen TV",TV e Projeção,1.0,1079.0,0.0612,2025-04-01,2025-03-31
ORD02766,2025-03-29,Cliente_154,Juan Duarte,São Paulo,SP,Sudeste,P0014,Projetor EPSON Powerlite Wide Screen,TV e Projeção,3.0,2742.13,0.0129,2025-04-03,2025-04-05
ORD02767,2025-03-29,Cliente_171,Vitor Gabriel Fernandes,Ferreira Gomes,AP,Norte,P0020,Teclado Mecanico Fizz,Informática,1.0,174.9,0.1224,2025-04-04,2025-04-04
ORD02768,2025-03-29,Cliente_224,Bernardo Vieira,Itajaí,SC,Sul,P0010,"Smart TV LED 32""Samsung LED Tizen TV",TV e Projeção,3.0,1079.0,0.05,2025-04-06,2025-04-06
ORD02769,2025-03-29,Cliente_230,Maria Nogueira,Bayeux,PB,Nordeste,P0011,"Soundbar Samsung com 2.1 canais, Dolby Digital",Áudio,1.0,1072.0,0.0997,2025-04-01,2025-03-31
ORD02770,2025-03-29,Cliente_284,Augusto da Cruz,Caracaraí,RR,Norte,P0006,Fone de ouvido Sem Fio QCY T27,Áudio,1.0,129.86,0.0711,2025-04-04,2025-04-03
ORD02771,2025-03-29,Cliente_294,Larissa Teixeira,Ferreira Gomes,AP,Norte,P0021,SSD Crucial 1TB NVMe M.2,Informática,4.0,449.0,0.147,2025-04-03,2025-04-01
ORD02772,2025-03-29,Cliente_300,Dra. Maria Sophia Nogueira,Chapecó,SC,Sul,P0004,Carregador Turbo Tipo-C 50w,Acessórios Mobile,4.0,53.9,0.1379,2025-04-04,2025-04-14
ORD02773,2025-03-29,Cliente_302,Emilly Farias,Ribeirão Preto,SP,Sudeste,P0014,Projetor EPSON Powerlite Wide Screen,TV e Projeção,3.0,2742.13,0.0466,2025-03-31,2025-03-31
ORD02774,2025-03-29,Cliente_303,Davi Lucca Freitas,Boa Vista,RR,Norte,P0013,"Projetor Smart Epson EpiqVision, FULL HD",TV e Projeção,3.0,3049.99,0.1102,2025-04-06,2025-04-06
ORD02775,2025-03-29,Cliente_316,Pedro Miguel Caldeira,Caxias do Sul,RS,Sul,P0002,Samsung Galaxy Tab S6 Lite,Smartphones e Tablets,2.0,1799.01,0.0613,2025-04-03,2025-04-03
ORD02776,2025-03-29,Cliente_320,Luana Rezende,Camaçari,BA,Nordeste,P0012,"Soundbar Tomate MTS-2017, Bivolt",Áudio,2.0,769.9,0.0473,2025-04-05,2025-04-10
ORD02777,2025-03-29,Cliente_355,Srta. Marina Rocha,Caucaia,CE,Nordeste,P0001,Samsung Galaxy A36,Smartphones e Tablets,3.0,1979.1,0.0385,2025-04-01,2025-04-05
ORD02778,2025-03-29,Cliente_364,Evelyn Azevedo,Fortaleza,CE,Nordeste,P0008,Película de Vidro 3D Galaxy A30s,Acessórios Mobile,,17.9,0.1124,2025-04-03,2025-03-31
ORD02779,2025-03-29,Cliente_371,Ana Luiza Nunes,Joinville,SC,Sul,P0012,"Soundbar Tomate MTS-2017, Bivolt",Áudio,1.0,769.9,0.1127,2025-04-04,2025-04-02
ORD02780,2025-03-29,Cliente_372,Diego Silva,Caracaraí,RR,Norte,P0003,Carregador Turbo USB-C 30W,Acessórios Mobile,1.0,49.9,0.0461,2025-04-04,2025-04-14
ORD02781,2025-03-29,Cliente_378,Natália Novaes,Caxias,MA,Nordeste,P0004,Carregador Turbo Tipo-C 50w,Acessórios Mobile,3.0,53.9,0.0036,2025-04-06,2025-04-05
ORD02782,2025-03-29,Cliente_380,Ana Clara das Neves,Bayeux,PB,Nordeste,P0006,Fone de ouvido Sem Fio QCY T27,Áudio,1.0,129.86,0.1278,2025-04-07,2025-04-07
ORD02783,2025-03-29,Cliente_395,Luiz Henrique Castro,Betim,MG,Sudeste,P0017,ACER Notebook Gamer Nitro,Informática,,,0.0155,2025-04-01,2025-03-31
ORD02784,2025-03-29,Cliente_457,Francisco Cardoso,Itajaí,SC,Sul,P0017,ACER Notebook Gamer Nitro,Informática,2.0,4604.0,0.0977,2025-04-02,2025-04-03
ORD02785,2025-03-30,Cliente_010,Cauã da Rosa,Sobral,CE,Nordeste,P0005,"Fone de Ouvido Sem Fio TWS, PHILIPS",Áudio,1.0,124.91,0.0081,2025-04-03,2025-04-03
ORD02786,2025-03-30,Cliente_027,Davi Lucas Gomes,Ribeirão Preto,SP,Sudeste,P0005,"Fone de Ouvido Sem Fio TWS, PHILIPS",Áudio,1.0,124.91,0.0869,2025-04-01,2025-04-01
ORD02787,2025-03-30,Cliente_032,João Vitor Alves,Parintins,AM,Norte,P0008,Película de Vidro 3D Galaxy A30s,Acessórios Mobile,4.0,17.9,0.1969,2025-04-03,2025-04-02
ORD02788,2025-03-30,Cliente_035,Enzo da Rocha,Caracaraí,RR,Norte,P0021,SSD Crucial 1TB NVMe M.2,Informática,3.0,449.0,0.029,2025-04-08,2025-04-05
ORD02789,2025-03-30,Cliente_043,Luiz Fernando Moura,Vilhena,RO,Norte,P0010,"Smart TV LED 32""Samsung LED Tizen TV",TV e Projeção,4.0,1079.0,0.0925,2025-04-02,2025-04-06
ORD02790,2025-03-30,Cliente_055,Antônio Rocha,Rorainópolis,RR,Norte,P0017,ACER Notebook Gamer Nitro,Informática,4.0,4604.0,0.096,2025-04-03,2025-04-03
ORD02791,2025-03-30,Cliente_073,Evelyn Castro,Juazeiro,BA,Nordeste,P0009,Smart TV 32” Philco LED Roku TV,TV e Projeção,1.0,949.0,0.0938,2025-04-05,2025-04-07
ORD02792,2025-03-30,Cliente_074,Luiz Fernando Freitas,Duque de Caxias,RJ,Sudeste,P0017,ACER Notebook Gamer Nitro,Informática,3.0,4604.0,0.0122,2025-04-06,2025-04-08
ORD02793,2025-03-30,cliente_136,João Guilherme Rocha,Bom Jesus,PI,Nordeste,P0002,Samsung Galaxy Tab S6 Lite,Smartphones e Tablets,4.0,1799.01,0.105,2025-04-07,2025-04-07
ORD02794,2025-03-30,Cliente_154,Juan Duarte,São Paulo,SP,Sudeste,P0005,"Fone de Ouvido Sem Fio TWS, PHILIPS",Áudio,2.0,,0.048,2025-04-01,2025-04-03
ORD02795,2025-03-30,Cliente_169,Pedro Henrique Monteiro,Ji-Paraná,RO,Norte,P0005,"Fone de Ouvido Sem Fio TWS, PHILIPS",Áudio,2.0,124.91,0.0364,2025-04-05,2025-04-05
ORD02796,2025-03-30,Cliente_215,Olivia Souza,Camaçari,BA,Nordeste,P0006,Fone de ouvido Sem Fio QCY T27,Áudio,1.0,129.86,0.0268,2025-04-06,2025-04-06
ORD02797,2025-03-30,Cliente_218,Isabel Pereira,Vila Velha,ES,Sudeste,P0006,Fone de ouvido Sem Fio QCY T27,Áudio,3.0,129.86,0.0862,2025-04-06,2025-04-06
ORD02798,2025-03-30,Cliente_225,Enzo Gabriel Ramos,Caxias,MA,Nordeste,P0015,Fone de Ouvido Profissional AKG K92,Áudio,4.0,428.99,0.0187,2025-04-06,2025-04-05
ORD02799,2025-03-30,Cliente_244,Maria Vitória Martins,Rio de Janeiro,RJ,Sudeste,P0013,"Projetor Smart Epson EpiqVision, FULL HD",TV e Projeção,1.0,3049.99,0.1049,2025-04-02,2025-04-02
ORD02800,2025-03-30,Cliente_280!!,Daniel da Luz,Santo André,SP,Sudeste,P0027,Caixa de Som Bluetooth JBL,Áudio,3.0,549.9,0.1637,2025-04-08,2025-04-05
ORD02801,2025-03-30,Cliente_299,Pietra Duarte,Parintins,AM,Norte,P0008,Película de Vidro 3D Galaxy A30s,Acessórios Mobile,4.0,17.9,0.0992,2025-04-03,2025-04-02
ORD02802,2025-03-30,Cliente_300,Dra. Maria Sophia Nogueira,Chapecó,SC,Sul,P0018,"Monitor UHD Samsung 32""",Informática,4.0,1626.57,0.0343,2025-04-04,2025-04-08
ORD02803,2025-03-30,Cliente_308,Enzo Gabriel Costa,Londrina,PR,Sul,P0005,"Fone de Ouvido Sem Fio TWS, PHILIPS",Áudio,2.0,124.91,0.1326,2025-04-04,2025-04-04
ORD02804,2025-03-30,Cliente_319,Catarina Silva,Tarauacá,AC,Norte,P0010,"Smart TV LED 32""Samsung LED Tizen TV",TV e Projeção,2.0,1079.0,0.0352,2025-04-07,2025-04-06
ORD02805,2025-03-30,Cliente_340,Bruno Cardoso,Gravataí,RS,Sul,P0021,SSD Crucial 1TB NVMe M.2,Informática,,449.0,0.0369,2025-04-05,2025-04-04
ORD02806,2025-03-30,Cliente_404,João Gabriel Duarte,Gravataí,RS,Sul,P0002,Samsung Galaxy Tab S6 Lite,Smartphones e Tablets,1.0,1799.01,0.0222,2025-04-06,2025-04-06
ORD02807,2025-03-30,Cliente_406,Laís da Costa,Juiz de Fora,MG,Sudeste,P0011,"Soundbar Samsung com 2.1 canais, Dolby Digital",Áudio,3.0,1072.0,0.0279,2025-04-03,2025-04-03
ORD02808,2025-03-30,Cliente_421,Kaique Oliveira Aragão,Campinas,SP,Sudeste,P0008,Película de Vidro 3D Galaxy A30s,Acessórios Mobile,3.0,17.9,0.1107,2025-04-02,2025-04-02
ORD02809,2025-03-30,Cliente_443,Leonardo Rezende,Caucaia,CE,Nordeste,P0005,"Fone de Ouvido Sem Fio TWS, PHILIPS",Áudio,4.0,124.91,0.0439,2025-04-05,2025-04-05
ORD02810,2025-03-31,Cliente_006,Miguel Cardoso,Juazeiro,BA,Nordeste,P0008,Película de Vidro 3D Galaxy A30s,Acessórios Mobile,,17.9,0.0284,2025-04-04,2025-04-07
ORD02811,2025-03-31,Cliente_009,Sofia Sales,Ponta Grossa,PR,Sul,P0004,Carregador Turbo Tipo-C 50w,Acessórios Mobile,4.0,53.9,0.1124,2025-04-03,2025-04-01
ORD02812,2025-03-31,Cliente_041,Miguel Nascimento,Ribeirão Preto,SP,Sudeste,P0005,"Fone de Ouvido Sem Fio TWS, PHILIPS",Áudio,1.0,124.91,0.0175,2025-04-05,2025-04-05
ORD02813,2025-03-31,Cliente_081,Sr. Heitor da Paz,Brasiléia,AC,Norte,P0009,Smart TV 32” Philco LED Roku TV,TV e Projeção,4.0,949.0,0.0811,2025-04-08,2025-04-07
ORD02814,2025-03-31,Cliente_088,Bernardo Pereira,Olinda,PE,Nordeste,P0019,Mouse Redragon Wireless,Informática,4.0,165.99,0.1312,2025-04-03,2025-04-03
ORD02815,2025-03-31,Cliente_126,Luiz Fernando da Costa,Juiz de Fora,MG,Sudeste,P0008,Película de Vidro 3D Galaxy A30s,Acessórios Mobile,1.0,17.9,0.2273,2025-04-03,2025-04-07
ORD02816,2025-03-31,Cliente_133,Isadora Novaes,Cachoeiro de Itapemirim,ES,Sudeste,P0007,Película para iPhone 14Pro Anti impacto,Acessórios Mobile,1.0,51.8,0.0065,2025-04-05,2025-04-07
ORD02817,2025-03-31,Cliente_168,Rodrigo Peixoto,Ferreira Gomes,AP,Norte,P0009,Smart TV 32” Philco LED Roku TV,TV e Projeção,1.0,949.0,0.1014,2025-04-09,2025-04-07
ORD02818,2025-03-31,Cliente_183,Ian Peixoto,Santo André,SP,Sudeste,P0012,"Soundbar Tomate MTS-2017, Bivolt",Áudio,4.0,769.9,0.0447,2025-04-05,2025-04-05
ORD02819,2025-03-31,Cliente_202,Nicolas Viana,Niterói,RJ,Sudeste,P0012,"Soundbar Tomate MTS-2017, Bivolt",Áudio,3.0,769.9,0.0533,2025-04-04,2025-04-02
ORD02820,2025-03-31,Cliente_224,Bernardo Vieira,Itajaí,SC,Sul,P0010,"Smart TV LED 32""Samsung LED Tizen TV",TV e Projeção,2.0,1079.0,0.0458,2025-04-02,2025-04-01
ORD02821,2025-03-31,Cliente_230,Maria Nogueira,Bayeux,PB,Nordeste,P0020,Teclado Mecanico Fizz,Informática,3.0,174.9,0.0042,2025-04-05,2025-04-03
ORD02822,2025-03-31,Cliente_268,Pietra Pires,Parnamirim,RN,Nordeste,P0006,Fone de ouvido Sem Fio QCY T27,Áudio,3.0,129.86,0.0622,2025-04-07,2025-04-07
ORD02823,2025-03-31,Cliente_322,Ana Vitória Costela,Caxias do Sul,RS,Sul,P0017,ACER Notebook Gamer Nitro,Informática,3.0,4604.0,0.0919,2025-04-03,2025-04-02
ORD02824,2025-03-31,Cliente_337,Benício Fernandes,Castanhal,PA,Norte,P0006,Fone de ouvido Sem Fio QCY T27,Áudio,4.0,129.86,0.0132,2025-04-06,2025-04-10
ORD02825,2025-03-31,Cliente_368,Bryan da Mota,Lagarto,SE,Nordeste,P0012,"Soundbar Tomate MTS-2017, Bivolt",Áudio,3.0,769.9,0.018,2025-04-02,2025-04-04
ORD02826,2025-03-31,Cliente_406,Laís da Costa,Juiz de Fora,MG,Sudeste,P0019,Mouse Redragon Wireless,Informática,2.0,165.99,0.1182,2025-04-04,2025-04-02
ORD02827,2025-03-31,Cliente_414,Stephany Melo,Timon,MA,Nordeste,P0004,Carregador Turbo Tipo-C 50w,Acessórios Mobile,2.0,53.9,0.0963,2025-04-05,2025-04-04
ORD02828,2025-03-31,Cliente_437,Miguel Castro,Santo André,SP,Sudeste,P0020,Teclado Mecanico Fizz,Informática,2.0,174.9,0.0294,2025-04-04,2025-04-03
ORD02829,2025-03-31,Cliente_450,Nathan Rosa,Maringá,PR,Sul,P0008,Película de Vidro 3D Galaxy A30s,Acessórios Mobile,2.0,17.9,0.2566,2025-04-07,2025-04-05
ORD02830,2025-03-31,Cliente_501,Júlia Mota,Contagem,MG,Sudeste,P0007,Película para iPhone 14Pro Anti impacto,Acessórios Mobile,1.0,51.8,0.0361,2025-04-06,2025-04-06
ORD02831,2025-04-01,Cliente_036,Bryan Pires,Manacapuru,AM,Norte,P0001,Samsung Galaxy A36,Smartphones e Tablets,4.0,1979.1,0.0332,2025-04-07,2025-04-06
ORD02832,2025-04-01,Cliente_047,Maria Julia Nascimento,Duque de Caxias,RJ,Sudeste,P0015,Fone de Ouvido Profissional AKG K92, Áudio,4.0,428.99,0.0958,2025-04-03,2025-04-03
ORD02833,2025-04-01,Cliente_060,Kaique Gomes,São Bernardo do Campo,SP,Sudeste,P0001,Samsung Galaxy A36,Smartphones e Tablets,2.0,1979.1,0.0263,2025-04-03,2025-04-03
ORD02834,2025-04-01,Cliente_073,Evelyn Castro,Juazeiro,BA,Nordeste,P0020,Teclado Mecanico Fizz,Informática,1.0,174.9,0.0847,2025-04-05,2025-04-05
ORD02835,2025-04-01,Cliente_104,Clarice Rezende,Blumenau,SC,Sul,P0021,SSD Crucial 1TB NVMe M.2,Informática,2.0,449.0,0.1331,2025-04-06,2025-04-08
ORD02836,2025-04-01,Cliente_119,Daniel Costa,Jaboatão dos Guararapes,PE,Nordeste,P0018,"Monitor UHD Samsung 32""",Informática,2.0,1626.57,0.0992,2025-04-05,2025-04-07
ORD02837,2025-04-01,Cliente_121,Kamilly Pereira,Pelotas,RS,Sul,P0001,Samsung Galaxy A36,Smartphones e Tablets,2.0,1979.1,0.1428,2025-04-08,2025-04-07
ORD02838,2025-04-01,Cliente_122,Natália Silva,Cascavel,PR,Sul,P0003,Carregador Turbo USB-C 30W,Acessórios Mobile,2.0,49.9,0.0014,2025-04-06,2025-04-05
ORD02839,2025-04-01,Cliente_170,Nicolas Vieira,Patos,PB,Nordeste,P0012,"Soundbar Tomate MTS-2017, Bivolt",Áudio,3.0,769.9,0.0763,2025-04-06,2025-04-03
ORD02840,2025-04-01,Cliente_192,Davi Lucas Pires,Chapecó,SC,Sul,P0012,"Soundbar Tomate MTS-2017, Bivolt",Áudio,3.0,769.9,0.0963,2025-04-03,2025-04-02
ORD02841,2025-04-01,Cliente_194,Pedro Gomes,Pelotas,RS,Sul,P0013,"Projetor Smart Epson EpiqVision, FULL HD",TV e Projeção,4.0,3049.99,0.0112,2025-04-07,2025-04-05
ORD02842,2025-04-01,Cliente_202,Nicolas Viana,Niterói,RJ,Sudeste,P0002,Samsung Galaxy Tab S6 Lite,Smartphones e Tablets,1.0,1799.01,0.0408,2025-04-06,2025-04-05
ORD02843,2025-04-01,Cliente_209,Eduarda Nunes,Recife,PE,Nordeste,P0018,"Monitor UHD Samsung 32""",Informática,3.0,1626.57,0.1479,2025-04-03,2025-04-03
ORD02844,2025-04-01,Cliente_215,Olivia Souza,Camaçari,BA,Nordeste,P0007,Película para iPhone 14Pro Anti impacto,Acessórios Mobile,1.0,51.8,0.0598,2025-04-05,2025-04-04
ORD02845,2025-04-01,Cliente_218,Isabel Pereira,Vila Velha,ES,Sudeste,P0014,Projetor EPSON Powerlite Wide Screen,TV e Projeção,4.0,2742.13,0.0431,2025-04-06,2025-04-10
ORD02846,2025-04-01,Cliente_219,Natália da Luz,Cascavel,PR,Sul,P0003,Carregador Turbo USB-C 30W,Acessórios Mobile,4.0,49.9,0.1308,2025-04-04,2025-04-09
ORD02847,2025-04-01,Cliente_254,Kevin Santos,Niterói,RJ,Sudeste,P0012,"Soundbar Tomate MTS-2017, Bivolt ",Áudio,4.0,769.9,0.0288,2025-04-05,2025-04-03
ORD02848,2025-04-01,Cliente_259,Melissa da Rocha,São Bernardo do Campo,SP,Sudeste,P0003, Carregador Turbo USB-C 30W,Acessórios Mobile,1.0,49.9,0.049,2025-04-04,2025-04-09
ORD02849,2025-04-01,Cliente_266,Caroline Carvalho,Cruzeiro do Sul,AC,Norte,P0019,Mouse Redragon Wireless,Informática,3.0,165.99,0.0821,2025-04-07,2025-04-05
ORD02850,2025-04-01,Cliente_297,Letícia Campos,Boa Vista,RR,Norte,P0010,"Smart TV LED 32""Samsung LED Tizen TV",TV e Projeção,2.0,1079.0,0.0863,2025-04-07,2025-04-08
ORD02851,2025-04-01,Cliente_313,Noah Rodrigues,Ji-Paraná,RO,Norte,P0002,Samsung Galaxy Tab S6 Lite,Smartphones e Tablets,4.0,1799.01,0.0049,2025-04-05,2025-04-03
ORD02852,2025-04-01,Cliente_330,Rebeca Farias,Cascavel,PR,Sul,P0009,Smart TV 32” Philco LED Roku TV,TV e Projeção,2.0,949.0,0.1023,2025-04-03,2025-04-02
ORD02853,2025-04-01,Cliente_363,Diego Costela,Ananindeua,PA,Norte,P0013,"Projetor Smart Epson EpiqVision, FULL HD",TV e Projeção,4.0,3049.99,0.1345,2025-04-04,2025-04-02
ORD02854,2025-04-01, Cliente_366,Ana Laura Teixeira,Londrina,PR,Sul,P0019,Mouse Redragon Wireless,Informática,3.0,165.99,0.1362,2025-04-07,2025-04-06
ORD02855,2025-04-01,cliente_384,Brenda Monteiro,Santana,AP,Norte,P0016,Fone de Ouvido Profissional EDIFIER WH950NB,Áudio,2.0,899.0,0.0665,2025-04-07,2025-04-07
ORD02856,2025-04-01,Cliente_409,Eloah Silva,Sobral,CE,Nordeste,P0003,Carregador Turbo USB-C 30W,Acessórios Mobile,1.0,49.9,0.0496,2025-04-08,2025-04-08
ORD02857,2025-04-01,Cliente_415,Dra. Ana Carolina da Rocha,Maringá,PR,Sul,P0013,"Projetor Smart Epson EpiqVision, FULL HD",TV e Projeção,1.0,3049.99,0.2791,2025-04-05,2025-04-04
ORD02858,2025-04-01,Cliente_526,Larissa Alves,Juiz de Fora,MG,Sudeste,P0017,ACER Notebook Gamer Nitro,Informática,1.0,4604.0,0.0698,2025-04-08,2025-04-06
ORD02859,2025-04-02,Cliente_065,Letícia Porto,Santana,AP,Norte,P0014,Projetor EPSON Powerlite Wide Screen,TV e Projeção,2.0,2742.13,0.0135,2025-04-12,2025-04-12
ORD02860,2025-04-02,Cliente_071,Bárbara Correia,Mazagão,AP,Norte,P0020,Teclado Mecanico Fizz,Informática,,174.9,0.1203,2025-04-08,2025-04-07
ORD02861,2025-04-02,Cliente_095,Catarina Nogueira,Blumenau,SC,Sul,P0013,"Projetor Smart Epson EpiqVision, FULL HD",TV e Projeção,3.0,3049.99,0.0792,2025-04-04,2025-04-04
ORD02862,2025-04-02,Cliente_112,Maria Luiza das Neves,Linhares,ES,Sudeste,P0020,Teclado Mecanico Fizz,Informática,2.0,,0.0296,2025-04-06,2025-04-09
ORD02863,2025-04-02,Cliente_138,Pedro Nascimento,Uberlândia,MG,Sudeste,P0003,Carregador Turbo USB-C 30W,Acessórios Mobile,2.0,49.9,0.081,2025-04-07,2025-04-09
ORD02864,2025-04-02,Cliente_141,Dr. Thiago da Mota,Santa Maria,RS,Sul,P0014,Projetor EPSON Powerlite Wide Screen,TV e Projeção,2.0,2742.13,0.0188,2025-04-07,2025-04-07
ORD02865,2025-04-02,Cliente_148,Sr. Kaique da Mota,Feira de Santana,BA,Nordeste,P0026,Cabo USB-C Trançado 2m,Acessórios Mobile,4.0,34.9,0.0499,2025-04-10,2025-04-13
ORD02866,2025-04-02,Cliente_208,Vitor Araújo,Betim,MG,Sudeste,P0002,Samsung Galaxy Tab S6 Lite,Smartphones e Tablets,1.0,1799.01,0.0146,2025-04-08,2025-04-08
ORD02867,2025-04-02,Cliente_211,Srta. Natália Cardoso,Cruzeiro do Sul,AC,Norte,P0007,Película para iPhone 14Pro Anti impacto,Acessórios Mobile,1.0,51.8,0.119,2025-04-07,2025-04-06
ORD02868,2025-04-02,Cliente_222,João Gabriel Nunes,Vitória,ES,Sudeste,P0020,Teclado Mecanico Fizz,Informática,1.0,174.9,0.1209,2025-04-09,2025-04-08
ORD02869,2025-04-02,Cliente_274,Sra. Emanuelly da Costa,Porto Nacional,TO,Norte,P0014,Projetor EPSON Powerlite Wide Screen,TV e Projeção,3.0,2742.13,0.1235,2025-04-07,2025-04-04
ORD02870,2025-04-02,Cliente_312,Juan Araújo,Bacabal,MA,Nordeste,P0015,Fone de Ouvido Profissional AKG K92,Áudio,2.0,428.99,0.1277,2025-04-11,2025-04-11
ORD02871,2025-04-02,Cliente_327,Sra. Maria Eduarda Cardoso,Vila Velha,ES,Sudeste,P0005,"Fone de Ouvido Sem Fio TWS, PHILIPS",Áudio,1.0,124.91,0.008,2025-04-04,2025-04-04
ORD02872,2025-04-02,Cliente_330,Rebeca Farias,Cascavel,PR,Sul,P0003,Carregador Turbo USB-C 30W,Acessórios Mobile,4.0,49.9,0.0842,2025-04-07,2025-04-06
ORD02873,2025-04-02,Cliente_331,Guilherme Cavalcanti,Juiz de Fora,MG,Sudeste,P0008,Película de Vidro 3D Galaxy A30s,Acessórios Mobile,2.0,17.9,0.1053,2025-04-10,2025-04-11
ORD02874,2025-04-02,Cliente_363,Diego Costela,Ananindeua,PA,Norte,P0005,"Fone de Ouvido Sem Fio TWS, PHILIPS ",Áudio,2.0,124.91,0.0786,2025-04-07,2025-04-07
ORD02875,2025-04-02,Cliente_371,Ana Luiza Nunes,Joinville,SC,Sul,P0003,Carregador Turbo USB-C 30W,Acessórios Mobile,4.0,49.9,0.0437,2025-04-04,2025-04-03
ORD02876,2025-04-02,Cliente_371,Ana Luiza Nunes,Joinville,SC,Sul,P0020,Teclado Mecanico Fizz,Informática,4.0,174.9,0.112,2025-04-08,2025-04-07
ORD02877,2025-04-02,Cliente_376,Eduarda Melo,Serra,ES,Sudeste,P0027,Caixa de Som Bluetooth JBL,Áudio,3.0,,0.1774,2025-04-05,2025-04-04
ORD02878,2025-04-02,Cliente_409!!,Eloah Silva,Sobral,CE,Nordeste,P0015,Fone de Ouvido Profissional AKG K92,Áudio,4.0,428.99,0.0323,2025-04-09,2025-04-08
ORD02879,2025-04-03,Cliente_006,Miguel Cardoso,Juazeiro,BA,Nordeste,P0019,Mouse Redragon Wireless,Informática,4.0,165.99,0.0616,2025-04-05,2025-04-04
ORD02880,2025-04-03,Cliente_008,Thales Pereira,Cascavel,PR,Sul,P0020,Teclado Mecanico Fizz,Informática,2.0,174.9,0.0575,2025-04-06,2025-04-06
ORD02881,2025-04-03,Cliente_010,Cauã da Rosa,Sobral,CE,Nordeste,P0005,"Fone de Ouvido Sem Fio TWS, PHILIPS",Áudio,3.0,124.91,0.1073,2025-04-06,2025-04-06
ORD02882,2025-04-03,Cliente_013,Luiza Silva,Natal,RN,Nordeste,P0011,"Soundbar Samsung com 2.1 canais, Dolby Digital",Áudio,1.0,1072.0,0.0804,2025-04-09,2025-04-10
ORD02883,2025-04-03,Cliente_018,Murilo Ferreira,Itacoatiara,AM,Norte,P0011,"Soundbar Samsung com 2.1 canais, Dolby Digital",Áudio,1.0,1072.0,0.0923,2025-04-07,2025-04-07
ORD02884,2025-04-03,Cliente_019,Gabriela da Paz,Uberlândia,MG,Sudeste,P0007,Película para iPhone 14Pro Anti impacto,Acessórios Mobile,4.0,51.8,0.0752,2025-04-09,2025-04-08
ORD02885,2025-04-03,Cliente_021,Mirella Rodrigues,Ribeirão Preto,SP,Sudeste,P0015,Fone de Ouvido Profissional AKG K92,Áudio,3.0,428.99,0.1214,2025-04-05,2025-04-04
ORD02886,2025-04-03,Cliente_024,Juliana Ferreira,Itacoatiara,AM,Norte,P0021,SSD Crucial 1TB NVMe M.2,Informática,2.0,449.0,0.1488,2025-04-08,2025-04-05
ORD02887,2025-04-03,Cliente_029,Dr. Pedro Henrique da Cruz,São Paulo,SP,Sudeste,P0019,Mouse Redragon Wireless,Informática,4.0,165.99,0.0971,2025-04-07,2025-04-05
ORD02888,2025-04-03,Cliente_040!!,Renan Silveira,Propriá,SE,Nordeste,P0008,Película de Vidro 3D Galaxy A30s,Acessórios Mobile,2.0,17.9,0.1027,2025-04-06,2025-04-11
ORD02889,2025-04-03,Cliente_098,Thales Castro,Caxias do Sul,RS,Sul,P0010,"Smart TV LED 32""Samsung LED Tizen TV",TV e Projeção,4.0,1079.0,0.1001,2025-04-08,2025-04-09
ORD02890,2025-04-03,Cliente_098,Thales Castro,Caxias do Sul,RS,Sul,P0021,SSD Crucial 1TB NVMe M.2,Informática,3.0,449.0,0.1056,2025-04-07,2025-04-06
ORD02891,2025-04-03,Cliente_130,Isadora Rocha,Itajaí,SC,Sul,P0015,Fone de Ouvido Profissional AKG K92,Áudio,1.0,428.99,0.1004,2025-04-06,2025-04-06
ORD02892,2025-04-03,Cliente_147,Júlia Moreira,Itajaí,SC,Sul,P0003,Carregador Turbo USB-C 30W,Acessórios Mobile,4.0,,0.1003,2025-04-06,2025-04-04
ORD02893,2025-04-03,Cliente_154,Juan Duarte,São Paulo,SP,Sudeste,P0002,Samsung Galaxy Tab S6 Lite,Smartphones e Tablets,4.0,1799.01,0.0516,2025-04-05,2025-04-04
ORD02894,2025-04-03,Cliente_158,Emanuel Ramos,Timon,MA,Nordeste,P0011,"Soundbar Samsung com 2.1 canais, Dolby Digital",Áudio,2.0,1072.0,0.0953,2025-04-12,2025-04-10
ORD02895,2025-04-03,Cliente_171,Vitor Gabriel Fernandes,Ferreira Gomes,AP,Norte,P0013,"Projetor Smart Epson EpiqVision, FULL HD",TV e Projeção,,3049.99,0.1552,2025-04-07,2025-04-04
ORD02896,2025-04-03,Cliente_171,Vitor Gabriel Fernandes,Ferreira Gomes,AP,Norte,P0020,Teclado Mecanico Fizz,Informática,2.0,174.9,0.0552,2025-04-10,2025-04-10
ORD02897,2025-04-03,Cliente_183,Ian Peixoto,Santo André,SP,Sudeste,P0015,Fone de Ouvido Profissional AKG K92,Áudio ,3.0,428.99,0.1137,2025-04-07,2025-04-05
ORD02898,2025-04-03,Cliente_188,Ana Beatriz Barbosa,Estância,SE,Nordeste,P0007,Película para iPhone 14Pro Anti impacto,Acessórios Mobile,1.0,51.8,0.1342,2025-04-05,2025-04-05
ORD02899,2025-04-03,Cliente_208,Vitor Araújo,Betim,MG,Sudeste,P0011,"Soundbar Samsung com 2.1 canais, Dolby Digital",Áudio,4.0,1072.0,0.0377,2025-04-07,2025-04-05
ORD02900,2025-04-03,Cliente_217,Otávio Sales,Porto Nacional,TO,Norte,P0004,Carregador Turbo Tipo-C 50w,Acessórios Mobile,3.0,53.9,0.1298,2025-04-08,2025-04-08
ORD02901,2025-04-03,Cliente_219,Natália da Luz,Cascavel,PR,Sul,P0015,Fone de Ouvido Profissional AKG K92,Áudio,2.0,428.99,0.0594,2025-04-05,2025-04-04
ORD02902,2025-04-03,Cliente_247,João Moraes,Campinas,SP,Sudeste,P0019,Mouse Redragon Wireless,Informática,1.0,165.99,0.1315,2025-04-09,2025-04-12
ORD02903,2025-04-03,Cliente_260,Ana Vitória Monteiro,Ribeirão Preto,SP,Sudeste,P0012,"Soundbar Tomate MTS-2017, Bivolt",Áudio,2.0,769.9,0.0598,2025-04-08,2025-04-10
ORD02904,2025-04-03,Cliente_265,Gabrielly Azevedo,São Bernardo do Campo,SP,Sudeste,P0020,Teclado Mecanico Fizz,Informática,,174.9,0.0265,2025-04-06,2025-04-06
ORD02905,2025-04-03,Cliente_269,Raul Alves,Porto Alegre,RS,Sul,P0020,Teclado Mecanico Fizz,Informática,3.0,174.9,0.1253,2025-04-08,2025-04-08
ORD02906,2025-04-03,Cliente_280,Daniel da Luz,Santo André,SP,Sudeste,P0006,Fone de ouvido Sem Fio QCY T27,Áudio,2.0,129.86,0.055,2025-04-08,2025-04-08
ORD02907,2025-04-03,Cliente_284,Augusto da Cruz,Caracaraí,RR,Norte,P0027,Caixa de Som Bluetooth JBL,Áudio,2.0,549.9,0.1119,2025-04-08,2025-04-07
ORD02908,2025-04-03,Cliente_302,Emilly Farias,Ribeirão Preto,SP,Sudeste,P0007,Película para iPhone 14Pro Anti impacto,Acessórios Mobile,4.0,51.8,0.0621,2025-04-05,2025-04-05
ORD02909,2025-04-03,Cliente_312,Juan Araújo,Bacabal,MA,Nordeste,P0010,"Smart TV LED 32""Samsung LED Tizen TV",TV e Projeção,3.0,1079.0,0.0391,2025-04-10,2025-04-13
ORD02910,2025-04-03,Cliente_323,Dr. João Pedro Carvalho,Boa Vista,RR,Norte,P0010,"Smart TV LED 32""Samsung LED Tizen TV",TV e Projeção,3.0,1079.0,0.0881,2025-04-09,2025-04-07
ORD02911,2025-04-03,Cliente_330,Rebeca Farias,Cascavel,PR,Sul,P0015,Fone de Ouvido Profissional AKG K92,Áudio,3.0,428.99,0.1839,2025-04-07,2025-04-06
ORD02912,2025-04-03,Cliente_337,Benício Fernandes,Castanhal,PA,Norte,P0016,Fone de Ouvido Profissional EDIFIER WH950NB,Áudio,2.0,899.0,0.1233,2025-04-11,2025-04-11
ORD02913,2025-04-03,Cliente_370,Cecília da Rocha,Patos,PB,Nordeste,P0011,"Soundbar Samsung com 2.1 canais, Dolby Digital",Áudio,4.0,1072.0,0.0237,2025-04-11,2025-04-15
ORD02914,2025-04-03,Cliente_372,Diego Silva,Caracaraí,RR,Norte,P0004,Carregador Turbo Tipo-C 50w,Acessórios Mobile,4.0,53.9,0.1378,2025-04-09,2025-04-08
ORD02915,2025-04-03,Cliente_375,Dra. Maria Julia Cardoso,Itajaí,SC,Sul,P0014,Projetor EPSON Powerlite Wide Screen,TV e Projeção,2.0,2742.13,0.1031,2025-04-08,2025-04-07
ORD02916,2025-04-03,Cliente_391,Sr. Nathan Farias,Rio de Janeiro,RJ,Sudeste,P0012,"Soundbar Tomate MTS-2017, Bivolt",Áudio,4.0,769.9,0.0177,2025-04-08,2025-04-07
ORD02917,2025-04-03,Cliente_406,Laís da Costa,Juiz de Fora,MG,Sudeste,P0003,Carregador Turbo USB-C 30W,Acessórios Mobile,4.0,49.9,0.0635,2025-04-09,2025-04-08
ORD02918,2025-04-03,Cliente_459,Nina Costela,Duque de Caxias,RJ,Sudeste,P0006,Fone de ouvido Sem Fio QCY T27,Áudio,2.0,129.86,0.0541,2025-04-08,2025-04-09
ORD02919,2025-04-03,Cliente_508,Sophia Freitas,Cascavel,PR,Sul,P0027,Caixa de Som Bluetooth JBL,Áudio,1.0,549.9,0.1264,2025-04-06,2025-04-05
ORD02920,2025-04-03,Cliente_540,Murilo Ferreira Costa,Pelotas,RS,Sul,P0013,"Projetor Smart Epson EpiqVision, FULL HD",TV e Projeção,3.0,3049.99,0.1928,2025-04-07,2025-04-05
ORD02921,2025-04-04,Cliente_009,Sofia Sales,Ponta Grossa,PR,Sul,P0017,ACER Notebook Gamer Nitro,Informática,3.0,4604.0,0.1417,2025-04-06,2025-04-05
ORD02922,2025-04-04,Cliente_021,Mirella Rodrigues,Ribeirão Preto,SP,Sudeste,P0005,"Fone de Ouvido Sem Fio TWS, PHILIPS",Áudio,2.0,124.91,0.0739,2025-04-09,2025-04-08
ORD02923,2025-04-04,Cliente_021,Mirella Rodrigues,Ribeirão Preto,SP,Sudeste,P0027,Caixa de Som Bluetooth JBL,Áudio,1.0,549.9,0.0637,2025-04-10,2025-04-09
ORD02924,2025-04-04,Cliente_036,Bryan Pires,Manacapuru,AM,Norte,P0010,"Smart TV LED 32""Samsung LED Tizen TV",TV e Projeção,3.0,1079.0,0.1334,2025-04-09,2025-04-09
ORD02925,2025-04-04,Cliente_044,Dr. Pedro Porto,Londrina,PR,Sul,P0019,Mouse Redragon Wireless,Informática,1.0,165.99,0.0574,2025-04-06,2025-04-05
ORD02926,2025-04-04,Cliente_045,Juan Mendes,Ji-Paraná,RO,Norte,P0002,Samsung Galaxy Tab S6 Lite,Smartphones e Tablets,2.0,1799.01,0.0683,2025-04-08,2025-04-08
ORD02927,2025-04-04,Cliente_081,Sr. Heitor da Paz,Brasiléia,AC,Norte,P0013," Projetor Smart Epson EpiqVision, FULL HD",TV e Projeção,3.0,3049.99,0.0029,2025-04-10,2025-04-14
ORD02928,2025-04-04,Cliente_109,Gustavo Henrique Cunha,Cantá,RR,Norte,P0002,Samsung Galaxy Tab S6 Lite,Smartphones e Tablets,3.0,1799.01,0.0048,2025-04-09,2025-04-08
ORD02929,2025-04-04,Cliente_117,Dra. Maysa Fogaça,Propriá,SE,Nordeste,P0002,Samsung Galaxy Tab S6 Lite,Smartphones e Tablets,2.0,,0.055,2025-04-09,2025-04-10
ORD02930,2025-04-04,Cliente_122,Natália Silva,Cascavel,PR,Sul,P0015,Fone de Ouvido Profissional AKG K92,Áudio,4.0,428.99,0.0533,2025-04-08,2025-04-08
ORD02931,2025-04-04,Cliente_123,Sra. Isabelly Oliveira,Ribeirão Preto,SP,Sudeste,P0019,Mouse Redragon Wireless,Informática,1.0,165.99,0.0298,2025-04-09,2025-04-16
ORD02932,2025-04-04,Cliente_165,Maria Fernanda Teixeira,Duque de Caxias,RJ,Sudeste,P0002,Samsung Galaxy Tab S6 Lite,Smartphones e Tablets,1.0,1799.01,0.0961,2025-04-06,2025-04-05
ORD02933,2025-04-04,Cliente_165,Maria Fernanda Teixeira,Duque de Caxias,RJ,Sudeste,P0011,"Soundbar Samsung com 2.1 canais, Dolby Digital",Áudio,3.0,1072.0,0.0031,2025-04-10,2025-04-10
ORD02934,2025-04-04,Cliente_165,Maria Fernanda Teixeira,Duque de Caxias,RJ,Sudeste,P0013,"Projetor Smart Epson EpiqVision, FULL HD",TV e Projeção,2.0,3049.99,0.055,2025-04-11,2025-04-11
ORD02935,2025-04-04,Cliente_175,Srta. Gabriela Caldeira,Rio Branco,AC,Norte,P0015,Fone de Ouvido Profissional AKG K92,Áudio,4.0,428.99,0.103,2025-04-12,2025-04-22
ORD02936,2025-04-04,Cliente_243!!,Laura da Cunha,Maringá,PR,Sul,P0004,Carregador Turbo Tipo-C 50w,Acessórios Mobile,1.0,53.9,0.1409,2025-04-07,2025-04-08
ORD02937,2025-04-04,Cliente_243,Laura da Cunha,Maringá,PR,Sul,P0011,"Soundbar Samsung com 2.1 canais, Dolby Digital",Áudio,1.0,1072.0,0.0361,2025-04-06,2025-04-06
ORD02938,2025-04-04,Cliente_247,João Moraes,Campinas,SP,Sudeste,P0021,SSD Crucial 1TB NVMe M.2,Informática,2.0,,0.1124,2025-04-06,2025-04-08
ORD02939,2025-04-04,Cliente_278,Bianca Pereira,Porto Nacional,TO,Norte,P0020,Teclado Mecanico Fizz,Informática,4.0,174.9,0.0444,2025-04-10,2025-04-10
ORD02940,2025-04-04,Cliente_281,Letícia da Luz,Campina Grande,PB,Nordeste,P0003,Carregador Turbo USB-C 30W,Acessórios Mobile,2.0,49.9,0.0479,2025-04-08,2025-04-08
ORD02941,2025-04-04,Cliente_330,Rebeca Farias,Cascavel,PR,Sul,P0015,Fone de Ouvido Profissional AKG K92,Áudio,,428.99,0.1597,2025-04-09,2025-04-06
ORD02942,2025-04-04,Cliente_348,Emilly Nascimento,Uberlândia,MG,Sudeste,P0009,Smart TV 32” Philco LED Roku TV,TV e Projeção,4.0,949.0,0.0774,2025-04-09,2025-04-19
ORD02943,2025-04-04,Cliente_354,Pedro Miguel Mendes,Macapá,AP,Norte,P0007,Película para iPhone 14Pro Anti impacto,Acessórios Mobile,2.0,51.8,0.1013,2025-04-09,2025-04-09
ORD02944,2025-04-04,Cliente_354,Pedro Miguel Mendes,Macapá,AP,Norte,P0019,Mouse Redragon Wireless,Informática,2.0,165.99,0.1811,2025-04-09,2025-04-12
ORD02945,2025-04-04,Cliente_357,Amanda Araújo,Araguaína,TO,Norte,P0015,Fone de Ouvido Profissional AKG K92,Áudio,4.0,428.99,0.0921,2025-04-12,2025-04-13
ORD02946,2025-04-04,Cliente_364,Evelyn Azevedo,Fortaleza,CE,Nordeste,P0011,"Soundbar Samsung com 2.1 canais, Dolby Digital",Áudio,3.0,1072.0,0.0732,2025-04-08,2025-04-08
ORD02947,2025-04-04,Cliente_381,Fernanda Rocha,Ribeirão Preto,SP,Sudeste,P0002,Samsung Galaxy Tab S6 Lite,Smartphones e Tablets,3.0,1799.01,0.0743,2025-04-06,2025-04-06
ORD02948,2025-04-04,Cliente_381,Fernanda Rocha,Ribeirão Preto,SP,Sudeste,P0005,"Fone de Ouvido Sem Fio TWS, PHILIPS",Áudio,4.0,124.91,0.0436,2025-04-09,2025-04-09
ORD02949,2025-04-04,Cliente_431,Arthur Ferreira,Gravataí,RS,Sul,P0017,ACER Notebook Gamer Nitro,Informática,1.0,4604.0,0.0458,2025-04-09,2025-04-08
ORD02950,2025-04-04,Cliente_436,Daniel Carvalho,Itajaí,SC,Sul,P0001,Samsung Galaxy A36,Smartphones e Tablets,1.0,1979.1,0.1507,2025-04-07,2025-04-08
ORD02951,2025-04-04,Cliente_437,Miguel Castro,Santo André,SP,Sudeste,P0012,"Soundbar Tomate MTS-2017, Bivolt",Áudio,1.0,769.9,0.019,2025-04-10,2025-04-09
ORD02952,2025-04-04,Cliente_501,Júlia Mota,Contagem,MG,Sudeste,P0015,Fone de Ouvido Profissional AKG K92,Áudio,2.0,428.99,0.1385,2025-04-08,2025-04-08
ORD02953,2025-04-05, Cliente_007 ,Helena Souza,Feira de Santana,BA,Nordeste,P0013,"Projetor Smart Epson EpiqVision, FULL HD",TV e Projeção,1.0,3049.99,0.1424,2025-04-09,2025-04-08
ORD02954,2025-04-05,Cliente_010,Cauã da Rosa,Sobral,CE,Nordeste,P0006,Fone de ouvido Sem Fio QCY T27,Áudio,4.0,129.86,0.0423,2025-04-10,2025-04-09
ORD02955,2025-04-05,Cliente_081,Sr. Heitor da Paz,Brasiléia,AC,Norte,P0013,"Projetor Smart Epson EpiqVision, FULL HD",TV e Projeção,2.0,3049.99,0.0859,2025-04-09,2025-04-07
ORD02956,2025-04-05,Cliente_087,Dr. Pietro Silva,Pico,PI,Nordeste,P0006,Fone de ouvido Sem Fio QCY T27,Áudio,4.0,129.86,0.1304,2025-04-11,2025-04-11
ORD02957,2025-04-05,Cliente_103,Emanuel Aragão,Manaus,AM,Norte,P0012,"Soundbar Tomate MTS-2017, Bivolt",Áudio,1.0,769.9,0.0175,2025-04-12,2025-04-14
ORD02958,2025-04-05,Cliente_108,Sr. Eduardo Moreira,Recife,PE,Nordeste,P0015,Fone de Ouvido Profissional AKG K92,Áudio,4.0,428.99,0.0866,2025-04-08,2025-04-06
ORD02959,2025-04-05,Cliente_115,Gabrielly da Conceição,Serra,ES,Sudeste,P0010,"Smart TV LED 32""Samsung LED Tizen TV",TV e Projeção,2.0,1079.0,0.1544,2025-04-09,2025-04-07
ORD02960,2025-04-05,Cliente_122,Natália Silva,Cascavel,PR,Sul,P0021,SSD Crucial 1TB NVMe M.2,Informática,4.0,449.0,0.0536,2025-04-12,2025-04-14
ORD02961,2025-04-05,Cliente_154,Juan Duarte,São Paulo,SP,Sudeste,P0019,Mouse Redragon Wireless,Informática,1.0,165.99,0.0597,2025-04-10,2025-04-13
ORD02962,2025-04-05,Cliente_154,Juan Duarte,São Paulo,SP,Sudeste,P0021,SSD Crucial 1TB NVMe M.2,Informática,2.0,449.0,0.0207,2025-04-09,2025-04-09
ORD02963,2025-04-05,Cliente_156,Lívia da Rocha,Cacoal,RO,Norte,P0012,"Soundbar Tomate MTS-2017, Bivolt",Áudio,4.0,769.9,0.0732,2025-04-08,2025-04-07
ORD02964,2025-04-05,Cliente_158,Emanuel Ramos,Timon,MA,Nordeste,P0018,"Monitor UHD Samsung 32""",Informática,1.0,1626.57,0.0068,2025-04-13,2025-04-11
ORD02965,2025-04-05,Cliente_194,Pedro Gomes,Pelotas,RS,Sul,P0008,Película de Vidro 3D Galaxy A30s,Acessórios Mobile,,17.9,0.0728,2025-04-13,2025-04-13
ORD02966,2025-04-05,Cliente_209,Eduarda Nunes,Recife,PE,Nordeste,P0012,"Soundbar Tomate MTS-2017, Bivolt",Áudio,4.0,769.9,0.0873,2025-04-11,2025-04-12
ORD02967,2025-04-05,Cliente_218,Isabel Pereira,Vila Velha,ES,Sudeste,P0012,"Soundbar Tomate MTS-2017, Bivolt",Áudio,4.0,769.9,0.049,2025-04-11,2025-04-09
ORD02968,2025-04-05,Cliente_219,Natália da Luz,Cascavel,PR,Sul,P0015,Fone de Ouvido Profissional AKG K92,Áudio,3.0,428.99,0.089,2025-04-07,2025-04-06
ORD02969,2025-04-05,Cliente_275,Marina Caldeira,Porto Alegre,RS,Sul,P0019,Mouse Redragon Wireless,Informática,2.0,165.99,0.1155,2025-04-12,2025-04-11
ORD02970,2025-04-05,Cliente_320,Luana Rezende,Camaçari,BA,Nordeste,P0021,SSD Crucial 1TB NVMe M.2,Informática,1.0,449.0,0.098,2025-04-08,2025-04-06
ORD02971,2025-04-05,Cliente_327,Sra. Maria Eduarda Cardoso,Vila Velha,ES,Sudeste,P0009,Smart TV 32” Philco LED Roku TV,TV e Projeção,3.0,949.0,0.0202,2025-04-11,2025-04-11
ORD02972,2025-04-05,Cliente_334,Dr. Rafael Castro,Caicó,RN,Nordeste,P0009,Smart TV 32” Philco LED Roku TV,TV e Projeção,3.0,949.0,0.0003,2025-04-13,2025-04-15
ORD02973,2025-04-05,Cliente_335,Larissa Rodrigues,Floriano,PI,Nordeste,P0012,"Soundbar Tomate MTS-2017, Bivolt",Áudio,2.0,769.9,0.082,2025-04-11,2025-04-10
ORD02974,2025-04-05,Cliente_356,Matheus Ribeiro,Londrina,PR,Sul,P0001,Samsung Galaxy A36,Smartphones e Tablets,2.0,1979.1,0.0494,2025-04-12,2025-04-14
ORD02975,2025-04-05,Cliente_360,Mariane Campos,Teresina,PI,Nordeste,P0003, Carregador Turbo USB-C 30W,Acessórios Mobile,4.0,49.9,0.0411,2025-04-10,2025-04-07
ORD02976,2025-04-05,Cliente_401,Luna Almeida,Juiz de Fora,MG,Sudeste,P0021,SSD Crucial 1TB NVMe M.2,Informática,,449.0,0.0773,2025-04-12,2025-04-14
ORD02977,2025-04-05,Cliente_418,Benício Monteiro,Nova Iguaçu,RJ,Sudeste,P0010,"Smart TV LED 32""Samsung LED Tizen TV",TV e Projeção,2.0,1079.0,0.1022,2025-04-09,2025-04-09
ORD02978,2025-04-05,Cliente_520,Isabella Fernandes,Santo André,SP,Sudeste,P0013,"Projetor Smart Epson EpiqVision, FULL HD",TV e Projeção,1.0,3049.99,0.2273,2025-04-11,2025-04-10
ORD02979,2025-04-06,Cliente_010,Cauã da Rosa,Sobral,CE,Nordeste,P0009,Smart TV 32” Philco LED Roku TV,TV e Projeção,4.0,949.0,0.1287,2025-04-09,2025-04-07
ORD02980,2025-04-06,Cliente_036,Bryan Pires,Manacapuru,AM,Norte,P0012,"Soundbar Tomate MTS-2017, Bivolt",Áudio,3.0,769.9,0.0339,2025-04-10,2025-04-10
ORD02981,2025-04-06,cliente_051,Maria Julia Pinto,Blumenau,SC,Sul,P0020,Teclado Mecanico Fizz,Informática,1.0,,0.109,2025-04-08,2025-04-07
ORD02982,2025-04-06,Cliente_090,Caio Novaes,Blumenau,SC,Sul,P0014,Projetor EPSON Powerlite Wide Screen,TV e Projeção,4.0,2742.13,0.0861,2025-04-12,2025-04-11
ORD02983,2025-04-06,Cliente_099,Srta. Maria Luiza Rocha,Blumenau,SC,Sul,P0019,Mouse Redragon Wireless,Informática,,165.99,0.1386,2025-04-11,2025-04-13
ORD02984,2025-04-06,Cliente_099,Srta. Maria Luiza Rocha,Blumenau,SC,Sul,P0019,Mouse Redragon Wireless,Informática,2.0,165.99,0.1741,2025-04-08,2025-04-07
ORD02985,2025-04-06,Cliente_101,Francisco Barbosa,Pelotas,RS,Sul,P0016,Fone de Ouvido Profissional EDIFIER WH950NB,Áudio,2.0,899.0,0.0301,2025-04-08,2025-04-11
ORD02986,2025-04-06,Cliente_117,Dra. Maysa Fogaça,Propriá,SE,Nordeste,P0009,Smart TV 32” Philco LED Roku TV,TV e Projeção,2.0,949.0,0.0048,2025-04-08,2025-04-08
ORD02987,2025-04-06,Cliente_121,Kamilly Pereira,Pelotas,RS,Sul,P0013,"Projetor Smart Epson EpiqVision, FULL HD",TV e Projeção,3.0,3049.99,0.0801,2025-04-09,2025-04-11
ORD02988,2025-04-06,Cliente_170,Nicolas Vieira,Patos,PB,Nordeste,P0013,"Projetor Smart Epson EpiqVision, FULL HD",TV e Projeção,1.0,3049.99,0.1205,2025-04-09,2025-04-07
ORD02989,2025-04-06,Cliente_177,Dra. Heloísa da Paz,São Paulo,SP,Sudeste,P0013,"Projetor Smart Epson EpiqVision, FULL HD",TV e Projeção,1.0,3049.99,0.1673,2025-04-09,2025-04-09
ORD02990,2025-04-06,Cliente_211,Srta. Natália Cardoso,Cruzeiro do Sul,AC,Norte,P0016,Fone de Ouvido Profissional EDIFIER WH950NB ,Áudio,1.0,899.0,0.0539,2025-04-13,2025-04-12
ORD02991,2025-04-06,Cliente_231,Maria Luiza Rezende,Maringá,PR,Sul,P0006,Fone de ouvido Sem Fio QCY T27,Áudio,3.0,129.86,0.0837,2025-04-10,2025-04-09
ORD02992,2025-04-06,Cliente_243,Laura da Cunha,Maringá,PR,Sul,P0015,Fone de Ouvido Profissional AKG K92,Áudio,3.0,428.99,0.0598,2025-04-08,2025-04-08
ORD02993,2025-04-06,Cliente_243,Laura da Cunha,Maringá,PR,Sul,P0019,Mouse Redragon Wireless,Informática,4.0,165.99,0.1147,2025-04-11,2025-04-11
ORD02994,2025-04-06,Cliente_266,Caroline Carvalho,Cruzeiro do Sul,AC,Norte,P0010,"Smart TV LED 32""Samsung LED Tizen TV",TV e Projeção,2.0,1079.0,0.0931,2025-04-09,2025-04-09
ORD02995,2025-04-06,Cliente291,Enzo Gabriel Monteiro,Serra,ES,Sudeste,P0010,"Smart TV LED 32""Samsung LED Tizen TV",TV e Projeção,4.0,1079.0,0.0499,2025-04-11,2025-04-10
ORD02996,2025-04-06,Cliente_332,Júlia Moraes,São Bernardo do Campo,SP,Sudeste,P0003,Carregador Turbo USB-C 30W,Acessórios Mobile,1.0,49.9,0.1187,2025-04-08,2025-04-08
ORD02997,2025-04-06,Cliente_339,Srta. Ana Julia Viana,São Gonçalo,RJ,Sudeste,P0005,"Fone de Ouvido Sem Fio TWS, PHILIPS",Áudio,1.0,124.91,0.0863,2025-04-11,2025-04-11
ORD02998,2025-04-06,Cliente_358,Paulo Farias,Ji-Paraná,RO,Norte,P0012,"Soundbar Tomate MTS-2017, Bivolt",Áudio,2.0,769.9,0.0274,2025-04-12,2025-04-12
ORD02999,2025-04-06,Cliente_360,Mariane Campos,Teresina,PI,Nordeste,P0008,Película de Vidro 3D Galaxy A30s,Acessórios Mobile,2.0,17.9,0.0551,2025-04-09,2025-04-11
ORD03000,2025-04-06,Cliente_381,Fernanda Rocha,Ribeirão Preto,SP,Sudeste,P0001,Samsung Galaxy A36,Smartphones e Tablets,1.0,1979.1,0.0739,2025-04-12,2025-04-11
ORD03001,2025-04-06,Cliente_382,Bryan Ribeiro,Cachoeiro de Itapemirim,ES,Sudeste,P0006,Fone de ouvido Sem Fio QCY T27,Áudio,1.0,129.86,0.1387,2025-04-14,2025-04-12
ORD03002,2025-04-06,Cliente_395,Luiz Henrique Castro,Betim,MG,Sudeste,P0014,Projetor EPSON Powerlite Wide Screen,TV e Projeção,2.0,2742.13,0.1198,2025-04-13,2025-04-12
ORD03003,2025-04-06,Cliente_395,Luiz Henrique Castro,Betim,MG,Sudeste,P0016,Fone de Ouvido Profissional EDIFIER WH950NB,Áudio,1.0,899.0,0.0263,2025-04-10,2025-04-12
ORD03004,2025-04-06,Cliente_416,Maria Julia Duarte,Caicó,RN,Nordeste,P0017,ACER Notebook Gamer Nitro,Informática,3.0,4604.0,0.1175,2025-04-13,2025-04-17
ORD03005,2025-04-07,Cliente_022,Lívia Gomes,Vitória,ES,Sudeste,P0012,"Soundbar Tomate MTS-2017, Bivolt",Áudio,1.0,769.9,0.013,2025-04-12,2025-04-13
ORD03006,,Cliente_030,João Lucas da Costa,Joinville,SC,Sul,P0019,Mouse Redragon Wireless,Informática,2.0,165.99,0.0641,2025-04-09,2025-04-09
ORD03007,2025-04-07,Cliente_036,Bryan Pires,Manacapuru,AM,Norte,P0005,"Fone de Ouvido Sem Fio TWS, PHILIPS",Áudio,1.0,124.91,0.0318,2025-04-09,2025-04-08
ORD03008,2025-04-07,Cliente_037,Thiago Araújo,Maringá,PR,Sul,P0010,"Smart TV LED 32""Samsung LED Tizen TV",TV e Projeção,3.0,1079.0,0.0474,2025-04-13,2025-04-13
ORD03009,2025-04-07,Cliente_040,Renan Silveira,Propriá,SE,Nordeste,P0009,Smart TV 32” Philco LED Roku TV,TV e Projeção,3.0,949.0,0.1372,2025-04-12,2025-04-11
ORD03010,2025-04-07,Cliente_065,Letícia Porto,Santana,AP,Norte,P0006, Fone de ouvido Sem Fio QCY T27,Áudio,4.0,129.86,0.074,2025-04-15,2025-04-14
ORD03011,2025-04-07,Cliente_085,Dra. Maria Sophia Ramos,Maringá,PR,Sul,P0020,Teclado Mecanico Fizz,Informática,1.0,174.9,0.0991,2025-04-09,2025-04-08
ORD03012,2025-04-07,Cliente_109,Gustavo Henrique Cunha,Cantá,RR,Norte,P0005,"Fone de Ouvido Sem Fio TWS, PHILIPS",Áudio,2.0,124.91,0.0672,2025-04-13,2025-04-11
ORD03013,2025-04-07,Cliente_129,Pietra Gonçalves,Duque de Caxias,RJ,Sudeste,P0007,Película para iPhone 14Pro Anti impacto,Acessórios Mobile,1.0,51.8,0.0096,2025-04-14,2025-04-12
ORD03014,2025-04-07,Cliente_129,Pietra Gonçalves,Duque de Caxias,RJ,Sudeste,P0008,Película de Vidro 3D Galaxy A30s,Acessórios Mobile,4.0,17.9,0.1054,2025-04-11,2025-04-09
ORD03015,2025-04-07,Cliente_137,Dra. Julia Castro,Rio de Janeiro,RJ,Sudeste,P0004,Carregador Turbo Tipo-C 50w,Acessórios Mobile,4.0,53.9,0.0609,2025-04-09,2025-04-10
ORD03016,2025-04-07,Cliente_167,Sophie da Cruz,Caucaia,CE,Nordeste,P0006,Fone de ouvido Sem Fio QCY T27,Áudio,4.0,129.86,0.0159,2025-04-10,2025-04-09
ORD03017,2025-04-07,Cliente_167,Sophie da Cruz,Caucaia,CE,Nordeste,P0015,Fone de Ouvido Profissional AKG K92,Áudio,2.0,428.99,0.0419,2025-04-12,2025-04-17
ORD03018,2025-04-07,Cliente_182,Pedro Henrique Pinto,Parnaíba,PI,Nordeste,P0001,Samsung Galaxy A36,Smartphones e Tablets,1.0,1979.1,0.0744,2025-04-17,2025-04-16
ORD03019,2025-04-07,Cliente_196,Fernando Costa,Vila Velha,ES,Sudeste,P0009,Smart TV 32” Philco LED Roku TV,TV e Projeção,,949.0,0.0779,2025-04-11,2025-04-10
ORD03020,2025-04-07,Cliente_199,João Guilherme Fogaça,Ananindeua,PA,Norte,P0019,Mouse Redragon Wireless,Informática,,165.99,0.1353,2025-04-12,2025-04-15
ORD03021,2025-04-07,Cliente_208,Vitor Araújo,Betim,MG,Sudeste,P0020,Teclado Mecanico Fizz,Informática,3.0,174.9,0.0254,2025-04-10,2025-04-08
ORD03022,2025-04-07,Cliente_215,Olivia Souza,Camaçari,BA,Nordeste,P0006,Fone de ouvido Sem Fio QCY T27,Áudio,2.0,129.86,0.0765,2025-04-13,2025-04-12
ORD03023,2025-04-07,Cliente_216,Yasmin Costela,Pelotas,RS,Sul,P0008,Película de Vidro 3D Galaxy A30s,Acessórios Mobile,2.0,17.9,0.0853,2025-04-10,2025-04-11
ORD03024,2025-04-07,Cliente_218,Isabel Pereira,Vila Velha,ES,Sudeste,P0021,SSD Crucial 1TB NVMe M.2,Informática,4.0,449.0,0.0451,2025-04-09,2025-04-09
ORD03025,2025-04-07,Cliente_219,Natália da Luz,Cascavel,PR,Sul,P0010,"Smart TV LED 32""Samsung LED Tizen TV",TV e Projeção,4.0,1079.0,0.0724,2025-04-13,2025-04-13
ORD03026,2025-04-07,Cliente_231,Maria Luiza Rezende,Maringá,PR,Sul,P0017,ACER Notebook Gamer Nitro,Informática,2.0,4604.0,0.14,2025-04-13,2025-04-16
ORD03027,2025-04-07,Cliente_253,Mariane Lopes,Estância,SE,Nordeste,P0018,"Monitor UHD Samsung 32""",Informática,4.0,1626.57,0.007,2025-04-13,2025-04-20
ORD03028,2025-04-07,Cliente_255,Anthony Pires,Caxias do Sul,RS,Sul,P0002,Samsung Galaxy Tab S6 Lite,Smartphones e Tablets,3.0,1799.01,0.0992,2025-04-09,2025-04-08
ORD03029,2025-04-07,Cliente-281,Letícia da Luz,Campina Grande,PB,Nordeste,P0004,Carregador Turbo Tipo-C 50w,Acessórios Mobile,2.0,53.9,0.0245,2025-04-15,2025-04-16
ORD03030,2025-04-07,Cliente_300,Dra. Maria Sophia Nogueira,Chapecó,SC,Sul,P0015,Fone de Ouvido Profissional AKG K92,Áudio,3.0,428.99,0.1191,2025-04-09,2025-04-09
ORD03031,2025-04-07,Cliente_301,Sarah Melo,Curitiba,PR,Sul,P0017,ACER Notebook Gamer Nitro,Informática,2.0,4604.0,0.0525,2025-04-09,2025-04-09
ORD03032,2025-04-07,Cliente_308,Enzo Gabriel Costa,Londrina,PR,Sul,P0011,"Soundbar Samsung com 2.1 canais, Dolby Digital",Áudio,4.0,1072.0,0.0025,2025-04-10,2025-04-08
ORD03033,2025-04-07,Cliente_313,Noah Rodrigues,Ji-Paraná,RO,Norte,P0013,"Projetor Smart Epson EpiqVision, FULL HD",TV e Projeção,4.0,,0.1376,2025-04-16,2025-04-16
ORD03034,2025-04-07,Cliente_315,Calebe Gonçalves,Currais Novos,RN,Nordeste,P0013,"Projetor Smart Epson EpiqVision, FULL HD",TV e Projeção,3.0,3049.99,0.0906,2025-04-13,2025-04-12
ORD03035,2025-04-07,Cliente_327,Sra. Maria Eduarda Cardoso,Vila Velha,ES,Sudeste,P0017,ACER Notebook Gamer Nitro,Informática,4.0,4604.0,0.1314,2025-04-14,2025-04-13
ORD03036,2025-04-07,Cliente_329,Sra. Daniela Aragão,Duque de Caxias,RJ,Sudeste,P0006,Fone de ouvido Sem Fio QCY T27,Áudio,2.0,129.86,0.1336,2025-04-13,2025-04-17
ORD03037,2025-04-07,Cliente_341,Alana Cardoso,Timon,MA,Nordeste,P0020,Teclado Mecanico Fizz,Informática,4.0,174.9,0.0223,2025-04-13,2025-04-12
ORD03038,2025-04-07,Cliente_360,Mariane Campos,Teresina,PI,Nordeste,P0019,Mouse Redragon Wireless,Informática,1.0,165.99,0.0439,2025-04-13,2025-04-17
ORD03039,2025-04-07,Cliente_366,Ana Laura Teixeira,Londrina,PR,Sul,P0025,Webcam Logitech Full HD,Informática,2.0,329.9,0.0509,2025-04-11,2025-04-08
ORD03040,2025-04-07,Cliente_371,Ana Luiza Nunes,Joinville,SC,Sul,P0004,Carregador Turbo Tipo-C 50w,Acessórios Mobile,1.0,53.9,0.0358,2025-04-09,2025-04-08
ORD03041,2025-04-07,Cliente_374,Letícia da Cunha,Florianópolis,SC,Sul,P0020,Teclado Mecanico Fizz,Informática,,174.9,0.0941,2025-04-13,2025-04-11
ORD03042,2025-04-07,Cliente_379,Maitê da Conceição,Manaus,AM,Norte,P0016,Fone de Ouvido Profissional EDIFIER WH950NB,Áudio,4.0,899.0,0.0948,2025-04-09,2025-04-08
ORD03043,2025-04-07,Cliente_395,Luiz Henrique Castro,Betim,MG,Sudeste,P0027,Caixa de Som Bluetooth JBL,Áudio,2.0,549.9,0.1441,2025-04-12,2025-04-19
ORD03044,2025-04-07,Cliente_408,Maria Julia Duarte,Marabá,PA,Norte,P0018,"Monitor UHD Samsung 32""",Informática,3.0,1626.57,0.058,2025-04-14,2025-04-12
ORD03045,2025-04-07,Cliente_531,Juliana Freitas Ribeiro,Blumenau,SC,Sul,P0025,Webcam Logitech Full HD,Informática,3.0,329.9,0.0592,2025-04-12,2025-04-09
ORD03046,2025-04-08,Cliente_010,Cauã da Rosa,Sobral,CE,Nordeste,P0018,"Monitor UHD Samsung 32""",Informática,4.0,1626.57,0.0983,2025-04-13,2025-04-13
ORD03047,2025-04-08,Cliente_012,Dr. Arthur da Cunha,Caracaraí,RR,Norte,P0001,Samsung Galaxy A36,Smartphones e Tablets,3.0,1979.1,0.1763,2025-04-16,2025-04-17
ORD03048,2025-04-08,Cliente016,Sr. Thomas Nascimento,Tarauacá,AC,Norte,P0001,Samsung Galaxy A36,Smartphones e Tablets,1.0,1979.1,0.0932,2025-04-12,2025-04-12
ORD03049,2025-04-08,Cliente_016,Sr. Thomas Nascimento,Tarauacá,AC,Norte,P0016,Fone de Ouvido Profissional EDIFIER WH950NB,Áudio,1.0,899.0,0.144,2025-04-17,2025-04-16
ORD03050,2025-04-08,Cliente_021,Mirella Rodrigues,Ribeirão Preto,SP,Sudeste,P0006,Fone de ouvido Sem Fio QCY T27,Áudio,3.0,129.86,0.0471,2025-04-10,2025-04-12
ORD03051,2025-04-08,Cliente_021,Mirella Rodrigues,Ribeirão Preto,SP,Sudeste,P0010,"Smart TV LED 32""Samsung LED Tizen TV",TV e Projeção,3.0,1079.0,0.0566,2025-04-10,2025-04-11
ORD03052,2025-04-08,Cliente_024,Juliana Ferreira,Itacoatiara,AM,Norte,P0008,Película de Vidro 3D Galaxy A30s,Acessórios Mobile,4.0,17.9,0.1274,2025-04-11,2025-04-11
ORD03053,2025-04-08,Cliente_031,Stella Peixoto,Duque de Caxias,RJ,Sudeste,P0008,Película de Vidro 3D Galaxy A30s,Acessórios Mobile,2.0,17.9,0.048,2025-04-15,2025-04-15
ORD03054,2025-04-08,Cliente_040,Renan Silveira,Propriá,SE,Nordeste,P0006,Fone de ouvido Sem Fio QCY T27,Áudio,1.0,129.86,0.0741,2025-04-10,2025-04-09
ORD03055,2025-04-08,Cliente_045,Juan Mendes,Ji-Paraná,RO,Norte,P0013,"Projetor Smart Epson EpiqVision, FULL HD",TV e Projeção,2.0,3049.99,0.1033,2025-04-14,2025-04-11
ORD03056,2025-04-08,Cliente_053,Pedro Moreira,Campinas,SP,Sudeste,P0013,"Projetor Smart Epson EpiqVision, FULL HD",TV e Projeção,1.0,3049.99,0.1349,2025-04-14,2025-04-18
ORD03057,2025-04-08,Cliente_090,Caio Novaes,Blumenau,SC,Sul,P0018,"Monitor UHD Samsung 32""",Informática,3.0,1626.57,0.012,2025-04-12,2025-04-14
ORD03058,2025-04-08,Cliente_121,Kamilly Pereira,Pelotas,RS,Sul,P0014,Projetor EPSON Powerlite Wide Screen,TV e Projeção,1.0,2742.13,0.0989,2025-04-14,2025-04-13
ORD03059,2025-04-08,Cliente_133!!,Isadora Novaes,Cachoeiro de Itapemirim,ES,Sudeste,P0008,Película de Vidro 3D Galaxy A30s,Acessórios Mobile,4.0,17.9,0.0369,2025-04-11,2025-04-09
ORD03060,2025-04-08,Cliente_160,Vitória da Conceição,Santa Rita,PB,Nordeste,P0015,Fone de Ouvido Profissional AKG K92,Áudio,3.0,428.99,0.0101,2025-04-15,2025-04-13
ORD03061,2025-04-08,Cliente_162,Sra. Lorena Almeida,Manacapuru,AM,Norte,P0006,Fone de ouvido Sem Fio QCY T27,Áudio,3.0,129.86,0.0928,2025-04-10,2025-04-10
ORD03062,2025-04-08,Cliente_172,Luiz Gustavo Rocha,Porto Alegre,RS,Sul,P0009,Smart TV 32” Philco LED Roku TV,TV e Projeção,1.0,949.0,0.011,2025-04-14,2025-04-15
ORD03063,2025-04-08,Cliente_181,Davi Luiz da Conceição,Floriano,PI,Nordeste,P0011,"Soundbar Samsung com 2.1 canais, Dolby Digital",Áudio,2.0,1072.0,0.0561,2025-04-13,2025-04-13
ORD03064,2025-04-08,Cliente_188,Ana Beatriz Barbosa,Estância,SE,Nordeste,P0020,Teclado Mecanico Fizz,Informática,2.0,174.9,0.0382,2025-04-11,2025-04-16
ORD03065,2025-04-08,Cliente_189,Cauã Almeida,Patos,PB,Nordeste,P0020,Teclado Mecanico Fizz,Informática,3.0,174.9,0.0404,2025-04-12,2025-04-15
ORD03066,2025-04-08,Cliente_204,Júlia da Mota,Santa Maria,RS,Sul,P0019,Mouse Redragon Wireless,Informática,4.0,165.99,0.0819,2025-04-12,2025-04-15
ORD03067,2025-04-08,Cliente_218,Isabel Pereira,Vila Velha,ES,Sudeste,P0011,"Soundbar Samsung com 2.1 canais, Dolby Digital",Áudio,2.0,1072.0,0.017,2025-04-10,2025-04-10
ORD03068,2025-04-08,Cliente_218,Isabel Pereira,Vila Velha,ES,Sudeste,P0016,Fone de Ouvido Profissional EDIFIER WH950NB,Áudio,4.0,899.0,0.0694,2025-04-14,2025-04-15
ORD03069,2025-04-08,Cliente223,Felipe da Cunha,Tarauacá,AC,Norte,P0003,Carregador Turbo USB-C 30W,Acessórios Mobile,4.0,49.9,0.0573,2025-04-13,2025-04-12
ORD03070,2025-04-08,Cliente_230,Maria Nogueira,Bayeux,PB,Nordeste,P0018,"Monitor UHD Samsung 32""",Informática,3.0,1626.57,0.1255,2025-04-11,2025-04-13
ORD03071,2025-04-08,Cliente_236,Anthony Rezende,Timon,MA,Nordeste,P0014,Projetor EPSON Powerlite Wide Screen,TV e Projeção,4.0,2742.13,0.0262,2025-04-14,2025-04-18
ORD03072,2025-04-08,Cliente_241,Matheus Ribeiro,Curitiba,PR,Sul,P0010,"Smart TV LED 32""Samsung LED Tizen TV",TV e Projeção,1.0,1079.0,0.0723,2025-04-12,2025-04-17
ORD03073,2025-04-08,Cliente_267,Manuela Monteiro,Joinville,SC,Sul,P0003,Carregador Turbo USB-C 30W,Acessórios Mobile,2.0,49.9,0.0742,2025-04-12,2025-04-10
ORD03074,2025-04-08,Cliente_299,Pietra Duarte,Parintins,AM,Norte,P0015,Fone de Ouvido Profissional AKG K92,Áudio,2.0,428.99,0.1042,2025-04-13,2025-04-13
ORD03075,2025-04-08,Cliente_300,Dra. Maria Sophia Nogueira,Chapecó,SC,Sul,P0010,"Smart TV LED 32""Samsung LED Tizen TV",TV e Projeção,,1079.0,0.0353,2025-04-11,2025-04-09
ORD03076,2025-04-08,Cliente_300,Dra. Maria Sophia Nogueira,Chapecó,SC,Sul,P0027,Caixa de Som Bluetooth JBL,Áudio,3.0,549.9,0.0774,2025-04-13,2025-04-13
ORD03077,2025-04-08,Cliente_323,Dr. João Pedro Carvalho,Boa Vista,RR,Norte,P0015,Fone de Ouvido Profissional AKG K92,Áudio,2.0,428.99,0.1457,2025-04-11,2025-04-14
ORD03078,2025-04-08,Cliente_334,Dr. Rafael Castro,Caicó,RN,Nordeste,P0020,Teclado Mecanico Fizz,Informática,4.0,174.9,0.0865,2025-04-14,2025-04-14
ORD03079,2025-04-08,Cliente_357,Amanda Araújo,Araguaína,TO,Norte,P0020,Teclado Mecanico Fizz,Informática,1.0,174.9,0.0909,2025-04-11,2025-04-10
ORD03080,2025-04-08,Cliente_364,Evelyn Azevedo,Fortaleza,CE,Nordeste,P0015,Fone de Ouvido Profissional AKG K92,Áudio,,428.99,0.1991,2025-04-11,2025-04-11
ORD03081,2025-04-08,Cliente_384,Brenda Monteiro,Santana,AP,Norte,P0005,"Fone de Ouvido Sem Fio TWS, PHILIPS",Áudio,3.0,124.91,0.0414,2025-04-12,2025-04-11
ORD03082,2025-04-08,Cliente_394,Eduardo Oliveira,Ribeirão Preto,SP,Sudeste,P0015,Fone de Ouvido Profissional AKG K92,Áudio,2.0,428.99,0.1016,2025-04-12,2025-04-12
ORD03083,2025-04-08,Cliente_409,Eloah Silva,Sobral,CE,Nordeste,P0007,Película para iPhone 14Pro Anti impacto,Acessórios Mobile,2.0,51.8,0.0838,2025-04-13,2025-04-10
ORD03084,2025-04-08,Cliente_474,Benjamin Novaes,Joinville,SC,Sul,P0001,Samsung Galaxy A36,Smartphones e Tablets,3.0,1979.1,0.1997,2025-04-14,2025-04-15
ORD03085,2025-04-08,Cliente_526,Larissa Alves,Juiz de Fora,MG,Sudeste,P0013,"Projetor Smart Epson EpiqVision, FULL HD",TV e Projeção,2.0,3049.99,0.1728,2025-04-14,2025-04-12
ORD03086,2025-04-08,Cliente_526,Larissa Alves,Juiz de Fora,MG,Sudeste,P0015,Fone de Ouvido Profissional AKG K92,Áudio,2.0,428.99,0.0796,2025-04-10,2025-04-09
ORD03087,2025-04-09,Cliente_006,Miguel Cardoso,Juazeiro,BA,Nordeste,P0013,"Projetor Smart Epson EpiqVision, FULL HD",TV e Projeção,3.0,3049.99,0.0795,2025-04-11,2025-04-10
ORD03088,2025-04-09,Cliente_044,Dr. Pedro Porto,Londrina,PR,Sul,P0013,"Projetor Smart Epson EpiqVision, FULL HD",TV e Projeção,4.0,3049.99,0.0015,2025-04-15,2025-04-14
ORD03089,2025-04-09,Cliente_072,Sr. Emanuel Rocha,Pelotas,RS,Sul,P0011,"Soundbar Samsung com 2.1 canais, Dolby Digital",Áudio,1.0,1072.0,0.0701,2025-04-12,2025-04-10
ORD03090,2025-04-09,Cliente_074,Luiz Fernando Freitas,Duque de Caxias,RJ,Sudeste,P0010,"Smart TV LED 32""Samsung LED Tizen TV",TV e Projeção,3.0,1079.0,0.0059,2025-04-11,2025-04-11
ORD03091,2025-04-09,Cliente_075,Rafaela Peixoto,Ribeirão Preto,SP,Sudeste,P0016,Fone de Ouvido Profissional EDIFIER WH950NB,Áudio,3.0,899.0,0.0186,2025-04-15,2025-04-12
ORD03092,2025-04-09,Cliente_109,Gustavo Henrique Cunha,Cantá,RR,Norte,P0023,Tablet Lenovo Tab M11,Smartphones e Tablets,2.0,1399.9,0.0843,2025-04-18,2025-04-20
ORD03093,2025-04-09,Cliente_112,Maria Luiza das Neves,Linhares,ES,Sudeste,P0007,Película para iPhone 14Pro Anti impacto,Acessórios Mobile,1.0,51.8,0.0833,2025-04-11,2025-04-10
ORD03094,2025-04-09,Cliente_135,Eduardo Pires,Contagem,MG,Sudeste,P0003,Carregador Turbo USB-C 30W,Acessórios Mobile,1.0,49.9,0.0221,2025-04-11,2025-04-10
ORD03095,2025-04-09,Cliente_150,Srta. Gabrielly Cardoso,Serra,ES,Sudeste,P0015,Fone de Ouvido Profissional AKG K92,Áudio,3.0,428.99,0.117,2025-04-17,2025-04-17
ORD03096,2025-04-09,Cliente_150,Srta. Gabrielly Cardoso,Serra,ES,Sudeste,P0027,Caixa de Som Bluetooth JBL,Áudio,2.0,549.9,0.1399,2025-04-14,2025-04-14
ORD03097,2025-04-09,Cliente_165,Maria Fernanda Teixeira,Duque de Caxias,RJ,Sudeste,P0013,"Projetor Smart Epson EpiqVision, FULL HD",TV e Projeção,2.0,3049.99,0.1054,2025-04-13,2025-04-23
ORD03098,2025-04-09,cliente_187,Sabrina Fernandes,Caxias do Sul,RS,Sul,P0011,"Soundbar Samsung com 2.1 canais, Dolby Digital",Áudio,1.0,1072.0,0.0673,2025-04-14,2025-04-12
ORD03099,2025-04-09,Cliente_199,João Guilherme Fogaça,Ananindeua,PA,Norte,P0020,Teclado Mecanico Fizz,Informática,,174.9,0.0075,2025-04-15,2025-04-19
ORD03100,2025-04-09,Cliente_229,Thiago da Paz,Uberlândia,MG,Sudeste,P0016,Fone de Ouvido Profissional EDIFIER WH950NB,Áudio,1.0,899.0,0.0357,2025-04-16,2025-04-20
ORD03101,2025-04-09,Cliente_243,Laura da Cunha,Maringá,PR,Sul,P0006,Fone de ouvido Sem Fio QCY T27,Áudio,3.0,129.86,0.0521,2025-04-13,2025-04-11
ORD03102,2025-04-09,Cliente_278,Bianca Pereira,Porto Nacional,TO,Norte,P0007,Película para iPhone 14Pro Anti impacto,Acessórios Mobile,2.0,51.8,0.0174,2025-04-17,2025-04-19
ORD03103,2025-04-09,Cliente_285,Maria Vitória Jesus,Vitória da Conquista,BA,Nordeste,P0017,ACER Notebook Gamer Nitro,Informática,1.0,4604.0,0.1405,2025-04-15,2025-04-14
ORD03104,2025-04-09,Cliente_309,Dra. Ana Laura Pires,Itajaí,SC,Sul,P0014,Projetor EPSON Powerlite Wide Screen,TV e Projeção,3.0,2742.13,0.0256,2025-04-11,2025-04-11
ORD03105,2025-04-09,Cliente_322,Ana Vitória Costela,Caxias do Sul,RS,Sul,P0001,Samsung Galaxy A36,Smartphones e Tablets,2.0,1979.1,0.0049,2025-04-16,2025-04-15
ORD03106,2025-04-09,Cliente_322,Ana Vitória Costela,Caxias do Sul,RS,Sul,P0027,Caixa de Som Bluetooth JBL,Áudio,1.0,549.9,0.044,2025-04-15,2025-04-18
ORD03107,2025-04-09,Cliente_326,Emanuella Porto,Ferreira Gomes,AP,Norte,P0020,Teclado Mecanico Fizz,Informática,3.0,174.9,0.0314,2025-04-19,2025-04-18
ORD03108,2025-04-09,Cliente_344,Davi da Rocha,Duque de Caxias,RJ,Sudeste,P0014,Projetor EPSON Powerlite Wide Screen,TV e Projeção,,2742.13,0.0925,2025-04-13,2025-04-11
ORD03109,2025-04-09,Cliente_354,Pedro Miguel Mendes,Macapá,AP,Norte,P0009,Smart TV 32” Philco LED Roku TV,TV e Projeção,2.0,949.0,0.0583,2025-04-13,2025-04-12
ORD03110,2025-04-09,Cliente_371,Ana Luiza Nunes,Joinville,SC,Sul,P0025,Webcam Logitech Full HD,Informática,4.0,329.9,0.0336,2025-04-14,2025-04-14
ORD03111,2025-04-09,Cliente_413,Raul Rezende,Sobral,CE,Nordeste,P0007,Película para iPhone 14Pro Anti impacto,Acessórios Mobile,2.0,51.8,0.0589,2025-04-13,2025-04-12
ORD03112,2025-04-09,Cliente_437,Miguel Castro,Santo André,SP,Sudeste,P0005,"Fone de Ouvido Sem Fio TWS, PHILIPS",Áudio,,124.91,0.0882,2025-04-16,2025-04-16
ORD03113,2025-04-09,Cliente_456!!,Samuel Rocha,Londrina,PR,Sul,P0015,Fone de Ouvido Profissional AKG K92,Áudio,2.0,428.99,0.073,2025-04-16,2025-04-16
ORD03114,2025-04-10,Cliente_005,Srta. Clara Moraes,Itajaí,SC,Sul,P0005,"Fone de Ouvido Sem Fio TWS, PHILIPS",Áudio,2.0,124.91,0.0705,2025-04-13,2025-04-13
ORD03115,2025-04-10,Cliente_006,Miguel Cardoso,Juazeiro,BA,Nordeste,P0010,"Smart TV LED 32""Samsung LED Tizen TV",TV e Projeção,1.0,1079.0,0.1179,2025-04-12,2025-04-11
ORD03116,2025-04-10,Cliente_009,Sofia Sales,Ponta Grossa,PR,Sul,P0008,Película de Vidro 3D Galaxy A30s,Acessórios Mobile,,17.9,0.0434,2025-04-12,2025-04-11
ORD03117,2025-04-10,Cliente_019,Gabriela da Paz,Uberlândia,MG,Sudeste,P0002,Samsung Galaxy Tab S6 Lite,Smartphones e Tablets,3.0,1799.01,0.0791,2025-04-14,2025-04-15
ORD03118,2025-04-10,Cliente_047,Maria Julia Nascimento,Duque de Caxias,RJ,Sudeste,P0003,Carregador Turbo USB-C 30W,Acessórios Mobile,4.0,49.9,0.0264,2025-04-14,2025-04-14
ORD03119,2025-04-10,Cliente_053,Pedro Moreira,Campinas,SP,Sudeste,P0015,Fone de Ouvido Profissional AKG K92,Áudio,3.0,428.99,0.0812,2025-04-15,2025-04-15
ORD03120,2025-04-10,Cliente_068,Stephany Moreira,Curitiba,PR,Sul,P0012,"Soundbar Tomate MTS-2017, Bivolt",Áudio,,769.9,0.0559,2025-04-14,2025-04-14
ORD03121,2025-04-10,Cliente_101,Francisco Barbosa,Pelotas,RS,Sul,P0016,Fone de Ouvido Profissional EDIFIER WH950NB,Áudio,4.0,899.0,0.0176,2025-04-16,2025-04-15
ORD03122,2025-04-10,Cliente_160,Vitória da Conceição,Santa Rita,PB,Nordeste,P0016,Fone de Ouvido Profissional EDIFIER WH950NB,Áudio,2.0,899.0,0.0304,2025-04-14,2025-04-16
ORD03123,2025-04-10,Cliente_194,Pedro Gomes,Pelotas,RS,Sul,P0014,Projetor EPSON Powerlite Wide Screen,TV e Projeção,,2742.13,0.0421,2025-04-14,2025-04-14
ORD03124,2025-04-10,Cliente_202,Nicolas Viana,Niterói,RJ,Sudeste,P0003,Carregador Turbo USB-C 30W,Acessórios Mobile,4.0,49.9,0.074,2025-04-13,2025-04-13
ORD03125,2025-04-10,Cliente_208,Vitor Araújo,Betim,MG,Sudeste,P0012,"Soundbar Tomate MTS-2017, Bivolt",Áudio,1.0,769.9,0.105,2025-04-12,2025-04-12
ORD03126,2025-04-10,Cliente_218,Isabel Pereira,Vila Velha,ES,Sudeste,P0007,Película para iPhone 14Pro Anti impacto,Acessórios Mobile,3.0,51.8,0.0627,2025-04-17,2025-04-17
ORD03127,2025-04-10,Cliente_219,Natália da Luz,Cascavel,PR,Sul,P0004,Carregador Turbo Tipo-C 50w,Acessórios Mobile,2.0,53.9,0.034,2025-04-16,2025-04-15
ORD03128,2025-04-10,Cliente_222,João Gabriel Nunes,Vitória,ES,Sudeste,P0010,"Smart TV LED 32""Samsung LED Tizen TV",TV e Projeção,3.0,1079.0,0.0904,2025-04-16,2025-04-18
ORD03129,2025-04-10,Cliente_230,Maria Nogueira,Bayeux,PB,Nordeste,P0007,Película para iPhone 14Pro Anti impacto,Acessórios Mobile,1.0,51.8,0.0895,2025-04-13,2025-04-13
ORD03130,2025-04-10,Cliente_252,Sr. Isaac Melo,Itajaí,SC,Sul,P0008,Película de Vidro 3D Galaxy A30s,Acessórios Mobile,4.0,17.9,0.0589,2025-04-14,2025-04-17
ORD03131,2025-04-10,Cliente_277,Melissa Peixoto,João Pessoa,PB,Nordeste,P0021,SSD Crucial 1TB NVMe M.2,Informática,3.0,449.0,0.0516,2025-04-13,2025-04-18
ORD03132,2025-04-10,Cliente_301,Sarah Melo,Curitiba,PR,Sul,P0002,Samsung Galaxy Tab S6 Lite,Smartphones e Tablets,3.0,1799.01,0.081,2025-04-16,2025-04-14
ORD03133,2025-04-10,Cliente_316,Pedro Miguel Caldeira,Caxias do Sul,RS,Sul,P0006,Fone de ouvido Sem Fio QCY T27,Áudio,,129.86,0.1466,2025-04-12,2025-04-12
ORD03134,2025-04-10,Cliente_335,Larissa Rodrigues,Floriano,PI,Nordeste,P0019,Mouse Redragon Wireless,Informática,1.0,165.99,0.0362,2025-04-15,2025-04-19
ORD03135,2025-04-10,Cliente_340,Bruno Cardoso,Gravataí,RS,Sul,P0015,Fone de Ouvido Profissional AKG K92,Áudio,3.0,428.99,0.126,2025-04-16,2025-04-15
ORD03136,2025-04-10,Cliente_358,Paulo Farias,Ji-Paraná,RO,Norte,P0025,Webcam Logitech Full HD,Informática,4.0,329.9,0.0289,2025-04-17,2025-04-16
ORD03137,2025-04-10,Cliente_381,Fernanda Rocha,Ribeirão Preto,SP,Sudeste,P0007,Película para iPhone 14Pro Anti impacto,Acessórios Mobile ,1.0,51.8,0.0728,2025-04-12,2025-04-12
ORD03138,2025-04-10,Cliente_381,Fernanda Rocha,Ribeirão Preto,SP,Sudeste,P0015,Fone de Ouvido Profissional AKG K92,Áudio,2.0,428.99,0.0548,2025-04-12,2025-04-11
ORD03139,2025-04-10,Cliente_388,Juan Fogaça,Currais Novos,RN,Nordeste,P0017,ACER Notebook Gamer Nitro,Informática,4.0,4604.0,0.1469,2025-04-18,2025-04-18
ORD03140,2025-04-10,Cliente_414,Stephany Melo,Timon,MA,Nordeste,P0016,Fone de Ouvido Profissional EDIFIER WH950NB,Áudio,1.0,899.0,0.1462,2025-04-14,2025-04-12
ORD03141,2025-04-10,Cliente_499,Isabel Nogueira,Caicó,RN,Nordeste,P0011,"Soundbar Samsung com 2.1 canais, Dolby Digital",Áudio,2.0,1072.0,0.0447,2025-04-17,2025-04-17
ORD03142,2025-04-10,Cliente_532,Gustavo Farias,Tarauacá,AC,Norte,P0027,Caixa de Som Bluetooth JBL,Áudio,2.0,549.9,0.1367,2025-04-17,2025-04-17
ORD03143,2025-04-10,Cliente_545,Felipe Cardoso,Florianópolis,SC,Sul,P0018,"Monitor UHD Samsung 32""",Informática,1.0,1626.57,0.0266,2025-04-14,2025-04-16
ORD03144,2025-04-11,Cliente_008,Thales Pereira,Cascavel,PR,Sul,P0027,Caixa de Som Bluetooth JBL,Áudio,2.0,549.9,0.1282,2025-04-15,2025-04-14
ORD03145,2025-04-11,Cliente_036,Bryan Pires,Manacapuru,AM,Norte,P0012,"Soundbar Tomate MTS-2017, Bivolt",Áudio,1.0,769.9,0.0321,2025-04-13,2025-04-18
ORD03146,2025-04-11,Cliente_040,Renan Silveira,Propriá,SE,Nordeste,P0002,Samsung Galaxy Tab S6 Lite,Smartphones e Tablets,3.0,1799.01,0.0629,2025-04-13,2025-04-12
ORD03147,2025-04-11,Cliente_051,Maria Julia Pinto,Blumenau,SC,Sul,P0018,"Monitor UHD Samsung 32""",Informática,2.0,1626.57,0.0923,2025-04-17,2025-04-17
ORD03148,2025-04-11,Cliente_072,Sr. Emanuel Rocha,Pelotas,RS,Sul,P0019,Mouse Redragon Wireless,Informática,1.0,165.99,0.0223,2025-04-14,2025-04-14
ORD03149,2025-04-11,Cliente_076,Leandro da Costa,Rolim de Moura,RO,Norte,P0015,Fone de Ouvido Profissional AKG K92,Áudio,4.0,428.99,0.0022,2025-04-16,2025-04-16
ORD03150,2025-04-11,Cliente_101,Francisco Barbosa,Pelotas,RS,Sul,P0014,Projetor EPSON Powerlite Wide Screen,TV e Projeção,4.0,2742.13,0.0288,2025-04-13,2025-04-12
ORD03151,2025-04-11,Cliente_113,Sra. Camila Peixoto,Marabá,PA,Norte,P0008,Película de Vidro 3D Galaxy A30s,Acessórios Mobile,4.0,17.9,0.0833,2025-04-16,2025-04-15
ORD03152,2025-04-11,Cliente_155,Clara Almeida,Ponta Grossa,PR,Sul,P0006,Fone de ouvido Sem Fio QCY T27,Áudio,2.0,129.86,0.1114,2025-04-17,2025-04-14
ORD03153,2025-04-11,Cliente_201,Dr. Bruno Cardoso,Aracaju,SE,Nordeste,P0015,Fone de Ouvido Profissional AKG K92,Áudio,1.0,,0.1261,2025-04-16,2025-04-16
ORD03154,2025-04-11,Cliente_213,Sra. Daniela Lima,São Bernardo do Campo,SP,Sudeste,P0011,"Soundbar Samsung com 2.1 canais, Dolby Digital",Áudio,1.0,,0.0702,2025-04-15,2025-04-15
ORD03155,2025-04-11,Cliente_218,Isabel Pereira,Vila Velha,ES,Sudeste,P0019, Mouse Redragon Wireless,Informática,4.0,165.99,0.3244,2025-04-15,2025-04-14
ORD03156,2025-04-11,Cliente_219,Natália da Luz,Cascavel,PR,Sul,P0019,Mouse Redragon Wireless,Informática,3.0,165.99,0.0523,2025-04-18,2025-04-17
ORD03157,2025-04-11,Cliente_228,Gabrielly Santos,Santarém,PA,Norte,P0027,Caixa de Som Bluetooth JBL,Áudio,,549.9,0.1127,2025-04-18,2025-04-18
ORD03158,2025-04-11,Cliente_231,Maria Luiza Rezende,Maringá,PR,Sul,P0019,Mouse Redragon Wireless,Informática,2.0,165.99,0.0848,2025-04-15,2025-04-15
ORD03159,2025-04-11,Cliente_259,Melissa da Rocha,São Bernardo do Campo,SP,Sudeste,P0020,Teclado Mecanico Fizz,Informática,1.0,174.9,0.1432,2025-04-16,2025-04-16
ORD03160,2025-04-11,Cliente264,Sr. Noah da Paz,Itacoatiara,AM,Norte,P0016,Fone de Ouvido Profissional EDIFIER WH950NB,Áudio,4.0,899.0,0.0378,2025-04-13,2025-04-12
ORD03161,2025-04-11,Cliente_268,Pietra Pires,Parnamirim,RN,Nordeste,P0012,"Soundbar Tomate MTS-2017, Bivolt",Áudio,3.0,769.9,0.1227,2025-04-14,2025-04-12
ORD03162,2025-04-11,Cliente_287,Nicole Moraes,Sena Madureira,AC,Norte,P0014,Projetor EPSON Powerlite Wide Screen,TV e Projeção,3.0,2742.13,0.0617,2025-04-14,2025-04-12
ORD03163,2025-04-11,Cliente_297,Letícia Campos,Boa Vista,RR,Norte,P0009,Smart TV 32” Philco LED Roku TV,TV e Projeção,3.0,949.0,0.0321,2025-04-16,2025-04-15
ORD03164,2025-04-11,Cliente_305,Ana Julia Pires,Uberlândia,MG,Sudeste,P0005,"Fone de Ouvido Sem Fio TWS, PHILIPS",Áudio,3.0,124.91,0.102,2025-04-17,2025-04-19
ORD03165,2025-04-11,Cliente_306,André Monteiro,Caicó,RN,Nordeste,P0020,Teclado Mecanico Fizz,Informática,1.0,174.9,0.1345,2025-04-20,2025-04-21
ORD03166,2025-04-11,Cliente_326,Emanuella Porto,Ferreira Gomes,AP,Norte,P0008,Película de Vidro 3D Galaxy A30s,Acessórios Mobile,4.0,17.9,0.0424,2025-04-18,2025-04-20
ORD03167,2025-04-11,Cliente_337,Benício Fernandes,Castanhal,PA,Norte,P0011,"Soundbar Samsung com 2.1 canais, Dolby Digital",Áudio,3.0,1072.0,0.0627,2025-04-16,2025-04-13
ORD03168,2025-04-11,Cliente_337,Benício Fernandes,Castanhal,PA,Norte,P0012,"Soundbar Tomate MTS-2017, Bivolt",Áudio,2.0,769.9,0.0147,2025-04-18,2025-04-17
ORD03169,2025-04-11,Cliente_340,Bruno Cardoso,Gravataí,RS,Sul,P0006,Fone de ouvido Sem Fio QCY T27,Áudio,3.0,129.86,0.0713,2025-04-15,2025-04-15
ORD03170,2025-04-11,Cliente_352,Eduarda Cardoso,Campinas,SP,Sudeste,P0005,"Fone de Ouvido Sem Fio TWS, PHILIPS",Áudio,2.0,124.91,0.108,2025-04-14,2025-04-13
ORD03171,2025-04-11,Cliente_395,Luiz Henrique Castro,Betim,MG,Sudeste,P0004,Carregador Turbo Tipo-C 50w,Acessórios Mobile,2.0,53.9,0.0282,2025-04-16,2025-04-13
ORD03172,2025-04-11,Cliente_417,Francisco Nogueira,Ribeirão Preto,SP,Sudeste,P0021,SSD Crucial 1TB NVMe M.2 ,Informática,4.0,449.0,0.011,2025-04-13,2025-04-18
ORD03173,2025-04-11,Cliente_452,Arthur Silveira,Porto Nacional,TO,Norte,P0002,Samsung Galaxy Tab S6 Lite,Smartphones e Tablets,3.0,1799.01,0.1225,2025-04-18,2025-04-22
ORD03174,2025-04-11,Cliente_499,Isabel Nogueira,Caicó,RN,Nordeste,P0027,Caixa de Som Bluetooth JBL,Áudio,2.0,549.9,0.1048,2025-04-15,2025-04-20
ORD03175,2025-04-12,Cliente_019,Gabriela da Paz,Uberlândia,MG,Sudeste,P0001,Samsung Galaxy A36,Smartphones e Tablets,2.0,,0.1048,2025-04-19,2025-04-19
ORD03176,2025-04-12,Cliente_024,Juliana Ferreira,Itacoatiara,AM,Norte,P0020,Teclado Mecanico Fizz,Informática,2.0,174.9,0.0324,2025-04-16,2025-04-16
ORD03177,2025-04-12,Cliente_046,Dra. Emanuella Sales,Cruzeiro do Sul,AC,Norte,P0008,Película de Vidro 3D Galaxy A30s,Acessórios Mobile,4.0,17.9,0.0749,2025-04-18,2025-04-18
ORD03178,2025-04-12,Cliente_078,Davi Costela,Currais Novos,RN,Nordeste,P0012,"Soundbar Tomate MTS-2017, Bivolt",Áudio,1.0,769.9,0.0118,2025-04-19,2025-04-18
ORD03179,2025-04-12,Cliente_117,Dra. Maysa Fogaça,Propriá,SE,Nordeste,P0027,Caixa de Som Bluetooth JBL,Áudio,,549.9,0.2012,2025-04-17,2025-04-16
ORD03180,2025-04-12,Cliente_120,Laís das Neves,Tarauacá,AC,Norte,P0015,Fone de Ouvido Profissional AKG K92,Áudio,,428.99,0.1742,2025-04-19,2025-04-19
ORD03181,2025-04-12,Cliente_121,Kamilly Pereira,Pelotas,RS,Sul,P0007,Película para iPhone 14Pro Anti impacto,Acessórios Mobile,2.0,51.8,0.0681,2025-04-18,2025-04-18
ORD03182,2025-04-12,Cliente_149,Manuela Santos,Caxias do Sul,RS,Sul,P0008,Película de Vidro 3D Galaxy A30s,Acessórios Mobile,3.0,17.9,0.0631,2025-04-15,2025-04-14
ORD03183,2025-04-12,Cliente_149,Manuela Santos,Caxias do Sul,RS,Sul,P0008,Película de Vidro 3D Galaxy A30s,Acessórios Mobile,1.0,17.9,0.0513,2025-04-15,2025-04-22
ORD03184,2025-04-12,Cliente_161,Murilo Monteiro,Currais Novos,RN,Nordeste,P0004,Carregador Turbo Tipo-C 50w,Acessórios Mobile,2.0,53.9,0.0599,2025-04-18,2025-04-20
ORD03185,2025-04-12,Cliente_163,Thiago Rodrigues,São Luís,MA,Nordeste,P0001,Samsung Galaxy A36,Smartphones e Tablets,3.0,1979.1,0.1448,2025-04-18,2025-04-21
ORD03186,2025-04-12,Cliente_165,Maria Fernanda Teixeira,Duque de Caxias,RJ,Sudeste,P0013,"Projetor Smart Epson EpiqVision, FULL HD",TV e Projeção,2.0,3049.99,0.0989,2025-04-14,2025-04-13
ORD03187,2025-04-12,Cliente_179,Ana Vitória da Rocha,São Paulo,SP,Sudeste,P0004,Carregador Turbo Tipo-C 50w,Acessórios Mobile,2.0,53.9,0.0146,2025-04-14,2025-04-13
ORD03188,2025-04-12,Cliente_182,Pedro Henrique Pinto,Parnaíba,PI,Nordeste,P0017,ACER Notebook Gamer Nitro,Informática,1.0,4604.0,0.1082,2025-04-20,2025-04-18
ORD03189,2025-04-12,Cliente_199,João Guilherme Fogaça,Ananindeua,PA,Norte,P0004,Carregador Turbo Tipo-C 50w,Acessórios Mobile,,53.9,0.0524,2025-04-16,2025-04-14
ORD03190,2025-04-12,Cliente_213,Sra. Daniela Lima,São Bernardo do Campo,SP,Sudeste,P0006,Fone de ouvido Sem Fio QCY T27,Áudio,2.0,129.86,0.0197,2025-04-14,2025-04-13
ORD03191,2025-04-12,Cliente_218,Isabel Pereira,Vila Velha,ES,Sudeste,P0005,"Fone de Ouvido Sem Fio TWS, PHILIPS",Áudio,1.0,124.91,0.035,2025-04-16,2025-04-18
ORD03192,2025-04-12,Cliente_222,João Gabriel Nunes,Vitória,ES,Sudeste,P0012,"Soundbar Tomate MTS-2017, Bivolt",Áudio,3.0,769.9,0.0115,2025-04-19,2025-04-19
ORD03193,2025-04-12,Cliente_228,Gabrielly Santos,Santarém,PA,Norte,P0011,"Soundbar Samsung com 2.1 canais, Dolby Digital",Áudio,1.0,1072.0,0.0474,2025-04-18,2025-04-17
ORD03194,2025-04-12,Cliente_231,Maria Luiza Rezende,Maringá,PR,Sul,P0006,Fone de ouvido Sem Fio QCY T27,Áudio,1.0,129.86,0.0916,2025-04-16,2025-04-14
ORD03195,,Cliente_266,Caroline Carvalho,Cruzeiro do Sul,AC,Norte,P0021,SSD Crucial 1TB NVMe M.2,Informática,4.0,449.0,0.1271,2025-04-16,2025-04-18
ORD03196,2025-04-12,Cliente_280,Daniel da Luz,Santo André,SP,Sudeste,P0020,Teclado Mecanico Fizz,Informática,2.0,174.9,0.0569,2025-04-15,2025-04-17
ORD03197,2025-04-12,Cliente_297,Letícia Campos,Boa Vista,RR,Norte,P0018,"Monitor UHD Samsung 32"" ",Informática,1.0,1626.57,0.1002,2025-04-20,2025-04-17
ORD03198,2025-04-12,Cliente_308,Enzo Gabriel Costa,Londrina,PR,Sul,P0019,Mouse Redragon Wireless,Informática,3.0,165.99,0.0808,2025-04-14,2025-04-13
ORD03199,2025-04-12,Cliente_312,Juan Araújo,Bacabal,MA,Nordeste,P0015,Fone de Ouvido Profissional AKG K92,Áudio,3.0,428.99,0.0319,2025-04-16,2025-04-16
ORD03200,2025-04-12,Cliente_313,Noah Rodrigues,Ji-Paraná,RO,Norte,P0004,Carregador Turbo Tipo-C 50w,Acessórios Mobile,3.0,53.9,0.0646,2025-04-20,2025-04-20
ORD03201,2025-04-12,Cliente_314,Nina Ramos,Laranjal do Jari,AP,Norte,P0015,Fone de Ouvido Profissional AKG K92,Áudio,1.0,428.99,0.0761,2025-04-17,2025-04-21
ORD03202,2025-04-12,Cliente_316,Pedro Miguel Caldeira,Caxias do Sul,RS,Sul,P0023,Tablet Lenovo Tab M11,Smartphones e Tablets,2.0,1399.9,0.0575,2025-04-18,2025-04-19
ORD03203,2025-04-12,Cliente_324,João Guilherme Araújo,Nova Iguaçu,RJ,Sudeste,P0018,"Monitor UHD Samsung 32""",Informática,4.0,1626.57,0.0559,2025-04-16,2025-04-16
ORD03204,2025-04-12,Cliente_330,Rebeca Farias,Cascavel,PR,Sul,P0009,Smart TV 32” Philco LED Roku TV,TV e Projeção,1.0,949.0,0.1186,2025-04-18,2025-04-17
ORD03205,2025-04-12,Cliente_337,Benício Fernandes,Castanhal,PA,Norte,P0005," Fone de Ouvido Sem Fio TWS, PHILIPS",Áudio,1.0,124.91,0.0812,2025-04-14,2025-04-13
ORD03206,2025-04-12,cliente_337,Benício Fernandes,Castanhal,PA,Norte,P0008,Película de Vidro 3D Galaxy A30s,Acessórios Mobile,1.0,17.9,0.087,2025-04-17,2025-04-17
ORD03207,2025-04-12,Cliente_360,Mariane Campos,Teresina,PI,Nordeste,P0027,Caixa de Som Bluetooth JBL,Áudio,,549.9,0.1569,2025-04-20,2025-04-18
ORD03208,2025-04-12,Cliente_364,Evelyn Azevedo,Fortaleza,CE,Nordeste,P0004,Carregador Turbo Tipo-C 50w,Acessórios Mobile,2.0,53.9,0.1523,2025-04-19,2025-04-18
ORD03209,2025-04-12,Cliente_411,Stephany Almeida,Santo André,SP,Sudeste,P0026,Cabo USB-C Trançado 2m,Acessórios Mobile,3.0,34.9,0.0309,2025-04-16,2025-04-16
ORD03210,2025-04-12,Cliente_444,Davi Lima,Maringá,PR,Sul,P0018,"Monitor UHD Samsung 32""",Informática,1.0,1626.57,0.1048,2025-04-15,2025-04-15
ORD03211,2025-04-12,Cliente_483,Melissa Gomes,Blumenau,SC,Sul,P0018,"Monitor UHD Samsung 32""",Informática,2.0,1626.57,0.1205,2025-04-14,2025-04-14
ORD03212,2025-04-12,Cliente_484,Rafael Novaes Nogueira,Santa Maria,RS,Sul,P0007,Película para iPhone 14Pro Anti impacto,Acessórios Mobile,2.0,51.8,0.0884,2025-04-14,2025-04-13
ORD03213,2025-04-12,Cliente_508,Sophia Freitas,Cascavel,PR,Sul,P0027,Caixa de Som Bluetooth JBL,Áudio,3.0,549.9,0.1468,2025-04-17,2025-04-22
ORD03214,2025-04-12,Cliente_523,Lucas Moreira,Curitiba,PR,Sul,P0015,Fone de Ouvido Profissional AKG K92,Áudio,1.0,428.99,0.1016,2025-04-17,2025-04-14
ORD03215,2025-04-12,Cliente_532,Gustavo Farias,Tarauacá,AC,Norte,P0004,Carregador Turbo Tipo-C 50w,Acessórios Mobile,3.0,53.9,0.073,2025-04-19,2025-04-19
ORD03216,2025-04-13,Cliente_006,Miguel Cardoso,Juazeiro,BA,Nordeste,P0020,Teclado Mecanico Fizz,Informática,2.0,174.9,0.0152,2025-04-15,2025-04-15
ORD03217,2025-04-13,Cliente_008,Thales Pereira,Cascavel,PR,Sul,P0004,Carregador Turbo Tipo-C 50w,Acessórios Mobile,3.0,53.9,0.0797,2025-04-15,2025-04-14
ORD03218,2025-04-13,Cliente_010,Cauã da Rosa,Sobral,CE,Nordeste,P0005,"Fone de Ouvido Sem Fio TWS, PHILIPS",Áudio,2.0,124.91,0.0366,2025-04-18,2025-04-18
ORD03219,2025-04-13,Cliente_033,Lucca Cardoso,Ji-Paraná,RO,Norte,P0004,Carregador Turbo Tipo-C 50w,Acessórios Mobile,3.0,53.9,0.0208,2025-04-17,2025-04-15
ORD03220,2025-04-13,Cliente_047,Maria Julia Nascimento,Duque de Caxias,RJ,Sudeste,P0017,ACER Notebook Gamer Nitro,Informática,4.0,4604.0,0.0184,2025-04-15,2025-04-15
ORD03221,2025-04-13,Cliente_049,Isis Pinto,Santarém,PA,Norte,P0005,"Fone de Ouvido Sem Fio TWS, PHILIPS",Áudio,3.0,124.91,0.0444,2025-04-17,2025-04-16
ORD03222,2025-04-13,Cliente_061,Dr. Emanuel Fogaça,Porto Nacional,TO,Norte,P0027,Caixa de Som Bluetooth JBL,Áudio,3.0,549.9,0.1664,2025-04-18,2025-04-16
ORD03223,2025-04-13,Cliente_068,Stephany Moreira,Curitiba,PR,Sul,P0004,Carregador Turbo Tipo-C 50w,Acessórios Mobile,3.0,53.9,0.0697,2025-04-19,2025-04-18
ORD03224,2025-04-13,Cliente_084,Natália Souza,Porto Alegre,RS,Sul,P0005,"Fone de Ouvido Sem Fio TWS, PHILIPS",Áudio,4.0,124.91,0.1245,2025-04-16,2025-04-16
ORD03225,2025-04-13,Cliente_169,Pedro Henrique Monteiro,Ji-Paraná,RO,Norte,P0012,"Soundbar Tomate MTS-2017, Bivolt",Áudio,1.0,769.9,0.0127,2025-04-19,2025-04-19
ORD03226,2025-04-13,Cliente_175,Srta. Gabriela Caldeira,Rio Branco,AC,Norte,P0005,"Fone de Ouvido Sem Fio TWS, PHILIPS",Áudio,3.0,124.91,0.0753,2025-04-18,2025-04-21
ORD03227,2025-04-13,Cliente_188,Ana Beatriz Barbosa,Estância,SE,Nordeste,P0020, Teclado Mecanico Fizz,Informática,3.0,174.9,0.0486,2025-04-15,2025-04-14
ORD03228,2025-04-13,Cliente_206,João Miguel Azevedo,Estância,SE,Nordeste,P0009,Smart TV 32” Philco LED Roku TV,TV e Projeção,1.0,949.0,0.0622,2025-04-20,2025-04-20
ORD03229,2025-04-13,Cliente_247,João Moraes,Campinas,SP,Sudeste,P0018,"Monitor UHD Samsung 32""",Informática,3.0,1626.57,0.0844,2025-04-15,2025-04-17
ORD03230,2025-04-13, Cliente_256,Daniela Fogaça,Florianópolis,SC,Sul,P0014,Projetor EPSON Powerlite Wide Screen,TV e Projeção,1.0,2742.13,0.0231,2025-04-15,2025-04-14
ORD03231,2025-04-13,Cliente_256,Daniela Fogaça,Florianópolis,SC,Sul,P0019,Mouse Redragon Wireless,Informática,4.0,165.99,0.1643,2025-04-19,2025-04-16
ORD03232,2025-04-13,Cliente_266,Caroline Carvalho,Cruzeiro do Sul,AC,Norte,P0005,"Fone de Ouvido Sem Fio TWS, PHILIPS",Áudio,3.0,124.91,0.0581,2025-04-22,2025-04-25
ORD03233,2025-04-13,Cliente_273,Leonardo Melo,Sobral,CE,Nordeste,P0027,Caixa de Som Bluetooth JBL,Áudio,2.0,549.9,0.1144,2025-04-18,2025-04-16
ORD03234,2025-04-13,Cliente_301,Sarah Melo,Curitiba,PR,Sul,P0003,Carregador Turbo USB-C 30W,Acessórios Mobile,3.0,49.9,0.0761,2025-04-19,2025-04-17
ORD03235,2025-04-13,Cliente_301,Sarah Melo,Curitiba,PR,Sul,P0009,Smart TV 32” Philco LED Roku TV,TV e Projeção,4.0,949.0,0.1382,2025-04-17,2025-04-16
ORD03236,2025-04-13,Cliente_301,Sarah Melo,Curitiba,PR,Sul,P0012,"Soundbar Tomate MTS-2017, Bivolt",Áudio,4.0,769.9,0.0254,2025-04-15,2025-04-15
ORD03237,2025-04-13,Cliente_309,Dra. Ana Laura Pires,Itajaí,SC,Sul,P0010,"Smart TV LED 32""Samsung LED Tizen TV",TV e Projeção,4.0,1079.0,0.1138,2025-04-19,2025-04-23
ORD03238,2025-04-13,Cliente_331,Guilherme Cavalcanti,Juiz de Fora,MG,Sudeste,P0018,"Monitor UHD Samsung 32""",Informática,1.0,1626.57,0.0926,2025-04-19,2025-04-18
ORD03239,2025-04-13,Cliente_337,Benício Fernandes,Castanhal,PA,Norte,P0016,Fone de Ouvido Profissional EDIFIER WH950NB,Áudio,3.0,899.0,0.0322,2025-04-20,2025-04-18
ORD03240,2025-04-13,Cliente_345,Nathan Castro,Brasiléia,AC,Norte,P0010,"Smart TV LED 32""Samsung LED Tizen TV",TV e Projeção,1.0,1079.0,0.0903,2025-04-18,2025-04-21
ORD03241,2025-04-13,Cliente_352,Eduarda Cardoso,Campinas,SP,Sudeste,P0014,Projetor EPSON Powerlite Wide Screen,TV e Projeção,1.0,2742.13,0.112,2025-04-17,2025-04-17
ORD03242,2025-04-13,Cliente_357,Amanda Araújo,Araguaína,TO,Norte,P0018,"Monitor UHD Samsung 32""",Informática,2.0,1626.57,0.0185,2025-04-17,2025-04-16
ORD03243,2025-04-13,Cliente_373,Sr. Cauê Martins,Gravataí,RS,Sul,P0016,Fone de Ouvido Profissional EDIFIER WH950NB,Áudio,1.0,899.0,0.0759,2025-04-16,2025-04-17
ORD03244,2025-04-13,Cliente_382,Bryan Ribeiro,Cachoeiro de Itapemirim,ES,Sudeste,P0008,Película de Vidro 3D Galaxy A30s,Acessórios Mobile,2.0,17.9,0.0252,2025-04-16,2025-04-15
ORD03245,2025-04-13,cliente_385,Helena Barros,Campinas,SP,Sudeste,P0001,Samsung Galaxy A36,Smartphones e Tablets,3.0,1979.1,0.0973,2025-04-19,2025-04-17
ORD03246,2025-04-13,Cliente_408,Maria Julia Duarte,Marabá,PA,Norte,P0005,"Fone de Ouvido Sem Fio TWS, PHILIPS",Áudio,3.0,124.91,0.0536,2025-04-18,2025-04-18
ORD03247,2025-04-13,Cliente_432,Davi Gomes Nogueira,Uberlândia,MG,Sudeste,P0027,Caixa de Som Bluetooth JBL,Áudio,1.0,549.9,0.1323,2025-04-21,2025-04-21
ORD03248,2025-04-13,Cliente_464,Esther Nunes Ribeiro,Florianópolis,SC,Sul,P0008,Película de Vidro 3D Galaxy A30s,Acessórios Mobile,2.0,,0.043,2025-04-15,2025-04-14
ORD03249,2025-04-13,Cliente_529,Vinicius Paz,Vila Velha,ES,Sudeste,P0010,"Smart TV LED 32""Samsung LED Tizen TV",TV e Projeção,1.0,1079.0,0.0988,2025-04-16,2025-04-15
ORD03250,2025-04-14,Cliente_007,Helena Souza,Feira de Santana,BA,Nordeste,P0011,"Soundbar Samsung com 2.1 canais, Dolby Digital",Áudio,4.0,1072.0,0.0469,2025-04-19,2025-04-19
ORD03251,2025-04-14,Cliente_016,Sr. Thomas Nascimento,Tarauacá,AC,Norte,P0001,Samsung Galaxy A36,Smartphones e Tablets,3.0,1979.1,0.1201,2025-04-21,2025-04-20
ORD03252,2025-04-14,Cliente_016,Sr. Thomas Nascimento,Tarauacá,AC,Norte,P0003,Carregador Turbo USB-C 30W,Acessórios Mobile,3.0,49.9,0.0327,2025-04-17,2025-04-16
ORD03253,2025-04-14,Cliente_019,Gabriela da Paz,Uberlândia,MG,Sudeste,P0007, Película para iPhone 14Pro Anti impacto,Acessórios Mobile,3.0,51.8,0.029,2025-04-19,2025-04-20
ORD03254,2025-04-14,Cliente_075,Rafaela Peixoto,Ribeirão Preto,SP,Sudeste,P0007,Película para iPhone 14Pro Anti impacto,Acessórios Mobile,4.0,51.8,0.0542,2025-04-21,2025-04-20
ORD03255,2025-04-14,Cliente_079,Lucas Gabriel Jesus,Laranjal do Jari,AP,Norte,P0018,"Monitor UHD Samsung 32""",Informática,1.0,1626.57,0.0582,2025-04-21,2025-04-24
ORD03256,2025-04-14,Cliente_086,Srta. Heloísa Moraes,Pelotas,RS,Sul,P0017,ACER Notebook Gamer Nitro,Informática,1.0,4604.0,0.085,2025-04-19,2025-04-18
ORD03257,2025-04-14,Cliente_098,Thales Castro,Caxias do Sul,RS,Sul,P0013,"Projetor Smart Epson EpiqVision, FULL HD",TV e Projeção,2.0,3049.99,0.1286,2025-04-16,2025-04-17
ORD03258,2025-04-14,Cliente_114,Evelyn da Paz,Mucajaí,RR,Norte,P0012,"Soundbar Tomate MTS-2017, Bivolt",Áudio,1.0,769.9,0.0134,2025-04-21,2025-04-19
ORD03259,2025-04-14,Cliente_118 ,Bianca Pinto,Ponta Grossa,PR,Sul,P0015,Fone de Ouvido Profissional AKG K92,Áudio,3.0,428.99,0.1784,2025-04-16,2025-04-19
ORD03260,2025-04-14,Cliente_154,Juan Duarte,São Paulo,SP,Sudeste,P0016,Fone de Ouvido Profissional EDIFIER WH950NB,Áudio,,899.0,0.047,2025-04-19,2025-04-21
ORD03261,2025-04-14,Cliente_156,Lívia da Rocha,Cacoal,RO,Norte,P0004,Carregador Turbo Tipo-C 50w,Acessórios Mobile,3.0,53.9,0.0396,2025-04-21,2025-04-20
ORD03262,2025-04-14,Cliente_181,Davi Luiz da Conceição,Floriano,PI,Nordeste,P0018,"Monitor UHD Samsung 32""",Informática,1.0,1626.57,0.0811,2025-04-18,2025-04-18
ORD03263,2025-04-14,Cliente_216,Yasmin Costela,Pelotas,RS,Sul,P0008,Película de Vidro 3D Galaxy A30s,Acessórios Mobile,3.0,17.9,0.0638,2025-04-21,2025-04-19
ORD03264,2025-04-14,Cliente_217,Otávio Sales,Porto Nacional,TO,Norte,P0016,Fone de Ouvido Profissional EDIFIER WH950NB,Áudio,3.0,899.0,0.0429,2025-04-18,2025-04-20
ORD03265,2025-04-14,Cliente_236,Anthony Rezende,Timon,MA,Nordeste,P0015,Fone de Ouvido Profissional AKG K92,Áudio,4.0,428.99,0.0225,2025-04-21,2025-04-20
ORD03266,2025-04-14,Cliente_257,Dr. Matheus Castro,Camaçari,BA,Nordeste,P0010,"Smart TV LED 32""Samsung LED Tizen TV",TV e Projeção,2.0,1079.0,0.0609,2025-04-16,2025-04-15
ORD03267,2025-04-14,Cliente_264,Sr. Noah da Paz,Itacoatiara,AM,Norte,P0003,Carregador Turbo USB-C 30W,Acessórios Mobile,2.0,49.9,0.0674,2025-04-16,2025-04-15
ORD03268,2025-04-14,Cliente_266,Caroline Carvalho,Cruzeiro do Sul,AC,Norte,P0011,"Soundbar Samsung com 2.1 canais, Dolby Digital",Áudio,4.0,1072.0,0.1198,2025-04-23,2025-04-22
ORD03269,2025-04-14,Cliente_277,Melissa Peixoto,João Pessoa,PB,Nordeste,P0007,Película para iPhone 14Pro Anti impacto,Acessórios Mobile,4.0,51.8,0.0035,2025-04-17,2025-04-17
ORD03270,2025-04-14,Cliente_285,Maria Vitória Jesus,Vitória da Conquista,BA,Nordeste,P0006,Fone de ouvido Sem Fio QCY T27,Áudio,3.0,129.86,0.1255,2025-04-16,2025-04-18
ORD03271,2025-04-14,Cliente_299,Pietra Duarte,Parintins,AM,Norte,P0015,Fone de Ouvido Profissional AKG K92,Áudio,4.0,428.99,0.1261,2025-04-16,2025-04-16
ORD03272,2025-04-14,Cliente_301,Sarah Melo,Curitiba,PR,Sul,P0004,Carregador Turbo Tipo-C 50w,Acessórios Mobile,3.0,53.9,0.1232,2025-04-20,2025-04-19
ORD03273,2025-04-14,Cliente_336,Ana Lívia Dias,Feira de Santana,BA,Nordeste,P0012,"Soundbar Tomate MTS-2017, Bivolt",Áudio,3.0,769.9,0.0023,2025-04-17,2025-04-17
ORD03274,2025-04-14,Cliente_360,Mariane Campos,Teresina,PI,Nordeste,P0004,Carregador Turbo Tipo-C 50w,Acessórios Mobile,3.0,53.9,0.0217,2025-04-18,2025-04-16
ORD03275,2025-04-14,Cliente_360,Mariane Campos,Teresina,PI,Nordeste,P0019,Mouse Redragon Wireless,Informática,3.0,165.99,0.0203,2025-04-23,2025-04-23
ORD03276,2025-04-14,Cliente_371,Ana Luiza Nunes,Joinville,SC,Sul,P0017,ACER Notebook Gamer Nitro,Informática,2.0,4604.0,0.0882,2025-04-17,2025-04-16
ORD03277,2025-04-14, Cliente_406 ,Laís da Costa,Juiz de Fora,MG,Sudeste,P0009,Smart TV 32” Philco LED Roku TV,TV e Projeção,1.0,949.0,0.0761,2025-04-19,2025-04-18
ORD03278,2025-04-14,Cliente_442,Gabriela Novaes,Londrina,PR,Sul,P0005,"Fone de Ouvido Sem Fio TWS, PHILIPS",Áudio,3.0,124.91,0.0868,2025-04-18,2025-04-21
ORD03279,2025-04-14,Cliente_507,Cecília Pinto,Crato,CE,Nordeste,P0013,"Projetor Smart Epson EpiqVision, FULL HD",TV e Projeção,4.0,3049.99,0.1552,2025-04-20,2025-04-20
ORD03280,2025-04-14,Cliente_528,Thiago Mata Mendes,Niterói,RJ,Sudeste,P0018,"Monitor UHD Samsung 32""",Informática,1.0,1626.57,0.1369,2025-04-20,2025-04-22
ORD03281,,Cliente_010,Cauã da Rosa,Sobral,CE,Nordeste,P0003,Carregador Turbo USB-C 30W,Acessórios Mobile,2.0,49.9,0.063,2025-04-21,2025-04-21
ORD03282,2025-04-15,Cliente_029,Dr. Pedro Henrique da Cruz,São Paulo,SP,Sudeste,P0006,Fone de ouvido Sem Fio QCY T27,Áudio,1.0,129.86,0.0485,2025-04-19,2025-04-22
ORD03283,2025-04-15,Cliente_058,Sr. Nathan Peixoto,Itacoatiara,AM,Norte,P0001,Samsung Galaxy A36,Smartphones e Tablets,3.0,1979.1,0.2205,2025-04-21,2025-04-21
ORD03284,2025-04-15,Cliente_113,Sra. Camila Peixoto,Marabá,PA,Norte,P0014,Projetor EPSON Powerlite Wide Screen,TV e Projeção,4.0,2742.13,0.1435,2025-04-24,2025-04-23
ORD03285,2025-04-15,Cliente_126,Luiz Fernando da Costa,Juiz de Fora,MG,Sudeste,P0017,ACER Notebook Gamer Nitro,Informática,1.0,4604.0,0.1311,2025-04-18,2025-04-16
ORD03286,2025-04-15,Cliente_142,João Lucas da Mata,Blumenau,SC,Sul,P0015,Fone de Ouvido Profissional AKG K92,Áudio,2.0,428.99,0.1209,2025-04-18,2025-04-18
ORD03287,2025-04-15,Cliente_165,Maria Fernanda Teixeira,Duque de Caxias,RJ,Sudeste,P0016,Fone de Ouvido Profissional EDIFIER WH950NB,Áudio,2.0,899.0,0.1443,2025-04-19,2025-04-19
ORD03288,2025-04-15,Cliente_171,Vitor Gabriel Fernandes,Ferreira Gomes,AP,Norte,P0021,SSD Crucial 1TB NVMe M.2,Informática,1.0,449.0,0.0308,2025-04-20,2025-04-19
ORD03289,2025-04-15,Cliente_175,Srta. Gabriela Caldeira,Rio Branco,AC,Norte,P0027,Caixa de Som Bluetooth JBL,Áudio,4.0,549.9,0.0927,2025-04-21,2025-04-21
ORD03290,2025-04-15,Cliente_190,Natália da Cunha,Porto Velho,RO,Norte,P0012,"Soundbar Tomate MTS-2017, Bivolt",Áudio,1.0,769.9,0.0965,2025-04-24,2025-04-24
ORD03291,2025-04-15,Cliente_208,Vitor Araújo,Betim,MG,Sudeste,P0020,Teclado Mecanico Fizz,Informática,2.0,174.9,0.0378,2025-04-17,2025-04-16
ORD03292,2025-04-15,Cliente_208,Vitor Araújo,Betim,MG,Sudeste,P0021, SSD Crucial 1TB NVMe M.2,Informática,2.0,449.0,0.0582,2025-04-19,2025-04-20
ORD03293,2025-04-15,Cliente_209,Eduarda Nunes,Recife,PE,Nordeste,P0004,Carregador Turbo Tipo-C 50w,Acessórios Mobile,1.0,53.9,0.0909,2025-04-20,2025-04-20
ORD03294,2025-04-15,Cliente_222,João Gabriel Nunes,Vitória,ES,Sudeste,P0027,Caixa de Som Bluetooth JBL,Áudio,2.0,549.9,0.0715,2025-04-18,2025-04-16
ORD03295,2025-04-15,Cliente_232,Benjamin Santos,Caxias,MA,Nordeste,P0014,Projetor EPSON Powerlite Wide Screen,TV e Projeção,1.0,2742.13,0.1041,2025-04-19,2025-04-17
ORD03296,2025-04-15,Cliente_236,Anthony Rezende,Timon,MA,Nordeste,P0010,"Smart TV LED 32""Samsung LED Tizen TV",TV e Projeção,,1079.0,0.1202,2025-04-22,2025-04-22
ORD03297,2025-04-15,Cliente_261,Maria Sophia Caldeira,Pico,PI,Nordeste,P0007,Película para iPhone 14Pro Anti impacto,Acessórios Mobile,1.0,51.8,0.0698,2025-04-20,2025-04-20
ORD03298,2025-04-15,Cliente_261,Maria Sophia Caldeira,Pico,PI,Nordeste,P0009,Smart TV 32” Philco LED Roku TV,TV e Projeção,2.0,949.0,0.1439,2025-04-25,2025-04-23
ORD03299,2025-04-15,Cliente_269,Raul Alves,Porto Alegre,RS,Sul,P0019,Mouse Redragon Wireless,Informática,4.0,165.99,0.1733,2025-04-19,2025-04-22
ORD03300,2025-04-15,Cliente_281,Letícia da Luz,Campina Grande,PB,Nordeste,P0013,"Projetor Smart Epson EpiqVision, FULL HD",TV e Projeção,2.0,3049.99,0.0667,2025-04-18,2025-04-16
ORD03301,2025-04-15,Cliente_293,Luiza Teixeira,Santo André,SP,Sudeste,P0005,"Fone de Ouvido Sem Fio TWS, PHILIPS",Áudio,2.0,124.91,0.0437,2025-04-21,2025-04-23
ORD03302,2025-04-15,Cliente_300,Dra. Maria Sophia Nogueira,Chapecó,SC,Sul,P0016,Fone de Ouvido Profissional EDIFIER WH950NB,Áudio,2.0,899.0,0.0297,2025-04-18,2025-04-18
ORD03303,2025-04-15,Cliente_302,Emilly Farias,Ribeirão Preto,SP,Sudeste,P0007,Película para iPhone 14Pro Anti impacto,Acessórios Mobile,3.0,51.8,0.166,2025-04-19,2025-04-18
ORD03304,2025-04-15,Cliente_313,Noah Rodrigues,Ji-Paraná,RO,Norte,P0016,Fone de Ouvido Profissional EDIFIER WH950NB,Áudio,1.0,899.0,0.0012,2025-04-24,2025-04-25
ORD03305,2025-04-15, Cliente_326 ,Emanuella Porto,Ferreira Gomes,AP,Norte,P0002,Samsung Galaxy Tab S6 Lite,Smartphones e Tablets,2.0,1799.01,0.1223,2025-04-18,2025-04-18
ORD03306,2025-04-15,Cliente_346,Enzo Teixeira,Pelotas,RS,Sul,P0005,"Fone de Ouvido Sem Fio TWS, PHILIPS",Áudio,3.0,124.91,0.0746,2025-04-19,2025-04-19
ORD03307,2025-04-15,Cliente_349,Maria Fernanda Farias,Betim,MG,Sudeste,P0009,Smart TV 32” Philco LED Roku TV,TV e Projeção,,949.0,0.056,2025-04-17,2025-04-16
ORD03308,2025-04-15,Cliente_354,Pedro Miguel Mendes,Macapá,AP,Norte,P0004,Carregador Turbo Tipo-C 50w,Acessórios Mobile,,53.9,0.0922,2025-04-24,2025-04-23
ORD03309,2025-04-15,Cliente_357,Amanda Araújo,Araguaína,TO,Norte,P0014,Projetor EPSON Powerlite Wide Screen,TV e Projeção,4.0,2742.13,0.0232,2025-04-22,2025-04-25
ORD03310,2025-04-15,Cliente_360,Mariane Campos,Teresina,PI,Nordeste,P0018,"Monitor UHD Samsung 32""",Informática,3.0,1626.57,0.0998,2025-04-22,2025-04-21
ORD03311,2025-04-15,Cliente_365,Diogo Nascimento,Vila Velha,ES,Sudeste,P0003,Carregador Turbo USB-C 30W,Acessórios Mobile,3.0,49.9,0.09,2025-04-17,2025-04-17
ORD03312,2025-04-15,Cliente_372,Diego Silva,Caracaraí,RR,Norte,P0015,Fone de Ouvido Profissional AKG K92,Áudio,1.0,428.99,0.0544,2025-04-20,2025-04-20
ORD03313,2025-04-15,Cliente_379,Maitê da Conceição,Manaus,AM,Norte,P0005,"Fone de Ouvido Sem Fio TWS, PHILIPS",Áudio,3.0,124.91,0.1195,2025-04-19,2025-04-19
ORD03314,2025-04-15,Cliente_408,Maria Julia Duarte,Marabá,PA,Norte,P0002,Samsung Galaxy Tab S6 Lite,Smartphones e Tablets,2.0,1799.01,0.1147,2025-04-23,2025-04-23
ORD03315,2025-04-15,Cliente_414,Stephany Melo,Timon,MA,Nordeste,P0007,Película para iPhone 14Pro Anti impacto,Acessórios Mobile,3.0,51.8,0.0533,2025-04-20,2025-04-23
ORD03316,2025-04-15,Cliente_415,Dra. Ana Carolina da Rocha,Maringá,PR,Sul,P0027,Caixa de Som Bluetooth JBL,Áudio,4.0,549.9,0.1477,2025-04-23,2025-04-21
ORD03317,2025-04-15,Cliente-468,Bianca Correia,Betim,MG,Sudeste,P0013,"Projetor Smart Epson EpiqVision, FULL HD",TV e Projeção,1.0,3049.99,0.1586,2025-04-20,2025-04-20
ORD03318,2025-04-15,Cliente_481,Rafaela Mendes Freitas,Maringá,PR,Sul,P0011,"Soundbar Samsung com 2.1 canais, Dolby Digital",Áudio,4.0,1072.0,0.0442,2025-04-20,2025-04-20
ORD03319,2025-04-16,Cliente_007,Helena Souza,Feira de Santana,BA,Nordeste,P0002,Samsung Galaxy Tab S6 Lite,Smartphones e Tablets,4.0,1799.01,0.0661,2025-04-21,2025-04-28
ORD03320,2025-04-16,Cliente_019,Gabriela da Paz,Uberlândia,MG,Sudeste,P0014,Projetor EPSON Powerlite Wide Screen,TV e Projeção,4.0,2742.13,0.1367,2025-04-21,2025-04-22
ORD03321,2025-04-16,Cliente_036,Bryan Pires,Manacapuru,AM,Norte,P0013,"Projetor Smart Epson EpiqVision, FULL HD ",TV e Projeção,1.0,3049.99,0.0095,2025-04-21,2025-04-21
ORD03322,2025-04-16,Cliente_042,Dra. Valentina Gonçalves,Campina Grande,PB,Nordeste,P0001,Samsung Galaxy A36,Smartphones e Tablets,2.0,1979.1,0.0993,2025-04-25,2025-04-27
ORD03323,2025-04-16,Cliente_045,Juan Mendes,Ji-Paraná,RO,Norte,P0005,"Fone de Ouvido Sem Fio TWS, PHILIPS",Áudio,2.0,124.91,0.1435,2025-04-24,2025-04-24
ORD03324,2025-04-16,Cliente_047,Maria Julia Nascimento,Duque de Caxias,RJ,Sudeste,P0005,"Fone de Ouvido Sem Fio TWS, PHILIPS",Áudio,1.0,124.91,0.0554,2025-04-20,2025-04-23
ORD03325,2025-04-16,Cliente_085,Dra. Maria Sophia Ramos,Maringá,PR,Sul,P0020,Teclado Mecanico Fizz,Informática,4.0,174.9,0.098,2025-04-19,2025-04-17
ORD03326,2025-04-16,Cliente_091,Dra. Esther Silva,Belém,PA,Norte,P0004,Carregador Turbo Tipo-C 50w,Acessórios Mobile,4.0,53.9,0.0693,2025-04-22,2025-04-21
ORD03327,2025-04-16,Cliente_112,Maria Luiza das Neves,Linhares,ES,Sudeste,P0003,Carregador Turbo USB-C 30W,Acessórios Mobile,,49.9,0.0713,2025-04-20,2025-04-19
ORD03328,2025-04-16,Cliente_112,Maria Luiza das Neves,Linhares,ES,Sudeste,P0016,Fone de Ouvido Profissional EDIFIER WH950NB,Áudio,3.0,899.0,0.0995,2025-04-18,2025-04-17
ORD03329,2025-04-16,Cliente_121,Kamilly Pereira,Pelotas,RS,Sul,P0027,Caixa de Som Bluetooth JBL,Áudio,1.0,549.9,0.1114,2025-04-21,2025-04-21
ORD03330,2025-04-16,Cliente_156,Lívia da Rocha,Cacoal,RO,Norte,P0006,Fone de ouvido Sem Fio QCY T27,Áudio,3.0,129.86,0.0868,2025-04-23,2025-04-22
ORD03331,2025-04-16,Cliente_196,Fernando Costa,Vila Velha,ES,Sudeste,P0011,"Soundbar Samsung com 2.1 canais, Dolby Digital",Áudio,1.0,1072.0,0.1242,2025-04-18,2025-04-17
ORD03332,2025-04-16,Cliente_196,Fernando Costa,Vila Velha,ES,Sudeste,P0014,Projetor EPSON Powerlite Wide Screen,TV e Projeção,1.0,2742.13,0.1177,2025-04-19,2025-04-19
ORD03333,2025-04-16,Cliente_210,Sarah Correia,Manacapuru,AM,Norte,P0017,ACER Notebook Gamer Nitro,Informática,4.0,4604.0,0.018,2025-04-18,2025-04-17
ORD03334,2025-04-16,Cliente_218,Isabel Pereira,Vila Velha,ES,Sudeste,P0007,Película para iPhone 14Pro Anti impacto,Acessórios Mobile,3.0,51.8,0.0849,2025-04-20,2025-04-20
ORD03335,2025-04-16,Cliente_233,Maria Vitória da Mata,Sobral,CE,Nordeste,P0017,ACER Notebook Gamer Nitro,Informática,3.0,4604.0,0.0697,2025-04-24,2025-04-28
ORD03336,2025-04-16,Cliente_238,Eloah Ribeiro,Florianópolis,SC,Sul,P0014,Projetor EPSON Powerlite Wide Screen,TV e Projeção,1.0,2742.13,0.0935,2025-04-18,2025-04-19
ORD03337,2025-04-16,Cliente_244,Maria Vitória Martins,Rio de Janeiro,RJ,Sudeste,P0012,"Soundbar Tomate MTS-2017, Bivolt",Áudio,1.0,769.9,0.009,2025-04-21,2025-04-21
ORD03338,2025-04-16,Cliente_262,Maria Eduarda Peixoto,Sobral,CE,Nordeste,P0016,Fone de Ouvido Profissional EDIFIER WH950NB,Áudio,4.0,899.0,0.0343,2025-04-21,2025-04-21
ORD03339,2025-04-16,Cliente_282,Dr. Luiz Felipe Lopes,Niterói,RJ,Sudeste,P0020,Teclado Mecanico Fizz,Informática,2.0,174.9,0.0523,2025-04-20,2025-04-23
ORD03340,2025-04-16,Cliente_285,Maria Vitória Jesus,Vitória da Conquista,BA,Nordeste,P0002,Samsung Galaxy Tab S6 Lite,Smartphones e Tablets,2.0,1799.01,0.0917,2025-04-24,2025-04-24
ORD03341,2025-04-16,Cliente_285,Maria Vitória Jesus,Vitória da Conquista,BA,Nordeste,P0013,"Projetor Smart Epson EpiqVision, FULL HD",TV e Projeção,3.0,3049.99,0.1448,2025-04-21,2025-04-21
ORD03342,2025-04-16,Cliente_285,Maria Vitória Jesus,Vitória da Conquista,BA,Nordeste,P0017,ACER Notebook Gamer Nitro,Informática,2.0,4604.0,0.0218,2025-04-20,2025-04-21
ORD03343,2025-04-16,Cliente_300,Dra. Maria Sophia Nogueira,Chapecó,SC,Sul,P0008,Película de Vidro 3D Galaxy A30s,Acessórios Mobile,3.0,17.9,0.0764,2025-04-20,2025-04-17
ORD03344,2025-04-16,Cliente_300,Dra. Maria Sophia Nogueira,Chapecó,SC,Sul,P0018,"Monitor UHD Samsung 32""",Informática ,4.0,1626.57,0.0157,2025-04-22,2025-04-24
ORD03345,2025-04-16,Cliente_308,Enzo Gabriel Costa,Londrina,PR,Sul,P0010,"Smart TV LED 32""Samsung LED Tizen TV",TV e Projeção,4.0,1079.0,0.0228,2025-04-21,2025-04-28
ORD03346,2025-04-16,Cliente_332,Júlia Moraes,São Bernardo do Campo,SP,Sudeste,P0001,Samsung Galaxy A36,Smartphones e Tablets,4.0,1979.1,0.0296,2025-04-22,2025-04-20
ORD03347,2025-04-16,Cliente_355,Srta. Marina Rocha,Caucaia,CE,Nordeste,P0008,Película de Vidro 3D Galaxy A30s,Acessórios Mobile,4.0,17.9,0.0661,2025-04-21,2025-04-20
ORD03348,2025-04-16,Cliente_362,Sr. Juan Cardoso,Pico,PI,Nordeste,P0001,Samsung Galaxy A36,Smartphones e Tablets,4.0,1979.1,0.1273,2025-04-23,2025-04-23
ORD03349,2025-04-16,Cliente_371,Ana Luiza Nunes,Joinville,SC,Sul,P0014,Projetor EPSON Powerlite Wide Screen,TV e Projeção,1.0,2742.13,0.0053,2025-04-21,2025-04-20
ORD03350,2025-04-16,Cliente_393,Marina Rodrigues,Bayeux,PB,Nordeste,P0015,Fone de Ouvido Profissional AKG K92,Áudio,3.0,428.99,0.078,2025-04-21,2025-04-20
ORD03351,2025-04-16,Cliente_410,Sra. Melissa Gonçalves,Santarém,PA,Norte,P0015,Fone de Ouvido Profissional AKG K92,Áudio,2.0,428.99,0.1168,2025-04-25,2025-04-25
ORD03352,2025-04-16,Cliente_484,Rafael Novaes Nogueira,Santa Maria,RS,Sul,P0017,ACER Notebook Gamer Nitro ,Informática,2.0,4604.0,0.1025,2025-04-20,2025-04-18
ORD03353,2025-04-16,Cliente_532,Gustavo Farias,Tarauacá,AC,Norte,P0008,Película de Vidro 3D Galaxy A30s,Acessórios Mobile,2.0,17.9,0.0484,2025-04-23,2025-04-23
ORD03354,2025-04-17,Cliente_002,Fernanda Lima,Vila Velha,ES,Sudeste,P0020,Teclado Mecanico Fizz,Informática,4.0,174.9,0.0131,2025-04-23,2025-04-22
ORD03355,2025-04-17,Cliente_006,Miguel Cardoso,Juazeiro,BA,Nordeste,P0001,Samsung Galaxy A36,Smartphones e Tablets,1.0,1979.1,0.1222,2025-04-19,2025-04-19
ORD03356,2025-04-17,Cliente_019,Gabriela da Paz,Uberlândia,MG,Sudeste,P0001,Samsung Galaxy A36,Smartphones e Tablets,1.0,1979.1,0.1528,2025-04-20,2025-04-20
ORD03357,2025-04-17,Cliente_040,Renan Silveira,Propriá,SE,Nordeste,P0005,"Fone de Ouvido Sem Fio TWS, PHILIPS",Áudio,4.0,124.91,0.0809,2025-04-21,2025-04-19
ORD03358,2025-04-17,Cliente_096,Dr. Luiz Henrique Pereira,Contagem,MG,Sudeste,P0003,Carregador Turbo USB-C 30W,Acessórios Mobile,3.0,49.9,0.0539,2025-04-25,2025-04-25
ORD03359,2025-04-17,Cliente_099,Srta. Maria Luiza Rocha,Blumenau,SC,Sul,P0016,Fone de Ouvido Profissional EDIFIER WH950NB,Áudio,,899.0,0.1202,2025-04-20,2025-04-19
ORD03360,2025-04-17,Cliente_099,Srta. Maria Luiza Rocha,Blumenau,SC,Sul,P0017,ACER Notebook Gamer Nitro,Informática,4.0,4604.0,0.0502,2025-04-21,2025-04-21
ORD03361,2025-04-17,Cliente_114,Evelyn da Paz,Mucajaí,RR,Norte,P0007,Película para iPhone 14Pro Anti impacto,Acessórios Mobile,3.0,51.8,0.0944,2025-04-24,2025-04-22
ORD03362,2025-04-17,Cliente_164,Breno Rezende,Currais Novos,RN,Nordeste,P0009,Smart TV 32” Philco LED Roku TV,TV e Projeção,4.0,949.0,0.011,2025-04-25,2025-04-25
ORD03363,2025-04-17,Cliente_167,Sophie da Cruz,Caucaia,CE,Nordeste,P0007,Película para iPhone 14Pro Anti impacto,Acessórios Mobile,4.0,51.8,0.058,2025-04-25,2025-04-24
ORD03364,2025-04-17,Cliente_205,Kevin Souza,Santa Rita,PB,Nordeste,P0017,ACER Notebook Gamer Nitro,Informática,2.0,4604.0,0.1065,2025-04-24,2025-04-25
ORD03365,2025-04-17,Cliente_215,Olivia Souza,Camaçari,BA,Nordeste,P0017,ACER Notebook Gamer Nitro,Informática,1.0,4604.0,0.0932,2025-04-23,2025-04-28
ORD03366,2025-04-17,Cliente_225,Enzo Gabriel Ramos,Caxias,MA,Nordeste,P0019,Mouse Redragon Wireless,Informática,3.0,165.99,0.0799,2025-04-23,2025-04-22
ORD03367,2025-04-17,Cliente_236,Anthony Rezende,Timon,MA,Nordeste,P0027,Caixa de Som Bluetooth JBL,Áudio,3.0,549.9,0.0823,2025-04-21,2025-04-23
ORD03368,2025-04-17,Cliente_288,Sr. Ryan Gonçalves,Campinas,SP,Sudeste,P0006,Fone de ouvido Sem Fio QCY T27,Áudio,2.0,129.86,0.0959,2025-04-19,2025-04-18
ORD03369,2025-04-17,Cliente_292,Melissa da Conceição,Maringá,PR,Sul,P0012,"Soundbar Tomate MTS-2017, Bivolt",Áudio,3.0,769.9,0.0213,2025-04-21,2025-04-21
ORD03370,2025-04-17,Cliente_301,Sarah Melo,Curitiba,PR,Sul,P0022,Smartphone Motorola Edge 50 Neo,Smartphones e Tablets,1.0,2299.9,0.0503,2025-04-20,2025-04-25
ORD03371,2025-04-17,Cliente_309,Dra. Ana Laura Pires,Itajaí,SC,Sul,P0009,Smart TV 32” Philco LED Roku TV,TV e Projeção,4.0,949.0,0.0076,2025-04-19,2025-04-18
ORD03372,2025-04-17,Cliente_313,Noah Rodrigues,Ji-Paraná,RO,Norte,P0019,Mouse Redragon Wireless,Informática,1.0,165.99,0.0617,2025-04-23,2025-04-23
ORD03373,2025-04-17,Cliente_330,Rebeca Farias,Cascavel,PR,Sul,P0020,Teclado Mecanico Fizz,Informática,3.0,174.9,0.1002,2025-04-21,2025-04-23
ORD03374,2025-04-17,Cliente_336,Ana Lívia Dias,Feira de Santana,BA,Nordeste,P0011,"Soundbar Samsung com 2.1 canais, Dolby Digital",Áudio,2.0,1072.0,0.0448,2025-04-25,2025-04-25
ORD03375,2025-04-17,Cliente_341,Alana Cardoso,Timon,MA,Nordeste,P0020,Teclado Mecanico Fizz,Informática,1.0,174.9,0.1477,2025-04-24,2025-04-24
ORD03376,2025-04-17,Cliente_361,Clara da Paz,Camaçari,BA,Nordeste,P0017,ACER Notebook Gamer Nitro,Informática,2.0,4604.0,0.1051,2025-04-19,2025-04-19
ORD03377,2025-04-17,Cliente_371,Ana Luiza Nunes,Joinville,SC,Sul,P0015,Fone de Ouvido Profissional AKG K92,Áudio,2.0,428.99,0.0778,2025-04-24,2025-04-23
ORD03378,2025-04-17,Cliente_406,Laís da Costa,Juiz de Fora,MG,Sudeste,P0019,Mouse Redragon Wireless,Informática,4.0,165.99,0.0963,2025-04-20,2025-04-19
ORD03379,2025-04-17,Cliente_421,Kaique Oliveira Aragão,Campinas,SP,Sudeste,P0004,Carregador Turbo Tipo-C 50w,Acessórios Mobile,3.0,53.9,0.0525,2025-04-21,2025-04-20
ORD03380,2025-04-17,Cliente_421,Kaique Oliveira Aragão,Campinas,SP,Sudeste,P0009,Smart TV 32” Philco LED Roku TV,TV e Projeção,1.0,949.0,0.0179,2025-04-22,2025-04-23
ORD03381,2025-04-17,Cliente_528,Thiago Mata Mendes,Niterói,RJ,Sudeste,P0027,Caixa de Som Bluetooth JBL,Áudio,4.0,549.9,0.0944,2025-04-19,2025-04-18
ORD03382,2025-04-18,Cliente_012,Dr. Arthur da Cunha,Caracaraí,RR,Norte,P0007,Película para iPhone 14Pro Anti impacto,Acessórios Mobile ,4.0,,0.0838,2025-04-22,2025-04-22
ORD03383,2025-04-18,Cliente_012,Dr. Arthur da Cunha,Caracaraí,RR,Norte,P0017,ACER Notebook Gamer Nitro,Informática,1.0,4604.0,0.0641,2025-04-21,2025-04-23
ORD03384,2025-04-18,Cliente_021,Mirella Rodrigues,Ribeirão Preto,SP,Sudeste,P0009,Smart TV 32” Philco LED Roku TV,TV e Projeção,2.0,949.0,0.0602,2025-04-23,2025-04-23
ORD03385,2025-04-18,Cliente_021,Mirella Rodrigues,Ribeirão Preto,SP,Sudeste,P0010,"Smart TV LED 32""Samsung LED Tizen TV",TV e Projeção,1.0,1079.0,0.0528,2025-04-24,2025-04-26
ORD03386,2025-04-18,Cliente_025,Matheus Novaes,Joinville,SC,Sul,P0013,"Projetor Smart Epson EpiqVision, FULL HD",TV e Projeção,3.0,3049.99,0.0847,2025-04-23,2025-04-21
ORD03387,2025-04-18,Cliente_040,Renan Silveira,Propriá,SE,Nordeste,P0004,Carregador Turbo Tipo-C 50w,Acessórios Mobile,4.0,53.9,0.0216,2025-04-24,2025-04-25
ORD03388,2025-04-18, Cliente_040,Renan Silveira,Propriá,SE,Nordeste,P0008,Película de Vidro 3D Galaxy A30s,Acessórios Mobile ,3.0,17.9,0.1063,2025-04-20,2025-04-19
ORD03389,2025-04-18,Cliente_069,Levi da Rosa,Porto Nacional,TO,Norte,P0004,Carregador Turbo Tipo-C 50w,Acessórios Mobile,1.0,53.9,0.0923,2025-04-25,2025-04-26
ORD03390,2025-04-18,Cliente_071,Bárbara Correia,Mazagão,AP,Norte,P0015,Fone de Ouvido Profissional AKG K92,Áudio,2.0,428.99,0.0773,2025-04-22,2025-04-21
ORD03391,2025-04-18,Cliente_090,Caio Novaes,Blumenau,SC,Sul,P0005,"Fone de Ouvido Sem Fio TWS, PHILIPS",Áudio,4.0,124.91,0.1,2025-04-22,2025-04-22
ORD03392,,Cliente_114,Evelyn da Paz,Mucajaí,RR,Norte,P0004,Carregador Turbo Tipo-C 50w,Acessórios Mobile,2.0,53.9,0.1079,2025-04-21,2025-04-19
ORD03393,2025-04-18,Cliente_123,Sra. Isabelly Oliveira,Ribeirão Preto,SP,Sudeste,P0004,Carregador Turbo Tipo-C 50w,Acessórios Mobile,1.0,53.9,0.0933,2025-04-20,2025-04-20
ORD03394,2025-04-18,Cliente_123,Sra. Isabelly Oliveira,Ribeirão Preto,SP,Sudeste,P0015,Fone de Ouvido Profissional AKG K92,Áudio,,428.99,0.1646,2025-04-22,2025-04-20
ORD03395,2025-04-18,Cliente_124,Srta. Ana Júlia Pereira,Santo André,SP,Sudeste,P0012,"Soundbar Tomate MTS-2017, Bivolt",Áudio,2.0,769.9,0.0391,2025-04-23,2025-04-23
ORD03396,2025-04-18,Cliente_135,Eduardo Pires,Contagem,MG,Sudeste,P0015,Fone de Ouvido Profissional AKG K92,Áudio,3.0,428.99,0.0787,2025-04-20,2025-04-19
ORD03397,2025-04-18,Cliente_154,Juan Duarte,São Paulo,SP,Sudeste,P0019,Mouse Redragon Wireless,Informática,3.0,165.99,0.0366,2025-04-21,2025-04-20
ORD03398,2025-04-18,Cliente_182,Pedro Henrique Pinto,Parnaíba,PI,Nordeste,P0002,Samsung Galaxy Tab S6 Lite,Smartphones e Tablets,1.0,1799.01,0.0713,2025-04-27,2025-05-04
ORD03399,2025-04-18,Cliente_228,Gabrielly Santos,Santarém,PA,Norte,P0017,ACER Notebook Gamer Nitro,Informática,4.0,4604.0,0.0573,2025-04-26,2025-04-25
ORD03400,2025-04-18,Cliente_232,Benjamin Santos,Caxias,MA,Nordeste,P0004,Carregador Turbo Tipo-C 50w,Acessórios Mobile,2.0,53.9,0.0996,2025-04-22,2025-04-21
ORD03401,2025-04-18,Cliente_255,Anthony Pires,Caxias do Sul,RS,Sul,P0012,"Soundbar Tomate MTS-2017, Bivolt",Áudio,4.0,769.9,0.1386,2025-04-20,2025-04-19
ORD03402,2025-04-18,Cliente_264,Sr. Noah da Paz,Itacoatiara,AM,Norte,P0007,Película para iPhone 14Pro Anti impacto,Acessórios Mobile,1.0,51.8,0.0718,2025-04-25,2025-04-25
ORD03403,2025-04-18,Cliente_264,Sr. Noah da Paz,Itacoatiara,AM,Norte,P0015,Fone de Ouvido Profissional AKG K92,Áudio,2.0,428.99,0.0597,2025-04-24,2025-04-24
ORD03404,2025-04-18,Cliente_275,Marina Caldeira,Porto Alegre,RS,Sul,P0005,"Fone de Ouvido Sem Fio TWS, PHILIPS",Áudio,3.0,124.91,0.0747,2025-04-24,2025-04-21
ORD03405,2025-04-18,Cliente_284,Augusto da Cruz,Caracaraí,RR,Norte,P0014,Projetor EPSON Powerlite Wide Screen,TV e Projeção,3.0,2742.13,0.0183,2025-04-27,2025-05-02
ORD03406,2025-04-18,Cliente_303,Davi Lucca Freitas,Boa Vista,RR,Norte,P0004,Carregador Turbo Tipo-C 50w,Acessórios Mobile,4.0,53.9,0.0109,2025-04-21,2025-04-21
ORD03407,2025-04-18,Cliente_326,Emanuella Porto,Ferreira Gomes,AP,Norte,P0008,Película de Vidro 3D Galaxy A30s,Acessórios Mobile,2.0,17.9,0.0191,2025-04-27,2025-04-27
ORD03408,2025-04-18,Cliente_372,Diego Silva,Caracaraí,RR,Norte,P0005,"Fone de Ouvido Sem Fio TWS, PHILIPS ",Áudio,1.0,124.91,0.0737,2025-04-22,2025-04-22
ORD03409,2025-04-18,Cliente_386,Diego Cavalcanti,Mucajaí,RR,Norte,P0006,Fone de ouvido Sem Fio QCY T27,Áudio,1.0,129.86,0.0239,2025-04-22,2025-04-21
ORD03410,2025-04-18,Cliente_395,Luiz Henrique Castro,Betim,MG,Sudeste,P0009,Smart TV 32” Philco LED Roku TV,TV e Projeção,3.0,949.0,0.0944,2025-04-25,2025-04-25
ORD03411,2025-04-18,Cliente_401,Luna Almeida,Juiz de Fora,MG,Sudeste,P0010,"Smart TV LED 32""Samsung LED Tizen TV",TV e Projeção,1.0,1079.0,0.0439,2025-04-26,2025-04-26
ORD03412,2025-04-18,Cliente_408,Maria Julia Duarte,Marabá,PA,Norte,P0017,ACER Notebook Gamer Nitro,Informática,4.0,4604.0,0.0832,2025-04-25,2025-04-25
ORD03413,2025-04-19,Cliente_004,Maria Luiza Oliveira,Vitória da Conquista,BA,Nordeste,P0005,"Fone de Ouvido Sem Fio TWS, PHILIPS",Áudio,4.0,124.91,0.1197,2025-04-22,2025-04-26
ORD03414,2025-04-19,Cliente_007,Helena Souza,Feira de Santana,BA,Nordeste,P0009,Smart TV 32” Philco LED Roku TV,TV e Projeção,3.0,949.0,0.0196,2025-04-22,2025-04-21
ORD03415,2025-04-19,Cliente_027,Davi Lucas Gomes,Ribeirão Preto,SP,Sudeste,P0016,Fone de Ouvido Profissional EDIFIER WH950NB,Áudio,3.0,899.0,0.0207,2025-04-25,2025-04-26
ORD03416,2025-04-19,Cliente_046,Dra. Emanuella Sales,Cruzeiro do Sul,AC,Norte,P0013,"Projetor Smart Epson EpiqVision, FULL HD",TV e Projeção,4.0,3049.99,0.0217,2025-04-28,2025-04-26
ORD03417,2025-04-19,Cliente_047,Maria Julia Nascimento,Duque de Caxias,RJ,Sudeste,P0021,SSD Crucial 1TB NVMe M.2,Informática,4.0,449.0,0.0497,2025-04-21,2025-04-21
ORD03418,2025-04-19,Cliente_058,Sr. Nathan Peixoto,Itacoatiara,AM,Norte,P0012,"Soundbar Tomate MTS-2017, Bivolt",Áudio,2.0,769.9,0.0143,2025-04-30,2025-04-29
ORD03419,2025-04-19,Cliente_065,Letícia Porto,Santana,AP,Norte,P0019,Mouse Redragon Wireless,Informática,4.0,165.99,0.0408,2025-04-28,2025-04-27
ORD03420,2025-04-19,Cliente_065,Letícia Porto,Santana,AP,Norte,P0020,Teclado Mecanico Fizz,Informática,2.0,174.9,0.15,2025-04-27,2025-04-27
ORD03421,2025-04-19,Cliente_083,Sophie Souza,Santo André,SP,Sudeste,P0013,"Projetor Smart Epson EpiqVision, FULL HD",TV e Projeção,3.0,3049.99,0.0978,2025-04-22,2025-04-20
ORD03422,2025-04-19,cliente_089,André Souza,Ponta Grossa,PR,Sul,P0004,Carregador Turbo Tipo-C 50w,Acessórios Mobile,4.0,53.9,0.086,2025-04-25,2025-04-27
ORD03423,2025-04-19,Cliente_089,André Souza,Ponta Grossa,PR,Sul,P0027,Caixa de Som Bluetooth JBL,Áudio,2.0,549.9,0.1021,2025-04-24,2025-04-24
ORD03424,2025-04-19,Cliente_090,Caio Novaes,Blumenau,SC,Sul,P0004,Carregador Turbo Tipo-C 50w,Acessórios Mobile,3.0,53.9,0.0588,2025-04-21,2025-04-24
ORD03425,2025-04-19,Cliente_090,Caio Novaes,Blumenau,SC,Sul,P0017,ACER Notebook Gamer Nitro,Informática,2.0,4604.0,0.0724,2025-04-21,2025-04-20
ORD03426,2025-04-19,Cliente_175,Srta. Gabriela Caldeira,Rio Branco,AC,Norte,P0004,Carregador Turbo Tipo-C 50w,Acessórios Mobile,1.0,,0.0172,2025-04-27,2025-04-30
ORD03427,2025-04-19,Cliente_201,Dr. Bruno Cardoso,Aracaju,SE,Nordeste,P0027,Caixa de Som Bluetooth JBL,Áudio,1.0,549.9,0.0778,2025-04-24,2025-04-23
ORD03428,2025-04-19,Cliente_205,Kevin Souza,Santa Rita,PB,Nordeste,P0013,"Projetor Smart Epson EpiqVision, FULL HD",TV e Projeção,2.0,3049.99,0.2028,2025-04-22,2025-04-22
ORD03429,2025-04-19,Cliente_210,Sarah Correia,Manacapuru,AM,Norte,P0006,Fone de ouvido Sem Fio QCY T27,Áudio,2.0,129.86,0.0397,2025-04-27,2025-04-28
ORD03430,2025-04-19,Cliente_216,Yasmin Costela,Pelotas,RS,Sul,P0003,Carregador Turbo USB-C 30W,Acessórios Mobile,4.0,49.9,0.0963,2025-04-23,2025-04-23
ORD03431,2025-04-19,Cliente_218,Isabel Pereira,Vila Velha,ES,Sudeste,P0008,Película de Vidro 3D Galaxy A30s,Acessórios Mobile,1.0,17.9,0.0822,2025-04-21,2025-04-21
ORD03432,2025-04-19,Cliente_223,Felipe da Cunha,Tarauacá,AC,Norte,P0002,Samsung Galaxy Tab S6 Lite,Smartphones e Tablets,4.0,1799.01,0.0893,2025-04-25,2025-04-27
ORD03433,2025-04-19,Cliente_231,Maria Luiza Rezende,Maringá,PR,Sul,P0015,Fone de Ouvido Profissional AKG K92,Áudio,4.0,428.99,0.0869,2025-04-21,2025-04-20
ORD03434,2025-04-19,Cliente_257,Dr. Matheus Castro,Camaçari,BA,Nordeste,P0001,Samsung Galaxy A36,Smartphones e Tablets,3.0,1979.1,0.0458,2025-04-25,2025-04-29
ORD03435,2025-04-19,Cliente_264,Sr. Noah da Paz,Itacoatiara,AM,Norte,P0001,Samsung Galaxy A36,Smartphones e Tablets,2.0,1979.1,0.0428,2025-04-22,2025-04-21
ORD03436,2025-04-19,Cliente_317,Catarina Ramos,Ferreira Gomes,AP,Norte,P0006,Fone de ouvido Sem Fio QCY T27,Áudio,2.0,129.86,0.097,2025-04-23,2025-04-23
ORD03437,2025-04-19,Cliente_319,Catarina Silva,Tarauacá,AC,Norte,P0005,"Fone de Ouvido Sem Fio TWS, PHILIPS",Áudio,2.0,124.91,0.0043,2025-04-28,2025-04-28
ORD03438,2025-04-19,Cliente_332,Júlia Moraes,São Bernardo do Campo,SP,Sudeste,P0015,Fone de Ouvido Profissional AKG K92,Áudio,2.0,428.99,0.0979,2025-04-25,2025-04-28
ORD03439,2025-04-19,Cliente_368,Bryan da Mota,Lagarto,SE,Nordeste,P0019,Mouse Redragon Wireless,Informática,4.0,165.99,0.0087,2025-04-21,2025-04-20
ORD03440,2025-04-19,Cliente_376,Eduarda Melo,Serra,ES,Sudeste,P0021,SSD Crucial 1TB NVMe M.2,Informática,1.0,449.0,0.0602,2025-04-23,2025-04-24
ORD03441,2025-04-19,Cliente_381,Fernanda Rocha,Ribeirão Preto,SP,Sudeste,P0009,Smart TV 32” Philco LED Roku TV,TV e Projeção,1.0,949.0,0.0101,2025-04-23,2025-04-22
ORD03442,2025-04-19,Cliente_401,Luna Almeida,Juiz de Fora,MG,Sudeste,P0009,Smart TV 32” Philco LED Roku TV,TV e Projeção,4.0,949.0,0.1233,2025-04-26,2025-04-29
ORD03443,2025-04-19,Cliente_405,Amanda Fogaça,Linhares,ES,Sudeste,P0018,"Monitor UHD Samsung 32""",Informática,1.0,1626.57,0.1373,2025-04-25,2025-04-25
ORD03444,2025-04-19,Cliente_422,Renan Conceição Ribeiro,Uberlândia,MG,Sudeste,P0027,Caixa de Som Bluetooth JBL,Áudio,4.0,549.9,0.0877,2025-04-24,2025-04-24
ORD03445,2025-04-19,Cliente_465,Antônio Campos,Feira de Santana,BA,Nordeste,P0025,Webcam Logitech Full HD,Informática,3.0,329.9,0.0655,2025-04-24,2025-04-22
ORD03446,2025-04-19,Cliente_476,Gabriela Rodrigues Melo,Uberlândia,MG,Sudeste,P0013,"Projetor Smart Epson EpiqVision, FULL HD",TV e Projeção,,3049.99,0.1212,2025-04-22,2025-04-25
ORD03447,2025-04-20,Cliente_002,Fernanda Lima,Vila Velha,ES,Sudeste,P0018,"Monitor UHD Samsung 32""",Informática,2.0,1626.57,0.1472,2025-04-24,2025-04-22
ORD03448,2025-04-20,Cliente_011,Julia Ribeiro,Santa Maria,RS,Sul,P0010,"Smart TV LED 32""Samsung LED Tizen TV",TV e Projeção,1.0,1079.0,0.0836,2025-04-26,2025-04-29
ORD03449,2025-04-20,Cliente_021,Mirella Rodrigues,Ribeirão Preto,SP,Sudeste,P0008,Película de Vidro 3D Galaxy A30s,Acessórios Mobile,2.0,17.9,0.0276,2025-04-25,2025-04-24
ORD03450,2025-04-20,Cliente_047,Maria Julia Nascimento,Duque de Caxias,RJ,Sudeste,P0010,"Smart TV LED 32""Samsung LED Tizen TV",TV e Projeção,4.0,1079.0,0.1154,2025-04-23,2025-04-21
ORD03451,2025-04-20,Cliente_057,Sr. Antônio Ramos,Sena Madureira,AC,Norte,P0010,"Smart TV LED 32""Samsung LED Tizen TV",TV e Projeção,2.0,1079.0,0.0445,2025-04-29,2025-04-29
ORD03452,2025-04-20,Cliente_081,Sr. Heitor da Paz,Brasiléia,AC,Norte,P0012,"Soundbar Tomate MTS-2017, Bivolt",Áudio,,769.9,0.0294,2025-04-26,2025-04-26
ORD03453,2025-04-20, Cliente_087 ,Dr. Pietro Silva,Pico,PI,Nordeste,P0018,"Monitor UHD Samsung 32""",Informática,2.0,1626.57,0.0951,2025-04-25,2025-04-23
ORD03454,2025-04-20,Cliente_096,Dr. Luiz Henrique Pereira,Contagem,MG,Sudeste,P0017,ACER Notebook Gamer Nitro,Informática,2.0,4604.0,0.065,2025-04-23,2025-04-23
ORD03455,2025-04-20,Cliente_099,Srta. Maria Luiza Rocha,Blumenau,SC,Sul,P0001,Samsung Galaxy A36,Smartphones e Tablets,1.0,1979.1,0.1425,2025-04-22,2025-04-21
ORD03456,2025-04-20,Cliente_099,Srta. Maria Luiza Rocha,Blumenau,SC,Sul,P0025,Webcam Logitech Full HD,Informática,3.0,329.9,0.0381,2025-04-25,2025-04-24
ORD03457,2025-04-20,Cliente_103,Emanuel Aragão,Manaus,AM,Norte,P0027,Caixa de Som Bluetooth JBL,Áudio,1.0,549.9,0.1181,2025-04-28,2025-04-25
ORD03458,2025-04-20,Cliente_117,Dra. Maysa Fogaça,Propriá,SE,Nordeste,P0009,Smart TV 32” Philco LED Roku TV,TV e Projeção,,949.0,0.0194,2025-04-22,2025-04-21
ORD03459,2025-04-20,Cliente_117,Dra. Maysa Fogaça,Propriá,SE,Nordeste,P0025,Webcam Logitech Full HD,Informática,3.0,329.9,0.0501,2025-04-27,2025-04-25
ORD03460,2025-04-20,Cliente_122,Natália Silva,Cascavel,PR,Sul,P0008,Película de Vidro 3D Galaxy A30s,Acessórios Mobile,4.0,17.9,0.1153,2025-04-24,2025-04-23
ORD03461,2025-04-20,Cliente_130,Isadora Rocha,Itajaí,SC,Sul,P0004,Carregador Turbo Tipo-C 50w,Acessórios Mobile,4.0,53.9,0.0468,2025-04-26,2025-04-26
ORD03462,2025-04-20,Cliente_153,Enrico Dias,Manacapuru,AM,Norte,P0012,"Soundbar Tomate MTS-2017, Bivolt",Áudio,4.0,769.9,0.0863,2025-04-26,2025-04-26
ORD03463,,Cliente_211,Srta. Natália Cardoso,Cruzeiro do Sul,AC,Norte,P0009,Smart TV 32” Philco LED Roku TV,TV e Projeção,2.0,949.0,0.1203,2025-04-26,2025-04-25
ORD03464,2025-04-20,Cliente_216,Yasmin Costela,Pelotas,RS,Sul,P0008,Película de Vidro 3D Galaxy A30s,Acessórios Mobile,4.0,17.9,0.0934,2025-04-24,2025-04-22
ORD03465,2025-04-20,Cliente_222,João Gabriel Nunes,Vitória,ES,Sudeste,P0008,Película de Vidro 3D Galaxy A30s,Acessórios Mobile,2.0,17.9,0.0534,2025-04-25,2025-04-24
ORD03466,2025-04-20,Cliente_234,Leonardo Oliveira,Maringá,PR,Sul,P0007,Película para iPhone 14Pro Anti impacto,Acessórios Mobile,4.0,51.8,0.0819,2025-04-26,2025-04-25
ORD03467,2025-04-20,Cliente_234,Leonardo Oliveira,Maringá,PR,Sul,P0014,Projetor EPSON Powerlite Wide Screen,TV e Projeção,2.0,2742.13,0.1443,2025-04-22,2025-04-21
ORD03468,2025-04-20,Cliente_243,Laura da Cunha,Maringá,PR,Sul,P0009,Smart TV 32” Philco LED Roku TV,TV e Projeção,3.0,949.0,0.0174,2025-04-23,2025-04-23
ORD03469,2025-04-20,Cliente_250,Raul Carvalho,Santana,AP,Norte,P0013,"Projetor Smart Epson EpiqVision, FULL HD",TV e Projeção,4.0,3049.99,0.113,2025-04-25,2025-04-22
ORD03470,2025-04-20,Cliente_254,Kevin Santos,Niterói,RJ,Sudeste,P0027,Caixa de Som Bluetooth JBL,Áudio,3.0,549.9,0.076,2025-04-23,2025-04-28
ORD03471,2025-04-20,Cliente_265,Gabrielly Azevedo,São Bernardo do Campo,SP,Sudeste,P0009,Smart TV 32” Philco LED Roku TV ,TV e Projeção,1.0,949.0,0.1111,2025-04-22,2025-04-22
ORD03472,2025-04-20,Cliente_295,Emanuella Lima,Florianópolis,SC,Sul,P0011,"Soundbar Samsung com 2.1 canais, Dolby Digital",Áudio,1.0,1072.0,0.0308,2025-04-26,2025-04-27
ORD03473,2025-04-20,Cliente_307,Caroline Silveira,Ji-Paraná,RO,Norte,P0018,"Monitor UHD Samsung 32""",Informática,4.0,1626.57,0.0091,2025-04-24,2025-04-23
ORD03474,2025-04-20,Cliente_313,Noah Rodrigues,Ji-Paraná,RO,Norte,P0017,ACER Notebook Gamer Nitro,Informática,1.0,4604.0,0.0687,2025-04-26,2025-04-25
ORD03475,2025-04-20,Cliente_313,Noah Rodrigues,Ji-Paraná,RO,Norte,P0021,SSD Crucial 1TB NVMe M.2,Informática,3.0,449.0,0.1213,2025-04-28,2025-05-08
ORD03476,2025-04-20,Cliente_316,Pedro Miguel Caldeira,Caxias do Sul,RS,Sul,P0012,"Soundbar Tomate MTS-2017, Bivolt",Áudio,,769.9,0.0374,2025-04-27,2025-04-27
ORD03477,2025-04-20,Cliente_325,Fernanda da Costa,Joinville,SC,Sul,P0023,Tablet Lenovo Tab M11,Smartphones e Tablets,2.0,1399.9,0.0673,2025-04-24,2025-04-22
ORD03478,2025-04-20,Cliente_348,Emilly Nascimento,Uberlândia,MG,Sudeste,P0017,ACER Notebook Gamer Nitro,Informática,1.0,4604.0,0.1122,2025-04-28,2025-04-26
ORD03479,2025-04-20,Cliente_360,Mariane Campos,Teresina,PI,Nordeste,P0021,SSD Crucial 1TB NVMe M.2,Informática,3.0,449.0,0.111,2025-04-24,2025-04-26
ORD03480,2025-04-20,Cliente_381,Fernanda Rocha,Ribeirão Preto,SP,Sudeste,P0001,Samsung Galaxy A36,Smartphones e Tablets,3.0,1979.1,0.096,2025-04-22,2025-04-26
ORD03481,2025-04-20,Cliente_390,Enzo da Rocha,Santa Maria,RS,Sul,P0011,"Soundbar Samsung com 2.1 canais, Dolby Digital",Áudio,2.0,1072.0,0.1233,2025-04-24,2025-04-24
ORD03482,2025-04-20,Cliente_392,Luiz Felipe Carvalho,Ponta Grossa,PR,Sul,P0012,"Soundbar Tomate MTS-2017, Bivolt",Áudio,3.0,769.9,0.0088,2025-04-25,2025-04-24
ORD03483,2025-04-20,Cliente_398,Sr. Luiz Miguel Mendes,Rio de Janeiro,RJ,Sudeste,P0015,Fone de Ouvido Profissional AKG K92,Áudio,4.0,428.99,0.0922,2025-04-23,2025-04-26
ORD03484,2025-04-20,Cliente_402,Catarina Gonçalves,Niterói,RJ,Sudeste,P0003,Carregador Turbo USB-C 30W,Acessórios Mobile,1.0,49.9,0.1141,2025-04-25,2025-04-28
ORD03485,2025-04-20,Cliente_406,Laís da Costa,Juiz de Fora,MG,Sudeste,P0003,Carregador Turbo USB-C 30W,Acessórios Mobile,1.0,49.9,0.0539,2025-04-25,2025-04-25
ORD03486,2025-04-20,Cliente_409,Eloah Silva,Sobral,CE,Nordeste,P0004,Carregador Turbo Tipo-C 50w,Acessórios Mobile,1.0,53.9,0.0249,2025-04-25,2025-04-22
ORD03487,2025-04-20,Cliente_409,Eloah Silva,Sobral,CE,Nordeste,P0020,Teclado Mecanico Fizz,Informática,3.0,174.9,0.0458,2025-04-28,2025-04-28
ORD03488,2025-04-20,Cliente_411,Stephany Almeida,Santo André,SP,Sudeste,P0010,"Smart TV LED 32""Samsung LED Tizen TV",TV e Projeção,4.0,1079.0,0.0936,2025-04-24,2025-04-27
ORD03489,2025-04-20,Cliente_457,Francisco Cardoso,Itajaí,SC,Sul,P0020,Teclado Mecanico Fizz,Informática,2.0,174.9,0.0275,2025-04-24,2025-04-21
ORD03490,2025-04-20,Cliente_471,Luiza Dias,Porto Alegre,RS,Sul,P0008,Película de Vidro 3D Galaxy A30s,Acessórios Mobile,2.0,17.9,0.0642,2025-04-24,2025-04-23
ORD03491,2025-04-20,Cliente_483,Melissa Gomes,Blumenau,SC,Sul,P0020,Teclado Mecanico Fizz,Informática,4.0,174.9,0.0587,2025-04-27,2025-04-26
ORD03492,2025-04-21,Cliente_022,Lívia Gomes,Vitória,ES,Sudeste,P0012,"Soundbar Tomate MTS-2017, Bivolt",Áudio,3.0,769.9,0.1224,2025-04-28,2025-04-27
ORD03493,2025-04-21,Cliente_027,Davi Lucas Gomes,Ribeirão Preto,SP,Sudeste,P0012,"Soundbar Tomate MTS-2017, Bivolt",Áudio,3.0,769.9,0.0303,2025-04-26,2025-04-28
ORD03494,2025-04-21,Cliente_043,Luiz Fernando Moura,Vilhena,RO,Norte,P0002,Samsung Galaxy Tab S6 Lite,Smartphones e Tablets,4.0,1799.01,0.1001,2025-04-28,2025-04-28
ORD03495,2025-04-21,Cliente_047,Maria Julia Nascimento,Duque de Caxias,RJ,Sudeste,P0008,Película de Vidro 3D Galaxy A30s,Acessórios Mobile,2.0,17.9,0.0684,2025-04-27,2025-04-26
ORD03496,2025-04-21,Cliente_052,Ana Beatriz Freitas,Ponta Grossa,PR,Sul,P0005,"Fone de Ouvido Sem Fio TWS, PHILIPS",Áudio,3.0,124.91,0.0012,2025-04-25,2025-04-25
ORD03497,2025-04-21,Cliente_052,Ana Beatriz Freitas,Ponta Grossa,PR,Sul,P0005,"Fone de Ouvido Sem Fio TWS, PHILIPS",Áudio,4.0,124.91,0.031,2025-04-24,2025-04-24
ORD03498,2025-04-21,Cliente_064,Anthony Aragão,Cachoeiro de Itapemirim,ES,Sudeste,P0013,"Projetor Smart Epson EpiqVision, FULL HD",TV e Projeção,3.0,3049.99,0.2129,2025-04-27,2025-04-27
ORD03499,2025-04-21,Cliente_077,Stella Pires,Juazeiro do Norte,CE,Nordeste,P0009,Smart TV 32” Philco LED Roku TV,TV e Projeção,3.0,949.0,0.021,2025-04-28,2025-04-26
ORD03500,2025-04-21,Cliente_081,Sr. Heitor da Paz,Brasiléia,AC,Norte,P0007,Película para iPhone 14Pro Anti impacto,Acessórios Mobile,2.0,51.8,0.0631,2025-04-25,2025-04-22
ORD03501,2025-04-21,Cliente_097,Brenda Nunes,Manaus,AM,Norte,P0017,ACER Notebook Gamer Nitro,Informática,3.0,4604.0,0.1409,2025-04-23,2025-04-22
ORD03502,2025-04-21,Cliente_103,Emanuel Aragão,Manaus,AM,Norte,P0002,Samsung Galaxy Tab S6 Lite,Smartphones e Tablets,3.0,1799.01,0.0861,2025-04-24,2025-04-22
ORD03503,2025-04-21,Cliente_103,Emanuel Aragão,Manaus,AM,Norte,P0005,"Fone de Ouvido Sem Fio TWS, PHILIPS",Áudio,1.0,124.91,0.0325,2025-04-25,2025-04-25
ORD03504,2025-04-21, Cliente_108,Sr. Eduardo Moreira,Recife,PE,Nordeste,P0001,Samsung Galaxy A36,Smartphones e Tablets,1.0,1979.1,0.0911,2025-04-27,2025-04-29
ORD03505,2025-04-21,Cliente_131,Yuri Silveira,Santa Maria,RS,Sul,P0012,"Soundbar Tomate MTS-2017, Bivolt",Áudio,1.0,769.9,0.1264,2025-04-28,2025-04-27
ORD03506,2025-04-21,Cliente_160,Vitória da Conceição,Santa Rita,PB,Nordeste,P0008,Película de Vidro 3D Galaxy A30s,Acessórios Mobile,4.0,17.9,0.0001,2025-04-27,2025-05-01
ORD03507,2025-04-21,Cliente_179,Ana Vitória da Rocha,São Paulo,SP,Sudeste,P0012,"Soundbar Tomate MTS-2017, Bivolt",Áudio,3.0,769.9,0.0474,2025-04-24,2025-04-24
ORD03508,2025-04-21,Cliente_191,Juliana Pereira,Ribeirão Preto,SP,Sudeste,P0015,Fone de Ouvido Profissional AKG K92,Áudio,3.0,428.99,0.1043,2025-04-23,2025-04-25
ORD03509,2025-04-21,Cliente_194,Pedro Gomes,Pelotas,RS,Sul,P0018,"Monitor UHD Samsung 32""",Informática,,1626.57,0.0569,2025-04-23,2025-04-22
ORD03510,2025-04-21,Cliente_205,Kevin Souza,Santa Rita,PB,Nordeste,P0027,Caixa de Som Bluetooth JBL,Áudio,1.0,549.9,0.0737,2025-04-28,2025-04-30
ORD03511,2025-04-21,Cliente_215,Olivia Souza,Camaçari,BA,Nordeste,P0013,"Projetor Smart Epson EpiqVision, FULL HD",TV e Projeção,1.0,3049.99,0.023,2025-04-23,2025-04-23
ORD03512,2025-04-21,Cliente_225,Enzo Gabriel Ramos,Caxias,MA,Nordeste,P0012,"Soundbar Tomate MTS-2017, Bivolt",Áudio,4.0,769.9,0.0701,2025-05-01,2025-05-01
ORD03513,2025-04-21,Cliente_259,Melissa da Rocha,São Bernardo do Campo,SP,Sudeste,P0012,"Soundbar Tomate MTS-2017, Bivolt",Áudio,2.0,769.9,0.104,2025-04-23,2025-04-23
ORD03514,2025-04-21,Cliente_272,Julia Freitas,Salvador,BA,Nordeste,P0007,Película para iPhone 14Pro Anti impacto,Acessórios Mobile,3.0,51.8,0.0288,2025-04-25,2025-04-25
ORD03515,2025-04-21,Cliente_325,Fernanda da Costa,Joinville,SC,Sul,P0018,"Monitor UHD Samsung 32""",Informática,4.0,1626.57,0.0261,2025-04-23,2025-04-22
ORD03516,2025-04-21,Cliente_328,Luiza Lopes,Olinda,PE,Nordeste,P0020,Teclado Mecanico Fizz,Informática,2.0,174.9,0.0969,2025-04-27,2025-04-27
ORD03517,2025-04-21,Cliente_345,Nathan Castro,Brasiléia,AC,Norte,P0015,Fone de Ouvido Profissional AKG K92,Áudio,3.0,428.99,0.0599,2025-04-25,2025-04-24
ORD03518,2025-04-21,Cliente_354,Pedro Miguel Mendes,Macapá,AP,Norte,P0017,ACER Notebook Gamer Nitro,Informática,4.0,4604.0,0.0581,2025-04-30,2025-05-04
ORD03519,2025-04-21,Cliente_371,Ana Luiza Nunes,Joinville,SC,Sul,P0002,Samsung Galaxy Tab S6 Lite,Smartphones e Tablets,2.0,1799.01,0.1436,2025-04-25,2025-04-24
ORD03520,2025-04-21,Cliente_394,Eduardo Oliveira,Ribeirão Preto,SP,Sudeste,P0018,"Monitor UHD Samsung 32""",Informática,1.0,1626.57,0.0691,2025-04-25,2025-04-25
ORD03521,2025-04-21,Cliente_395,Luiz Henrique Castro,Betim,MG,Sudeste,P0009,Smart TV 32” Philco LED Roku TV,TV e Projeção,2.0,949.0,0.0116,2025-04-25,2025-04-29
ORD03522,2025-04-21,Cliente_420,Anthony Oliveira Cruz,Vitória,ES,Sudeste,P0027,Caixa de Som Bluetooth JBL,Áudio,2.0,549.9,0.077,2025-04-24,2025-04-25
ORD03523,2025-04-22,Cliente_057,Sr. Antônio Ramos,Sena Madureira,AC,Norte,P0010,"Smart TV LED 32""Samsung LED Tizen TV",TV e Projeção,4.0,1079.0,0.0049,2025-04-25,2025-04-23
ORD03524,2025-04-22,Cliente_058,Sr. Nathan Peixoto,Itacoatiara,AM,Norte,P0020,Teclado Mecanico Fizz,Informática,1.0,174.9,0.0321,2025-04-24,2025-04-23
ORD03525,2025-04-22,Cliente_061,Dr. Emanuel Fogaça,Porto Nacional,TO,Norte,P0017,ACER Notebook Gamer Nitro,Informática,2.0,4604.0,0.0507,2025-05-02,2025-05-01
ORD03526,2025-04-22,Cliente_095,Catarina Nogueira,Blumenau,SC,Sul,P0014,Projetor EPSON Powerlite Wide Screen,TV e Projeção,4.0,2742.13,0.126,2025-04-24,2025-04-23
ORD03527,2025-04-22,Cliente_117,Dra. Maysa Fogaça,Propriá,SE,Nordeste,P0005,"Fone de Ouvido Sem Fio TWS, PHILIPS",Áudio,3.0,124.91,0.0417,2025-04-24,2025-04-24
ORD03528,2025-04-22,Cliente_139,Sr. Daniel Pinto,Nova Iguaçu,RJ,Sudeste,P0005,"Fone de Ouvido Sem Fio TWS, PHILIPS",Áudio,3.0,124.91,0.056,2025-04-26,2025-04-26
ORD03529,2025-04-22,Cliente_144,Evelyn Pinto,João Pessoa,PB,Nordeste,P0008,Película de Vidro 3D Galaxy A30s,Acessórios Mobile,2.0,17.9,0.0561,2025-04-27,2025-04-26
ORD03530,2025-04-22,Cliente_166,Pietro Jesus,Porto Velho,RO,Norte,P0017,ACER Notebook Gamer Nitro,Informática,4.0,,0.1324,2025-04-26,2025-04-25
ORD03531,2025-04-22,Cliente_174,Manuela Nogueira,Pelotas,RS,Sul,P0018,"Monitor UHD Samsung 32""",Informática,1.0,1626.57,0.0059,2025-04-27,2025-04-29
ORD03532,2025-04-22,Cliente_208,Vitor Araújo,Betim,MG,Sudeste,P0008,Película de Vidro 3D Galaxy A30s,Acessórios Mobile,4.0,17.9,0.0117,2025-04-30,2025-04-29
ORD03533,2025-04-22,Cliente_230,Maria Nogueira,Bayeux,PB,Nordeste,P0010,"Smart TV LED 32""Samsung LED Tizen TV",TV e Projeção,,1079.0,0.0218,2025-04-29,2025-04-30
ORD03534,2025-04-22,Cliente_259,Melissa da Rocha,São Bernardo do Campo,SP,Sudeste,P0003,Carregador Turbo USB-C 30W,Acessórios Mobile,3.0,49.9,0.0366,2025-04-25,2025-04-23
ORD03535,2025-04-22,Cliente_266,Caroline Carvalho,Cruzeiro do Sul,AC,Norte,P0011,"Soundbar Samsung com 2.1 canais, Dolby Digital",Áudio,3.0,1072.0,0.0154,2025-04-29,2025-04-29
ORD03536,2025-04-22,Cliente_272,Julia Freitas,Salvador,BA,Nordeste,P0014,Projetor EPSON Powerlite Wide Screen,TV e Projeção,3.0,2742.13,0.1837,2025-04-27,2025-04-29
ORD03537,2025-04-22,Cliente_292,Melissa da Conceição,Maringá,PR,Sul,P0002,Samsung Galaxy Tab S6 Lite,Smartphones e Tablets,3.0,1799.01,0.0524,2025-04-27,2025-04-27
ORD03538,2025-04-22,Cliente_296,Dra. Sophie da Luz,Caruaru,PE,Nordeste,P0013,"Projetor Smart Epson EpiqVision, FULL HD",TV e Projeção,1.0,3049.99,0.0929,2025-04-30,2025-05-03
ORD03539,2025-04-22,Cliente_298,Clara Gomes,Fortaleza,CE,Nordeste,P0019,Mouse Redragon Wireless,Informática,3.0,165.99,0.0769,2025-04-27,2025-04-26
ORD03540,2025-04-22,Cliente_301,Sarah Melo,Curitiba,PR,Sul,P0004,Carregador Turbo Tipo-C 50w,Acessórios Mobile,4.0,53.9,0.0541,2025-04-25,2025-04-25
ORD03541,2025-04-22,Cliente_313,Noah Rodrigues,Ji-Paraná,RO,Norte,P0015,Fone de Ouvido Profissional AKG K92,Áudio,3.0,428.99,0.0965,2025-05-01,2025-04-30
ORD03542,2025-04-22,Cliente_326,Emanuella Porto,Ferreira Gomes,AP,Norte,P0017,ACER Notebook Gamer Nitro,Informática,1.0,4604.0,0.1649,2025-04-28,2025-04-27
ORD03543,2025-04-22,Cliente_343,Bruno Silva,Porto Nacional,TO,Norte,P0015,Fone de Ouvido Profissional AKG K92,Áudio,1.0,428.99,0.065,2025-05-01,2025-05-03
ORD03544,2025-04-22,Cliente_358,Paulo Farias,Ji-Paraná,RO,Norte,P0015,Fone de Ouvido Profissional AKG K92,Áudio,4.0,428.99,0.1153,2025-04-29,2025-04-29
ORD03545,2025-04-22,Cliente_368,Bryan da Mota,Lagarto,SE,Nordeste,P0003,Carregador Turbo USB-C 30W,Acessórios Mobile,2.0,49.9,0.0523,2025-04-24,2025-04-24
ORD03546,2025-04-22,Cliente_372,Diego Silva,Caracaraí,RR,Norte,P0006,Fone de ouvido Sem Fio QCY T27,Áudio,2.0,129.86,0.0899,2025-04-25,2025-04-25
ORD03547,2025-04-22,Cliente_372,Diego Silva,Caracaraí,RR,Norte,P0020,Teclado Mecanico Fizz,Informática,3.0,174.9,0.0036,2025-04-25,2025-04-23
ORD03548,2025-04-22,Cliente_377,Lucas Castro,Rio Branco,AC,Norte,P0009,Smart TV 32” Philco LED Roku TV,TV e Projeção,3.0,949.0,0.0159,2025-04-27,2025-04-27
ORD03549,2025-04-22,Cliente_397,Isabella Gonçalves,Vitória,ES,Sudeste,P0005,"Fone de Ouvido Sem Fio TWS, PHILIPS",Áudio,1.0,124.91,0.1275,2025-04-25,2025-04-24
ORD03550,2025-04-23,Cliente_007,Helena Souza,Feira de Santana,BA,Nordeste,P0009,Smart TV 32” Philco LED Roku TV,TV e Projeção,1.0,949.0,0.0196,2025-04-27,2025-04-28
ORD03551,2025-04-23,Cliente_008,Thales Pereira,Cascavel,PR,Sul,P0005,"Fone de Ouvido Sem Fio TWS, PHILIPS",Áudio,3.0,124.91,0.1476,2025-04-30,2025-04-28
ORD03552,2025-04-23,Cliente_014,Pedro Lucas Melo,Brasiléia,AC,Norte,P0015, Fone de Ouvido Profissional AKG K92,Áudio,4.0,428.99,0.221,2025-04-29,2025-05-01
ORD03553,2025-04-23,Cliente_016,Sr. Thomas Nascimento,Tarauacá,AC,Norte,P0010,"Smart TV LED 32""Samsung LED Tizen TV",TV e Projeção,1.0,1079.0,0.0579,2025-05-02,2025-05-02
ORD03554,2025-04-23,Cliente_034,Clarice Barbosa,Ji-Paraná,RO,Norte,P0016,Fone de Ouvido Profissional EDIFIER WH950NB,Áudio,2.0,899.0,0.1198,2025-05-02,2025-05-03
ORD03555,2025-04-23,Cliente_036,Bryan Pires,Manacapuru,AM,Norte,P0013,"Projetor Smart Epson EpiqVision, FULL HD",TV e Projeção,4.0,3049.99,0.145,2025-04-25,2025-04-27
ORD03556,2025-04-23,Cliente_046,Dra. Emanuella Sales,Cruzeiro do Sul,AC,Norte,P0007,Película para iPhone 14Pro Anti impacto,Acessórios Mobile,3.0,51.8,0.0794,2025-04-29,2025-05-04
ORD03557,2025-04-23,Cliente_048,Sr. Gustavo Henrique Peixoto,Gravataí,RS,Sul,P0020,Teclado Mecanico Fizz,Informática,4.0,174.9,0.1103,2025-04-26,2025-04-24
ORD03558,2025-04-23,Cliente_058,Sr. Nathan Peixoto,Itacoatiara,AM,Norte,P0009,Smart TV 32” Philco LED Roku TV,TV e Projeção,3.0,949.0,0.0242,2025-04-29,2025-04-29
ORD03559,2025-04-23,Cliente_069!!,Levi da Rosa,Porto Nacional,TO,Norte,P0018,"Monitor UHD Samsung 32""",Informática,1.0,1626.57,0.1013,2025-04-30,2025-04-29
ORD03560,2025-04-23,Cliente_083,Sophie Souza,Santo André,SP,Sudeste,P0018,"Monitor UHD Samsung 32""",Informática,3.0,1626.57,0.0478,2025-04-25,2025-04-24
ORD03561,2025-04-23,Cliente_096,Dr. Luiz Henrique Pereira,Contagem,MG,Sudeste,P0027,Caixa de Som Bluetooth JBL,Áudio,2.0,549.9,0.0715,2025-04-26,2025-04-25
ORD03562,2025-04-23,Cliente_098,Thales Castro,Caxias do Sul,RS,Sul,P0011,"Soundbar Samsung com 2.1 canais, Dolby Digital",Áudio,4.0,1072.0,0.0123,2025-04-29,2025-04-27
ORD03563,2025-04-23,Cliente_133,Isadora Novaes,Cachoeiro de Itapemirim,ES,Sudeste,P0016,Fone de Ouvido Profissional EDIFIER WH950NB,Áudio,1.0,899.0,0.0477,2025-04-27,2025-04-26
ORD03564,2025-04-23,Cliente_154,Juan Duarte,São Paulo,SP,Sudeste,P0017,ACER Notebook Gamer Nitro,Informática,4.0,4604.0,0.0501,2025-04-29,2025-04-28
ORD03565,2025-04-23,Cliente_170,Nicolas Vieira,Patos,PB,Nordeste,P0001,Samsung Galaxy A36,Smartphones e Tablets,4.0,1979.1,0.1247,2025-04-27,2025-04-27
ORD03566,2025-04-23,Cliente_188,Ana Beatriz Barbosa,Estância,SE,Nordeste,P0020,Teclado Mecanico Fizz,Informática,4.0,174.9,0.055,2025-04-28,2025-04-26
ORD03567,2025-04-23,Cliente_209,Eduarda Nunes,Recife,PE,Nordeste,P0012,"Soundbar Tomate MTS-2017, Bivolt",Áudio,1.0,769.9,0.0267,2025-04-29,2025-04-27
ORD03568,2025-04-23,Cliente_216,Yasmin Costela,Pelotas,RS,Sul,P0006,Fone de ouvido Sem Fio QCY T27,Áudio,3.0,129.86,0.0486,2025-04-28,2025-04-28
ORD03569,2025-04-23,Cliente_263,Sr. Cauã Carvalho,Uberlândia,MG,Sudeste,P0008,Película de Vidro 3D Galaxy A30s,Acessórios Mobile,2.0,17.9,0.0676,2025-04-29,2025-04-30
ORD03570,2025-04-23,Cliente_281,Letícia da Luz,Campina Grande,PB,Nordeste,P0006,Fone de ouvido Sem Fio QCY T27,Áudio,1.0,129.86,0.0729,2025-04-29,2025-05-02
ORD03571,2025-04-23,Cliente_285,Maria Vitória Jesus,Vitória da Conquista,BA,Nordeste,P0011,"Soundbar Samsung com 2.1 canais, Dolby Digital",Áudio,2.0,1072.0,0.0384,2025-04-25,2025-04-24
ORD03572,2025-04-23,Cliente_294,Larissa Teixeira,Ferreira Gomes,AP,Norte,P0019,Mouse Redragon Wireless,Informática,2.0,165.99,0.1488,2025-04-30,2025-05-01
ORD03573,2025-04-23,Cliente_297,Letícia Campos,Boa Vista,RR,Norte,P0016,Fone de Ouvido Profissional EDIFIER WH950NB,Áudio,2.0,899.0,0.1408,2025-04-30,2025-05-10
ORD03574,2025-04-23,Cliente_308,Enzo Gabriel Costa,Londrina,PR,Sul,P0009,Smart TV 32” Philco LED Roku TV,TV e Projeção,3.0,949.0,0.0225,2025-04-26,2025-04-26
ORD03575,2025-04-23,Cliente_309,Dra. Ana Laura Pires,Itajaí,SC,Sul,P0010,"Smart TV LED 32""Samsung LED Tizen TV",TV e Projeção,2.0,1079.0,0.0931,2025-04-25,2025-04-24
ORD03576,2025-04-23,Cliente_312,Juan Araújo,Bacabal,MA,Nordeste,P0005,"Fone de Ouvido Sem Fio TWS, PHILIPS",Áudio,,124.91,0.0299,2025-04-29,2025-04-29
ORD03577,2025-04-23,Cliente_332,Júlia Moraes,São Bernardo do Campo,SP,Sudeste,P0020,Teclado Mecanico Fizz,Informática,2.0,174.9,0.0822,2025-04-27,2025-04-25
ORD03578,2025-04-23,Cliente_340,Bruno Cardoso,Gravataí,RS,Sul,P0002,Samsung Galaxy Tab S6 Lite,Smartphones e Tablets,4.0,1799.01,0.0388,2025-04-25,2025-04-28
ORD03579,2025-04-23,Cliente_381,Fernanda Rocha,Ribeirão Preto,SP,Sudeste,P0016,Fone de Ouvido Profissional EDIFIER WH950NB,Áudio,1.0,899.0,0.0891,2025-04-27,2025-04-27
ORD03580,2025-04-23,Cliente_394,Eduardo Oliveira,Ribeirão Preto,SP,Sudeste,P0020,Teclado Mecanico Fizz,Informática,4.0,174.9,0.049,2025-04-25,2025-04-25
ORD03581,2025-04-23,Cliente_404,João Gabriel Duarte,Gravataí,RS,Sul,P0001,Samsung Galaxy A36,Smartphones e Tablets,1.0,1979.1,0.1156,2025-04-26,2025-04-26
ORD03582,2025-04-23,Cliente_408,Maria Julia Duarte,Marabá,PA,Norte,P0013,"Projetor Smart Epson EpiqVision, FULL HD",TV e Projeção,,3049.99,0.1034,2025-05-01,2025-04-29
ORD03583,2025-04-23,Cliente_409,Eloah Silva,Sobral,CE,Nordeste,P0006,Fone de ouvido Sem Fio QCY T27,Áudio,3.0,129.86,0.1352,2025-04-29,2025-04-28
ORD03584,2025-04-23,Cliente_409,Eloah Silva,Sobral,CE,Nordeste,P0014,Projetor EPSON Powerlite Wide Screen,TV e Projeção,4.0,2742.13,0.0489,2025-04-27,2025-04-26
ORD03585,2025-04-23,Cliente_476,Gabriela Rodrigues Melo,Uberlândia,MG,Sudeste,P0019,Mouse Redragon Wireless,Informática,1.0,165.99,0.2114,2025-04-27,2025-04-25
ORD03586,2025-04-23,Cliente_483,Melissa Gomes,Blumenau,SC,Sul,P0015,Fone de Ouvido Profissional AKG K92,Áudio,1.0,428.99,0.11,2025-04-28,2025-04-30
ORD03587,2025-04-23,Cliente_484,Rafael Novaes Nogueira,Santa Maria,RS,Sul,P0016,Fone de Ouvido Profissional EDIFIER WH950NB,Áudio,4.0,899.0,0.0752,2025-04-28,2025-04-27
ORD03588,2025-04-23,Cliente_528,Thiago Mata Mendes,Niterói,RJ,Sudeste,P0011,"Soundbar Samsung com 2.1 canais, Dolby Digital",Áudio,2.0,1072.0,0.0223,2025-04-28,2025-04-27
ORD03589,2025-04-23,Cliente_528,Thiago Mata Mendes,Niterói,RJ,Sudeste,P0013,"Projetor Smart Epson EpiqVision, FULL HD",TV e Projeção ,2.0,3049.99,0.1641,2025-04-28,2025-04-29
ORD03590,2025-04-24,Cliente_039,Bruna Almeida,Gravataí,RS,Sul,P0018,"Monitor UHD Samsung 32""",Informática,3.0,1626.57,0.0321,2025-04-27,2025-04-26
ORD03591,2025-04-24,Cliente_053,Pedro Moreira,Campinas,SP,Sudeste,P0007,Película para iPhone 14Pro Anti impacto,Acessórios Mobile,4.0,51.8,0.0165,2025-04-30,2025-04-29
ORD03592,2025-04-24,Cliente_058,Sr. Nathan Peixoto,Itacoatiara,AM,Norte,P0027,Caixa de Som Bluetooth JBL,Áudio,4.0,549.9,0.1982,2025-04-27,2025-04-26
ORD03593,2025-04-24,Cliente_096,Dr. Luiz Henrique Pereira,Contagem,MG,Sudeste,P0025,Webcam Logitech Full HD,Informática,2.0,329.9,0.0563,2025-04-26,2025-04-25
ORD03594,2025-04-24,Cliente_117,Dra. Maysa Fogaça,Propriá,SE,Nordeste,P0014,Projetor EPSON Powerlite Wide Screen,TV e Projeção,2.0,2742.13,0.0151,2025-04-27,2025-04-27
ORD03595,2025-04-24,Cliente_124,Srta. Ana Júlia Pereira,Santo André,SP,Sudeste,P0011,"Soundbar Samsung com 2.1 canais, Dolby Digital",Áudio,2.0,1072.0,0.054,2025-04-29,2025-04-28
ORD03596,2025-04-24,Cliente_141,Dr. Thiago da Mota,Santa Maria,RS,Sul,P0008,Película de Vidro 3D Galaxy A30s,Acessórios Mobile,1.0,17.9,0.0694,2025-05-01,2025-04-29
ORD03597,2025-04-24,Cliente_150,Srta. Gabrielly Cardoso,Serra,ES,Sudeste,P0007,Película para iPhone 14Pro Anti impacto,Acessórios Mobile,3.0,51.8,0.0189,2025-04-29,2025-04-27
ORD03598,2025-04-24,Cliente_225,Enzo Gabriel Ramos,Caxias,MA,Nordeste,P0008,Película de Vidro 3D Galaxy A30s,Acessórios Mobile,2.0,17.9,0.1257,2025-04-29,2025-05-02
ORD03599,2025-04-24,Cliente_228,Gabrielly Santos,Santarém,PA,Norte,P0017,ACER Notebook Gamer Nitro,Informática,3.0,4604.0,0.0814,2025-04-27,2025-04-26
ORD03600,2025-04-24, Cliente_237 ,Bryan Moreira,Serra,ES,Sudeste,P0018,"Monitor UHD Samsung 32""",Informática,4.0,1626.57,0.0464,2025-04-30,2025-05-07
ORD03601,2025-04-24,Cliente_244,Maria Vitória Martins,Rio de Janeiro,RJ,Sudeste,P0004,Carregador Turbo Tipo-C 50w,Acessórios Mobile,3.0,53.9,0.1079,2025-05-01,2025-04-29
ORD03602,2025-04-24,Cliente_245,Nina Azevedo,Castanhal,PA,Norte,P0020,Teclado Mecanico Fizz,Informática,2.0,174.9,0.1403,2025-04-28,2025-04-26
ORD03603,2025-04-24,Cliente_247,João Moraes,Campinas,SP,Sudeste,P0002,Samsung Galaxy Tab S6 Lite,Smartphones e Tablets,3.0,1799.01,0.047,2025-04-28,2025-04-25
ORD03604,2025-04-24,Cliente_252,Sr. Isaac Melo,Itajaí,SC,Sul,P0003,Carregador Turbo USB-C 30W,Acessórios Mobile,4.0,49.9,0.1018,2025-04-26,2025-04-26
ORD03605,2025-04-24,Cliente_285,Maria Vitória Jesus,Vitória da Conquista,BA,Nordeste,P0005,"Fone de Ouvido Sem Fio TWS, PHILIPS",Áudio,1.0,124.91,0.1372,2025-04-26,2025-04-26
ORD03606,2025-04-24,Cliente_285,Maria Vitória Jesus,Vitória da Conquista,BA,Nordeste,P0007, Película para iPhone 14Pro Anti impacto, Acessórios Mobile,1.0,51.8,0.0992,2025-04-26,2025-04-26
ORD03607,2025-04-24,Cliente_360,Mariane Campos,Teresina,PI,Nordeste,P0015,Fone de Ouvido Profissional AKG K92,Áudio,4.0,428.99,0.1355,2025-04-30,2025-04-29
ORD03608,2025-04-24,Cliente_371,Ana Luiza Nunes,Joinville,SC,Sul,P0014,Projetor EPSON Powerlite Wide Screen,TV e Projeção,4.0,2742.13,0.0125,2025-04-26,2025-04-26
ORD03609,2025-04-24,Cliente_386,Diego Cavalcanti,Mucajaí,RR,Norte,P0019,Mouse Redragon Wireless,Informática,4.0,165.99,0.0889,2025-04-27,2025-04-27
ORD03610,2025-04-24,Cliente_394,Eduardo Oliveira,Ribeirão Preto,SP,Sudeste,P0017,ACER Notebook Gamer Nitro,Informática,2.0,4604.0,0.0727,2025-04-27,2025-04-26
ORD03611,2025-04-24,Cliente_403,Laís da Paz,João Pessoa,PB,Nordeste,P0011,"Soundbar Samsung com 2.1 canais, Dolby Digital",Áudio,2.0,1072.0,0.0723,2025-05-03,2025-05-03
ORD03612,2025-04-24,Cliente_466,Enzo Rodrigues,Santo André,SP,Sudeste,P0005,"Fone de Ouvido Sem Fio TWS, PHILIPS",Áudio,2.0,124.91,0.0894,2025-05-02,2025-04-30
ORD03613,2025-04-24,Cliente_487,Nathan Freitas Neves,Cascavel,PR,Sul,P0013,"Projetor Smart Epson EpiqVision, FULL HD",TV e Projeção,1.0,3049.99,0.0954,2025-05-01,2025-05-01
ORD03614,2025-04-25,Cliente_036,Bryan Pires,Manacapuru,AM,Norte,P0005,"Fone de Ouvido Sem Fio TWS, PHILIPS",Áudio,3.0,124.91,0.1231,2025-04-30,2025-05-01
ORD03615,2025-04-25,Cliente_045,Juan Mendes,Ji-Paraná,RO,Norte,P0015,Fone de Ouvido Profissional AKG K92,Áudio,3.0,428.99,0.1209,2025-04-30,2025-04-30
ORD03616,2025-04-25,Cliente_052,Ana Beatriz Freitas,Ponta Grossa,PR,Sul,P0003,Carregador Turbo USB-C 30W,Acessórios Mobile,1.0,49.9,0.0072,2025-04-30,2025-04-29
ORD03617,2025-04-25,Cliente_058,Sr. Nathan Peixoto,Itacoatiara,AM,Norte,P0008,Película de Vidro 3D Galaxy A30s,Acessórios Mobile,2.0,17.9,0.0019,2025-04-27,2025-04-26
ORD03618,2025-04-25,Cliente_069,Levi da Rosa,Porto Nacional,TO,Norte,P0001,Samsung Galaxy A36,Smartphones e Tablets,1.0,1979.1,0.1117,2025-05-02,2025-05-02
ORD03619,2025-04-25,Cliente_073,Evelyn Castro,Juazeiro,BA,Nordeste,P0012,"Soundbar Tomate MTS-2017, Bivolt",Áudio,1.0,769.9,0.1435,2025-04-27,2025-04-26
ORD03620,2025-04-25,Cliente_117,Dra. Maysa Fogaça,Propriá,SE,Nordeste,P0021,SSD Crucial 1TB NVMe M.2,Informática,2.0,449.0,0.0376,2025-04-29,2025-04-28
ORD03621,2025-04-25,Cliente_132,Pedro Miguel Rodrigues,São Bernardo do Campo,SP,Sudeste,P0006,Fone de ouvido Sem Fio QCY T27, Áudio,1.0,129.86,0.0915,2025-04-29,2025-04-28
ORD03622,2025-04-25,Cliente_151,Lorenzo Moura,Vitória da Conquista,BA,Nordeste,P0008,Película de Vidro 3D Galaxy A30s,Acessórios Mobile,2.0,17.9,0.0891,2025-04-27,2025-04-26
ORD03623,2025-04-25,Cliente_157,Stella Barbosa,Cachoeiro de Itapemirim,ES,Sudeste,P0019,Mouse Redragon Wireless,Informática,4.0,165.99,0.2095,2025-04-28,2025-04-27
ORD03624,2025-04-25,Cliente_170,Nicolas Vieira,Patos,PB,Nordeste,P0027,Caixa de Som Bluetooth JBL,Áudio,,549.9,0.0725,2025-05-01,2025-04-30
ORD03625,2025-04-25,Cliente_206,João Miguel Azevedo,Estância,SE,Nordeste,P0013,"Projetor Smart Epson EpiqVision, FULL HD",TV e Projeção,2.0,3049.99,0.1051,2025-04-30,2025-04-30
ORD03626,2025-04-25,Cliente_209,Eduarda Nunes,Recife,PE,Nordeste,P0007,Película para iPhone 14Pro Anti impacto,Acessórios Mobile,4.0,51.8,0.0253,2025-05-01,2025-04-29
ORD03627,2025-04-25,Cliente_217,Otávio Sales,Porto Nacional,TO,Norte,P0012,"Soundbar Tomate MTS-2017, Bivolt",Áudio,4.0,769.9,0.062,2025-05-01,2025-05-01
ORD03628,2025-04-25,Cliente_218,Isabel Pereira,Vila Velha,ES,Sudeste,P0003,Carregador Turbo USB-C 30W,Acessórios Mobile,2.0,49.9,0.0388,2025-04-29,2025-04-29
ORD03629,2025-04-25,Cliente_218,Isabel Pereira,Vila Velha,ES,Sudeste,P0014,Projetor EPSON Powerlite Wide Screen,TV e Projeção,3.0,2742.13,0.1655,2025-04-28,2025-04-30
ORD03630,2025-04-25,Cliente_218,Isabel Pereira,Vila Velha,ES,Sudeste,P0021,SSD Crucial 1TB NVMe M.2,Informática,1.0,449.0,0.0215,2025-05-01,2025-05-04
ORD03631,2025-04-25,Cliente_225,Enzo Gabriel Ramos,Caxias,MA,Nordeste,P0005,"Fone de Ouvido Sem Fio TWS, PHILIPS",Áudio,3.0,124.91,0.0472,2025-04-30,2025-05-01
ORD03632,2025-04-25,Cliente_231,Maria Luiza Rezende,Maringá,PR,Sul,P0012,"Soundbar Tomate MTS-2017, Bivolt",Áudio,1.0,769.9,0.026,2025-04-30,2025-05-04
ORD03633,2025-04-25,Cliente_259,Melissa da Rocha,São Bernardo do Campo,SP,Sudeste,P0006,Fone de ouvido Sem Fio QCY T27,Áudio,3.0,129.86,0.024,2025-04-29,2025-05-01
ORD03634,2025-04-25,Cliente_262,Maria Eduarda Peixoto,Sobral,CE,Nordeste,P0014,Projetor EPSON Powerlite Wide Screen,TV e Projeção,3.0,2742.13,0.1451,2025-05-02,2025-05-09
ORD03635,2025-04-25,Cliente_266,Caroline Carvalho,Cruzeiro do Sul,AC,Norte,P0027,Caixa de Som Bluetooth JBL,Áudio,2.0,549.9,0.1089,2025-05-03,2025-05-05
ORD03636,2025-04-25,Cliente_290,Luiz Henrique Moraes,Laranjal do Jari,AP,Norte,P0005,"Fone de Ouvido Sem Fio TWS, PHILIPS",Áudio,3.0,124.91,0.0736,2025-04-30,2025-05-04
ORD03637,2025-04-25,Cliente_320,Luana Rezende,Camaçari,BA,Nordeste,P0015,Fone de Ouvido Profissional AKG K92,Áudio,3.0,428.99,0.0951,2025-04-29,2025-04-28
ORD03638,2025-04-25,Cliente_337,Benício Fernandes,Castanhal,PA,Norte,P0015,Fone de Ouvido Profissional AKG K92,Áudio,1.0,428.99,0.1173,2025-05-05,2025-05-03
ORD03639,2025-04-25,Cliente_345,Nathan Castro,Brasiléia,AC,Norte,P0008,Película de Vidro 3D Galaxy A30s,Acessórios Mobile,4.0,17.9,0.1051,2025-05-03,2025-05-08
ORD03640,2025-04-25,Cliente_357,Amanda Araújo,Araguaína,TO,Norte,P0019,Mouse Redragon Wireless,Informática,3.0,165.99,0.0562,2025-05-04,2025-05-03
ORD03641,2025-04-25,Cliente_371,Ana Luiza Nunes,Joinville,SC,Sul,P0027,Caixa de Som Bluetooth JBL,Áudio,2.0,549.9,0.1006,2025-05-01,2025-05-06
ORD03642,2025-04-25,Cliente_397,Isabella Gonçalves,Vitória,ES,Sudeste,P0015,Fone de Ouvido Profissional AKG K92,Áudio,2.0,428.99,0.0765,2025-04-27,2025-04-30
ORD03643,2025-04-25,Cliente_410,Sra. Melissa Gonçalves,Santarém,PA,Norte,P0001,Samsung Galaxy A36,Smartphones e Tablets,4.0,1979.1,0.0873,2025-04-30,2025-04-30
ORD03644,2025-04-25,Cliente_443,Leonardo Rezende,Caucaia,CE,Nordeste,P0011,"Soundbar Samsung com 2.1 canais, Dolby Digital",Áudio,2.0,1072.0,0.0432,2025-05-01,2025-05-02
ORD03645,2025-04-26,Cliente_006,Miguel Cardoso,Juazeiro,BA,Nordeste,P0020,Teclado Mecanico Fizz,Informática,1.0,174.9,0.0856,2025-04-30,2025-04-29
ORD03646,2025-04-26,Cliente_010,Cauã da Rosa,Sobral,CE,Nordeste,P0012,"Soundbar Tomate MTS-2017, Bivolt",Áudio,3.0,769.9,0.0067,2025-05-02,2025-05-01
ORD03647,2025-04-26,Cliente_012,Dr. Arthur da Cunha,Caracaraí,RR,Norte,P0006,Fone de ouvido Sem Fio QCY T27,Áudio,,129.86,0.0455,2025-05-02,2025-05-01
ORD03648,2025-04-26,Cliente_027,Davi Lucas Gomes,Ribeirão Preto,SP,Sudeste,P0010,"Smart TV LED 32""Samsung LED Tizen TV",TV e Projeção,4.0,1079.0,0.0391,2025-04-30,2025-05-02
ORD03649,2025-04-26,Cliente_049,Isis Pinto,Santarém,PA,Norte,P0015,Fone de Ouvido Profissional AKG K92,Áudio,3.0,428.99,0.1014,2025-05-01,2025-04-30
ORD03650,2025-04-26,Cliente_090,Caio Novaes,Blumenau,SC,Sul,P0011,"Soundbar Samsung com 2.1 canais, Dolby Digital",Áudio,3.0,1072.0,0.1465,2025-04-28,2025-04-28
ORD03651,2025-04-26,Cliente_109,Gustavo Henrique Cunha,Cantá,RR,Norte,P0010,"Smart TV LED 32""Samsung LED Tizen TV",TV e Projeção,4.0,1079.0,0.086,2025-05-03,2025-05-03
ORD03652,2025-04-26,Cliente_117,Dra. Maysa Fogaça,Propriá,SE,Nordeste,P0012,"Soundbar Tomate MTS-2017, Bivolt",Áudio,4.0,769.9,0.0308,2025-04-30,2025-04-27
ORD03653,2025-04-26,Cliente_121,Kamilly Pereira,Pelotas,RS,Sul,P0020,Teclado Mecanico Fizz,Informática,2.0,174.9,0.0407,2025-05-04,2025-05-04
ORD03654,2025-04-26,Cliente_126,Luiz Fernando da Costa,Juiz de Fora,MG,Sudeste,P0013,"Projetor Smart Epson EpiqVision, FULL HD",TV e Projeção,2.0,3049.99,0.0996,2025-05-01,2025-05-01
ORD03655,2025-04-26,Cliente_134,Juan da Luz,Blumenau,SC,Sul,P0017,ACER Notebook Gamer Nitro,Informática,3.0,4604.0,0.0544,2025-04-28,2025-04-27
ORD03656,2025-04-26,Cliente_149,Manuela Santos,Caxias do Sul,RS,Sul,P0027,Caixa de Som Bluetooth JBL,Áudio,2.0,549.9,0.1279,2025-05-01,2025-04-30
ORD03657,2025-04-26,Cliente_165,Maria Fernanda Teixeira,Duque de Caxias,RJ,Sudeste,P0013,"Projetor Smart Epson EpiqVision, FULL HD",TV e Projeção,4.0,3049.99,0.0732,2025-04-28,2025-04-27
ORD03658,2025-04-26,Cliente_167,Sophie da Cruz,Caucaia,CE,Nordeste,P0010,"Smart TV LED 32""Samsung LED Tizen TV",TV e Projeção,4.0,1079.0,0.0701,2025-05-04,2025-05-09
ORD03659,2025-04-26,Cliente_170,Nicolas Vieira,Patos,PB,Nordeste,P0025,Webcam Logitech Full HD,Informática,,329.9,0.0487,2025-05-04,2025-05-03
ORD03660,2025-04-26,Cliente_206,João Miguel Azevedo,Estância,SE,Nordeste,P0017,ACER Notebook Gamer Nitro,Informática,4.0,4604.0,0.0461,2025-05-02,2025-05-01
ORD03661,2025-04-26,Cliente_209,Eduarda Nunes,Recife,PE,Nordeste,P0006,Fone de ouvido Sem Fio QCY T27,Áudio,1.0,129.86,0.0448,2025-05-03,2025-05-04
ORD03662,2025-04-26,Cliente_216,Yasmin Costela,Pelotas,RS,Sul,P0004,Carregador Turbo Tipo-C 50w,Acessórios Mobile,2.0,53.9,0.1364,2025-05-04,2025-05-03
ORD03663,2025-04-26,Cliente_227,Bruno Nascimento,Bayeux,PB,Nordeste,P0004,Carregador Turbo Tipo-C 50w,Acessórios Mobile,4.0,53.9,0.0753,2025-05-01,2025-04-30
ORD03664,2025-04-26,Cliente_244,Maria Vitória Martins,Rio de Janeiro,RJ,Sudeste,P0006,Fone de ouvido Sem Fio QCY T27,Áudio,2.0,129.86,0.0641,2025-05-03,2025-05-05
ORD03665,2025-04-26,Cliente_247,João Moraes,Campinas,SP,Sudeste,P0019,Mouse Redragon Wireless,Informática,3.0,165.99,0.1235,2025-04-30,2025-04-28
ORD03666,2025-04-26,Cliente_263,Sr. Cauã Carvalho,Uberlândia,MG,Sudeste,P0004,Carregador Turbo Tipo-C 50w,Acessórios Mobile,2.0,53.9,0.0615,2025-05-01,2025-05-01
ORD03667,2025-04-26,Cliente_294,Larissa Teixeira,Ferreira Gomes,AP,Norte,P0009,Smart TV 32” Philco LED Roku TV,TV e Projeção,3.0,949.0,0.1497,2025-04-30,2025-04-29
ORD03668,2025-04-26,Cliente_300,Dra. Maria Sophia Nogueira,Chapecó,SC,Sul,P0010,"Smart TV LED 32""Samsung LED Tizen TV",TV e Projeção,1.0,1079.0,0.1214,2025-05-03,2025-05-02
ORD03669,2025-04-26,Cliente_304,Guilherme da Cunha,Tocantinópolis,TO,Norte,P0002,Samsung Galaxy Tab S6 Lite,Smartphones e Tablets,2.0,1799.01,0.0174,2025-05-05,2025-05-04
ORD03670,2025-04-26,Cliente_330,Rebeca Farias,Cascavel,PR,Sul,P0003,Carregador Turbo USB-C 30W,Acessórios Mobile,1.0,49.9,0.0952,2025-04-29,2025-04-28
ORD03671,2025-04-26,Cliente_331,Guilherme Cavalcanti,Juiz de Fora,MG,Sudeste,P0027,Caixa de Som Bluetooth JBL,Áudio,2.0,549.9,0.1438,2025-05-01,2025-04-30
ORD03672,2025-04-26,Cliente_349,Maria Fernanda Farias,Betim,MG,Sudeste,P0019,Mouse Redragon Wireless,Informática,4.0,165.99,0.0417,2025-05-01,2025-05-01
ORD03673,2025-04-26,Cliente_371,Ana Luiza Nunes,Joinville,SC,Sul,P0018,"Monitor UHD Samsung 32""",Informática,2.0,1626.57,0.0712,2025-04-28,2025-04-27
ORD03674,2025-04-26,Cliente_401,Luna Almeida,Juiz de Fora,MG,Sudeste,P0005,"Fone de Ouvido Sem Fio TWS, PHILIPS",Áudio,2.0,124.91,0.072,2025-04-29,2025-04-29
ORD03675,2025-04-26,Cliente_436,Daniel Carvalho,Itajaí,SC,Sul,P0026,Cabo USB-C Trançado 2m,Acessórios Mobile,1.0,34.9,0.0256,2025-04-29,2025-04-27
ORD03676,2025-04-26,Cliente_500,Rodrigo Ramos,Rio de Janeiro,RJ,Sudeste,P0019,Mouse Redragon Wireless,Informática,3.0,165.99,0.0931,2025-04-29,2025-04-28
ORD03677,2025-04-27,Cliente_010,Cauã da Rosa,Sobral,CE,Nordeste,P0009,Smart TV 32” Philco LED Roku TV,TV e Projeção,2.0,949.0,0.0476,2025-05-04,2025-05-01
ORD03678,2025-04-27,Cliente_019,Gabriela da Paz,Uberlândia,MG,Sudeste,P0017,ACER Notebook Gamer Nitro,Informática,3.0,4604.0,0.0941,2025-04-30,2025-05-01
ORD03679,2025-04-27,Cliente_041,Miguel Nascimento,Ribeirão Preto,SP,Sudeste,P0009,Smart TV 32” Philco LED Roku TV,TV e Projeção,2.0,949.0,0.0086,2025-05-02,2025-05-01
ORD03680,2025-04-27,Cliente_054,Benício Aragão,Caxias do Sul,RS,Sul,P0011,"Soundbar Samsung com 2.1 canais, Dolby Digital",Áudio,4.0,1072.0,0.0539,2025-05-05,2025-05-03
ORD03681,2025-04-27,Cliente_056,Joana Rodrigues,Sobral,CE,Nordeste,P0027,Caixa de Som Bluetooth JBL,Áudio,4.0,549.9,0.1877,2025-05-03,2025-05-06
ORD03682,2025-04-27,Cliente_065,Letícia Porto,Santana,AP,Norte,P0018,"Monitor UHD Samsung 32""",Informática,4.0,1626.57,0.0518,2025-05-06,2025-05-04
ORD03683,2025-04-27,Cliente_069,Levi da Rosa,Porto Nacional,TO,Norte,P0014,Projetor EPSON Powerlite Wide Screen,TV e Projeção,1.0,2742.13,0.0991,2025-05-05,2025-05-02
ORD03684,2025-04-27,Cliente_098,Thales Castro,Caxias do Sul,RS,Sul,P0004,Carregador Turbo Tipo-C 50w,Acessórios Mobile,1.0,53.9,0.115,2025-04-30,2025-04-28
ORD03685,2025-04-27,Cliente_121,Kamilly Pereira,Pelotas,RS,Sul,P0004,Carregador Turbo Tipo-C 50w,Acessórios Mobile,,53.9,0.0823,2025-05-02,2025-05-01
ORD03686,2025-04-27,Cliente_136,João Guilherme Rocha,Bom Jesus,PI,Nordeste,P0001,Samsung Galaxy A36,Smartphones e Tablets,1.0,1979.1,0.0194,2025-05-05,2025-05-06
ORD03687,2025-04-27,Cliente_142,João Lucas da Mata,Blumenau,SC,Sul,P0016,Fone de Ouvido Profissional EDIFIER WH950NB,Áudio,2.0,899.0,0.0302,2025-04-29,2025-04-29
ORD03688,2025-04-27,Cliente_142,João Lucas da Mata,Blumenau,SC,Sul,P0024,Memória Kingston Fury 16GB DDR5,Informática,,389.9,0.0247,2025-05-03,2025-05-07
ORD03689,2025-04-27,Cliente_145,Manuela Lopes,Londrina,PR,Sul,P0005,"Fone de Ouvido Sem Fio TWS, PHILIPS",Áudio,2.0,124.91,0.0401,2025-05-03,2025-05-03
ORD03690,2025-04-27,Cliente_146,Levi Freitas,Ji-Paraná,RO,Norte,P0011,"Soundbar Samsung com 2.1 canais, Dolby Digital",Áudio,1.0,1072.0,0.1275,2025-05-02,2025-05-02
ORD03691,2025-04-27,Cliente_177,Dra. Heloísa da Paz,São Paulo,SP,Sudeste,P0027,Caixa de Som Bluetooth JBL,Áudio,2.0,549.9,0.1624,2025-04-30,2025-04-28
ORD03692,2025-04-27,Cliente_216!!,Yasmin Costela,Pelotas,RS,Sul,P0007,Película para iPhone 14Pro Anti impacto,Acessórios Mobile,4.0,51.8,0.0661,2025-04-30,2025-04-28
ORD03693,2025-04-27,Cliente_235,Yago Pires,Ponta Grossa,PR,Sul,P0003,Carregador Turbo USB-C 30W,Acessórios Mobile,3.0,49.9,0.0077,2025-05-02,2025-05-03
ORD03694,2025-04-27,Cliente_239,Diogo Cavalcanti,Curitiba,PR,Sul,P0019,Mouse Redragon Wireless,Informática,4.0,165.99,0.0242,2025-05-02,2025-04-29
ORD03695,2025-04-27,cliente#243,Laura da Cunha,Maringá,PR,Sul,P0018,"Monitor UHD Samsung 32""",Informática,4.0,1626.57,0.016,2025-04-29,2025-04-28
ORD03696,2025-04-27,Cliente_244,Maria Vitória Martins,Rio de Janeiro,RJ,Sudeste,P0016,Fone de Ouvido Profissional EDIFIER WH950NB,Áudio,2.0,899.0,0.0262,2025-05-04,2025-05-04
ORD03697,2025-04-27,Cliente_263,Sr. Cauã Carvalho,Uberlândia,MG,Sudeste,P0027,Caixa de Som Bluetooth JBL,Áudio,2.0,549.9,0.1004,2025-05-01,2025-05-01
ORD03698,2025-04-27,Cliente_267,Manuela Monteiro,Joinville,SC,Sul,P0017,ACER Notebook Gamer Nitro,Informática,4.0,4604.0,0.131,2025-04-29,2025-04-29
ORD03699,2025-04-27,Cliente_271,Rebeca Pires,Bom Jesus,PI,Nordeste,P0012,"Soundbar Tomate MTS-2017, Bivolt",Áudio,3.0,769.9,0.0524,2025-05-05,2025-05-04
ORD03700,2025-04-27,Cliente_272,Julia Freitas,Salvador,BA,Nordeste,P0008,Película de Vidro 3D Galaxy A30s,Acessórios Mobile,2.0,17.9,0.0004,2025-05-01,2025-05-01
ORD03701,2025-04-27,Cliente_390,Enzo da Rocha,Santa Maria,RS,Sul,P0025,Webcam Logitech Full HD,Informática,3.0,329.9,0.0653,2025-05-02,2025-05-03
ORD03702,2025-04-27,Cliente_406,Laís da Costa,Juiz de Fora,MG,Sudeste,P0025,Webcam Logitech Full HD,Informática,2.0,329.9,0.067,2025-05-02,2025-04-30
ORD03703,2025-04-27,Cliente_408,Maria Julia Duarte,Marabá,PA,Norte,P0006,Fone de ouvido Sem Fio QCY T27,Áudio,4.0,129.86,0.0861,2025-05-06,2025-05-06
ORD03704,2025-04-27,Cliente_408,Maria Julia Duarte,Marabá,PA,Norte,P0011,"Soundbar Samsung com 2.1 canais, Dolby Digital",Áudio,2.0,1072.0,0.0686,2025-05-01,2025-05-01
ORD03705,2025-04-27,Cliente_442,Gabriela Novaes,Londrina,PR,Sul,P0025,Webcam Logitech Full HD,Informática,2.0,329.9,0.036,2025-05-02,2025-05-05
ORD03706,2025-04-27,Cliente_477,Francisco Araújo,Londrina,PR,Sul,P0015,Fone de Ouvido Profissional AKG K92,Áudio,1.0,428.99,0.0719,2025-05-02,2025-05-02
ORD03707,2025-04-28,Cliente_011,Julia Ribeiro,Santa Maria,RS,Sul,P0001,Samsung Galaxy A36,Smartphones e Tablets,3.0,1979.1,0.0395,2025-05-02,2025-05-03
ORD03708,2025-04-28,Cliente_016,Sr. Thomas Nascimento,Tarauacá,AC,Norte,P0003,Carregador Turbo USB-C 30W,Acessórios Mobile,2.0,49.9,0.1395,2025-05-01,2025-05-01
ORD03709,2025-04-28,Cliente_060,Kaique Gomes,São Bernardo do Campo,SP,Sudeste,P0006,Fone de ouvido Sem Fio QCY T27,Áudio,1.0,129.86,0.0152,2025-04-30,2025-04-30
ORD03710,2025-04-28,Cliente_061,Dr. Emanuel Fogaça,Porto Nacional,TO,Norte,P0010,"Smart TV LED 32""Samsung LED Tizen TV ",TV e Projeção,3.0,1079.0,0.0061,2025-05-05,2025-05-04
ORD03711,2025-04-28,Cliente_075,Rafaela Peixoto,Ribeirão Preto,SP,Sudeste,P0020,Teclado Mecanico Fizz,Informática,2.0,174.9,0.0365,2025-05-02,2025-05-02
ORD03712,2025-04-28,Cliente_117,Dra. Maysa Fogaça,Propriá,SE,Nordeste,P0010,"Smart TV LED 32""Samsung LED Tizen TV",TV e Projeção,4.0,1079.0,0.1168,2025-04-30,2025-04-30
ORD03713,2025-04-28,Cliente_118,Bianca Pinto,Ponta Grossa,PR,Sul,P0020,Teclado Mecanico Fizz,Informática,1.0,174.9,0.1419,2025-04-30,2025-04-30
ORD03714,2025-04-28,Cliente_154,Juan Duarte,São Paulo,SP,Sudeste,P0020,Teclado Mecanico Fizz,Informática,4.0,174.9,0.0466,2025-04-30,2025-04-29
ORD03715,2025-04-28,Cliente_158,Emanuel Ramos,Timon,MA,Nordeste,P0006,Fone de ouvido Sem Fio QCY T27,Áudio,1.0,,0.0421,2025-05-07,2025-05-05
ORD03716,2025-04-28,Cliente_158,Emanuel Ramos,Timon,MA,Nordeste,P0009,Smart TV 32” Philco LED Roku TV,TV e Projeção,3.0,949.0,0.1308,2025-05-04,2025-05-08
ORD03717,2025-04-28,Cliente_166,Pietro Jesus,Porto Velho,RO,Norte,P0021,SSD Crucial 1TB NVMe M.2,Informática,3.0,449.0,0.046,2025-05-04,2025-05-01
ORD03718,2025-04-28,Cliente_172,Luiz Gustavo Rocha,Porto Alegre,RS,Sul,P0004,Carregador Turbo Tipo-C 50w,Acessórios Mobile,4.0,53.9,0.0649,2025-05-02,2025-05-04
ORD03719,2025-04-28,Cliente_201,Dr. Bruno Cardoso,Aracaju,SE,Nordeste,P0020,Teclado Mecanico Fizz,Informática,4.0,174.9,0.0122,2025-05-04,2025-05-04
ORD03720,2025-04-28,Cliente_209,Eduarda Nunes,Recife,PE,Nordeste,P0008,Película de Vidro 3D Galaxy A30s,Acessórios Mobile,1.0,17.9,0.0076,2025-05-04,2025-05-05
ORD03721,2025-04-28,Cliente_216,Yasmin Costela,Pelotas,RS,Sul,P0020,Teclado Mecanico Fizz,Informática,,174.9,0.0297,2025-05-06,2025-05-07
ORD03722,2025-04-28,Cliente_219,Natália da Luz,Cascavel,PR,Sul,P0011,"Soundbar Samsung com 2.1 canais, Dolby Digital",Áudio,1.0,1072.0,0.0328,2025-05-01,2025-05-01
ORD03723,2025-04-28,Cliente_223,Felipe da Cunha,Tarauacá,AC,Norte,P0021,SSD Crucial 1TB NVMe M.2,Informática,4.0,449.0,0.0898,2025-05-04,2025-05-04
ORD03724,2025-04-28,Cliente_244,Maria Vitória Martins,Rio de Janeiro,RJ,Sudeste,P0005,"Fone de Ouvido Sem Fio TWS, PHILIPS",Áudio,4.0,124.91,0.0551,2025-04-30,2025-04-29
ORD03725,2025-04-28,Cliente_250!!,Raul Carvalho,Santana,AP,Norte,P0010,"Smart TV LED 32""Samsung LED Tizen TV",TV e Projeção,1.0,1079.0,0.1271,2025-05-03,2025-05-01
ORD03726,2025-04-28,Cliente_250,Raul Carvalho,Santana,AP,Norte,P0014,Projetor EPSON Powerlite Wide Screen,TV e Projeção,1.0,2742.13,0.0072,2025-05-05,2025-05-04
ORD03727,2025-04-28,Cliente_300,Dra. Maria Sophia Nogueira,Chapecó,SC,Sul,P0007,Película para iPhone 14Pro Anti impacto,Acessórios Mobile,2.0,51.8,0.0535,2025-05-01,2025-05-03
ORD03728,2025-04-28,Cliente_311,Catarina Vieira,Natal,RN,Nordeste,P0015,Fone de Ouvido Profissional AKG K92,Áudio,2.0,428.99,0.0697,2025-05-03,2025-05-02
ORD03729,2025-04-28,Cliente_312,Juan Araújo,Bacabal,MA,Nordeste,P0002,Samsung Galaxy Tab S6 Lite,Smartphones e Tablets,1.0,1799.01,0.0263,2025-05-08,2025-05-08
ORD03730,2025-04-28,Cliente_312,Juan Araújo,Bacabal,MA,Nordeste,P0009,Smart TV 32” Philco LED Roku TV,TV e Projeção,2.0,949.0,0.054,2025-05-02,2025-05-01
ORD03731,2025-04-28,Cliente_327,Sra. Maria Eduarda Cardoso,Vila Velha,ES,Sudeste,P0016,Fone de Ouvido Profissional EDIFIER WH950NB,Áudio,4.0,899.0,0.023,2025-05-03,2025-05-03
ORD03732,2025-04-28,Cliente_354,Pedro Miguel Mendes,Macapá,AP,Norte,P0005,"Fone de Ouvido Sem Fio TWS, PHILIPS",Áudio,3.0,124.91,0.0712,2025-05-04,2025-05-02
ORD03733,2025-04-28,Cliente_406,Laís da Costa,Juiz de Fora,MG,Sudeste,P0003,Carregador Turbo USB-C 30W,Acessórios Mobile,3.0,,0.1496,2025-05-03,2025-05-03
ORD03734,2025-04-28,Cliente_414,Stephany Melo,Timon,MA,Nordeste,P0001,Samsung Galaxy A36,Smartphones e Tablets,3.0,1979.1,0.1327,2025-05-04,2025-05-03
ORD03735,2025-04-28,Cliente_415,Dra. Ana Carolina da Rocha,Maringá,PR,Sul,P0009,Smart TV 32” Philco LED Roku TV, TV e Projeção,2.0,949.0,0.0241,2025-05-03,2025-05-02
ORD03736,2025-04-29,Cliente_006,Miguel Cardoso,Juazeiro,BA,Nordeste,P0020,Teclado Mecanico Fizz,Informática,1.0,174.9,0.1113,2025-05-01,2025-05-01
ORD03737,2025-04-29,Cliente_027,Davi Lucas Gomes,Ribeirão Preto,SP,Sudeste,P0019,Mouse Redragon Wireless,Informática,2.0,165.99,0.1814,2025-05-01,2025-05-01
ORD03738,2025-04-29,Cliente_032,João Vitor Alves,Parintins,AM,Norte,P0018,"Monitor UHD Samsung 32""",Informática,3.0,1626.57,0.0066,2025-05-01,2025-04-30
ORD03739,2025-04-29,Cliente_049,Isis Pinto,Santarém,PA,Norte,P0006,Fone de ouvido Sem Fio QCY T27,Áudio,2.0,129.86,0.0877,2025-05-05,2025-05-07
ORD03740,2025-04-29,Cliente_050,Enzo Monteiro,Curitiba,PR,Sul,P0017,ACER Notebook Gamer Nitro,Informática,,4604.0,0.0029,2025-05-02,2025-05-01
ORD03741,2025-04-29,Cliente_050,Enzo Monteiro,Curitiba,PR,Sul,P0020,Teclado Mecanico Fizz,Informática,4.0,174.9,0.0729,2025-05-04,2025-05-02
ORD03742,2025-04-29,Cliente_062,Rodrigo da Paz,Uberlândia,MG,Sudeste,P0008,Película de Vidro 3D Galaxy A30s,Acessórios Mobile,3.0,17.9,0.1065,2025-05-06,2025-05-05
ORD03743,2025-04-29,Cliente_067,Nicole Dias,Uberlândia,MG,Sudeste,P0007,Película para iPhone 14Pro Anti impacto,Acessórios Mobile,2.0,51.8,0.0608,2025-05-06,2025-05-10
ORD03744,2025-04-29,Cliente_068,Stephany Moreira,Curitiba,PR,Sul,P0008,Película de Vidro 3D Galaxy A30s,Acessórios Mobile,4.0,17.9,0.0724,2025-05-02,2025-05-01
ORD03745,2025-04-29,Cliente_081,Sr. Heitor da Paz,Brasiléia,AC,Norte,P0015,Fone de Ouvido Profissional AKG K92,Áudio,4.0,428.99,0.1115,2025-05-05,2025-05-04
ORD03746,2025-04-29,Cliente_117,Dra. Maysa Fogaça,Propriá,SE,Nordeste,P0027,Caixa de Som Bluetooth JBL,Áudio,3.0,549.9,0.0994,2025-05-07,2025-05-07
ORD03747,2025-04-29,Cliente134,Juan da Luz,Blumenau,SC,Sul,P0027,Caixa de Som Bluetooth JBL,Áudio,1.0,549.9,0.0705,2025-05-04,2025-05-04
ORD03748,2025-04-29,Cliente_153,Enrico Dias,Manacapuru,AM,Norte,P0019,Mouse Redragon Wireless,Informática,3.0,165.99,0.2884,2025-05-05,2025-05-08
ORD03749,2025-04-29,Cliente_177,Dra. Heloísa da Paz,São Paulo,SP,Sudeste,P0007,Película para iPhone 14Pro Anti impacto,Acessórios Mobile,4.0,51.8,0.115,2025-05-04,2025-05-05
ORD03750,2025-04-29,Cliente_194,Pedro Gomes,Pelotas,RS,Sul,P0010,"Smart TV LED 32""Samsung LED Tizen TV",TV e Projeção,4.0,1079.0,0.1342,2025-05-06,2025-05-06
ORD03751,2025-04-29,Cliente_195,Maria Luiza da Conceição,Belém,PA,Norte,P0001,Samsung Galaxy A36,Smartphones e Tablets,1.0,1979.1,0.2005,2025-05-05,2025-05-05
ORD03752,2025-04-29,Cliente_196,Fernando Costa,Vila Velha,ES,Sudeste,P0025,Webcam Logitech Full HD,Informática,1.0,329.9,0.0314,2025-05-06,2025-05-06
ORD03753,2025-04-29,Cliente_214,Carolina Caldeira,Parnaíba,PI,Nordeste,P0004,Carregador Turbo Tipo-C 50w,Acessórios Mobile,4.0,53.9,0.0317,2025-05-06,2025-05-08
ORD03754,2025-04-29,Cliente_218,Isabel Pereira,Vila Velha,ES,Sudeste,P0003,Carregador Turbo USB-C 30W,Acessórios Mobile,4.0,49.9,0.0728,2025-05-03,2025-05-03
ORD03755,2025-04-29,Cliente_241,Matheus Ribeiro,Curitiba,PR,Sul,P0006,Fone de ouvido Sem Fio QCY T27,Áudio,3.0,129.86,0.0401,2025-05-01,2025-05-04
ORD03756,2025-04-29,Cliente_243,Laura da Cunha,Maringá,PR,Sul,P0006,Fone de ouvido Sem Fio QCY T27, Áudio,2.0,129.86,0.1211,2025-05-05,2025-05-04
ORD03757,2025-04-29,Cliente_253,Mariane Lopes,Estância,SE,Nordeste,P0017,ACER Notebook Gamer Nitro,Informática,1.0,4604.0,0.0576,2025-05-03,2025-05-03
ORD03758,2025-04-29,Cliente_264,Sr. Noah da Paz,Itacoatiara,AM,Norte,P0005,"Fone de Ouvido Sem Fio TWS, PHILIPS",Áudio,1.0,124.91,0.048,2025-05-05,2025-05-05
ORD03759,2025-04-29,Cliente_264,Sr. Noah da Paz,Itacoatiara,AM,Norte,P0018,"Monitor UHD Samsung 32""",Informática,1.0,1626.57,0.117,2025-05-04,2025-05-09
ORD03760,2025-04-29,Cliente_266,Caroline Carvalho,Cruzeiro do Sul,AC,Norte,P0012,"Soundbar Tomate MTS-2017, Bivolt",Áudio,1.0,769.9,0.0145,2025-05-03,2025-05-07
ORD03761,2025-04-29,Cliente_312,Juan Araújo,Bacabal,MA,Nordeste,P0010,"Smart TV LED 32""Samsung LED Tizen TV",TV e Projeção,2.0,1079.0,0.0574,2025-05-06,2025-05-05
ORD03762,2025-04-29,Cliente_337,Benício Fernandes,Castanhal,PA,Norte,P0017,ACER Notebook Gamer Nitro,Informática,4.0,,0.1108,2025-05-07,2025-05-07
ORD03763,2025-04-29,Cliente_341,Alana Cardoso,Timon,MA,Nordeste,P0005,"Fone de Ouvido Sem Fio TWS, PHILIPS",Áudio,3.0,124.91,0.0973,2025-05-01,2025-04-30
ORD03764,2025-04-29,Cliente_347,Murilo Cunha,Porto Nacional,TO,Norte,P0005,"Fone de Ouvido Sem Fio TWS, PHILIPS",Áudio,2.0,124.91,0.0921,2025-05-04,2025-05-04
ORD03765,2025-04-29,Cliente_357,Amanda Araújo,Araguaína,TO,Norte,P0018,"Monitor UHD Samsung 32""",Informática,4.0,1626.57,0.1193,2025-05-08,2025-05-08
ORD03766,2025-04-29,Cliente_385,Helena Barros,Campinas,SP,Sudeste,P0019,Mouse Redragon Wireless,Informática,3.0,165.99,0.1214,2025-05-05,2025-05-07
ORD03767,2025-04-29,Cliente_411!!,Stephany Almeida,Santo André,SP,Sudeste,P0020,Teclado Mecanico Fizz,Informática,3.0,174.9,0.0176,2025-05-05,2025-05-04
ORD03768,2025-04-29,Cliente_420,Anthony Oliveira Cruz,Vitória,ES,Sudeste,P0009,Smart TV 32” Philco LED Roku TV,TV e Projeção ,3.0,949.0,0.0238,2025-05-04,2025-05-04
ORD03769,2025-04-29,Cliente_538,Lucca Paz,Patos,PB,Nordeste,P0010,"Smart TV LED 32""Samsung LED Tizen TV",TV e Projeção,3.0,1079.0,0.1,2025-05-05,2025-05-08
ORD03770,2025-04-30,Cliente_008,Thales Pereira,Cascavel,PR,Sul,P0013,"Projetor Smart Epson EpiqVision, FULL HD",TV e Projeção,1.0,3049.99,0.1186,2025-05-06,2025-05-08
ORD03771,2025-04-30,Cliente_009,Sofia Sales,Ponta Grossa,PR,Sul,P0017,ACER Notebook Gamer Nitro,Informática,2.0,4604.0,0.1073,2025-05-04,2025-05-02
ORD03772,2025-04-30,Cliente_012,Dr. Arthur da Cunha,Caracaraí,RR,Norte,P0017,ACER Notebook Gamer Nitro,Informática,2.0,4604.0,0.0846,2025-05-06,2025-05-10
ORD03773,2025-04-30,Cliente_053,Pedro Moreira,Campinas,SP,Sudeste,P0021,SSD Crucial 1TB NVMe M.2,Informática,3.0,449.0,0.0869,2025-05-02,2025-05-02
ORD03774,2025-04-30,Cliente_075,Rafaela Peixoto,Ribeirão Preto,SP,Sudeste,P0009,Smart TV 32” Philco LED Roku TV,TV e Projeção,3.0,949.0,0.1238,2025-05-03,2025-05-02
ORD03775,2025-04-30,Cliente_092,Isaac Correia,Linhares,ES,Sudeste,P0007,Película para iPhone 14Pro Anti impacto,Acessórios Mobile,1.0,51.8,0.1443,2025-05-06,2025-05-06
ORD03776,2025-04-30,Cliente_100,Beatriz Costa,Bom Jesus,PI,Nordeste,P0008,Película de Vidro 3D Galaxy A30s,Acessórios Mobile,,17.9,0.0818,2025-05-05,2025-05-06
ORD03777,2025-04-30,Cliente_120,Laís das Neves,Tarauacá,AC,Norte,P0007,Película para iPhone 14Pro Anti impacto,Acessórios Mobile,4.0,51.8,0.1447,2025-05-07,2025-05-06
ORD03778,2025-04-30,Cliente_136,João Guilherme Rocha,Bom Jesus,PI,Nordeste,P0007,Película para iPhone 14Pro Anti impacto,Acessórios Mobile,3.0,51.8,0.086,2025-05-06,2025-05-05
ORD03779,2025-04-30,Cliente_142,João Lucas da Mata,Blumenau,SC,Sul,P0005,"Fone de Ouvido Sem Fio TWS, PHILIPS",Áudio,2.0,124.91,0.0161,2025-05-02,2025-05-01
ORD03780,2025-04-30,cliente#143,Cecília Barros,Londrina,PR,Sul,P0019,Mouse Redragon Wireless,Informática,2.0,165.99,0.1305,2025-05-07,2025-05-06
ORD03781,2025-04-30,Cliente_145,Manuela Lopes,Londrina,PR,Sul,P0018,"Monitor UHD Samsung 32""",Informática,1.0,1626.57,0.0102,2025-05-02,2025-05-02
ORD03782,2025-04-30,Cliente_152,Dr. Emanuel Costela,Cachoeiro de Itapemirim,ES,Sudeste,P0019,Mouse Redragon Wireless,Informática,3.0,165.99,0.1,2025-05-08,2025-05-08
ORD03783,2025-04-30,Cliente_156,Lívia da Rocha,Cacoal,RO,Norte,P0011,"Soundbar Samsung com 2.1 canais, Dolby Digital",Áudio,2.0,1072.0,0.1241,2025-05-05,2025-05-04
ORD03784,2025-04-30,Cliente_159,Dr. Igor Correia,Santa Rita,PB,Nordeste,P0014,Projetor EPSON Powerlite Wide Screen,TV e Projeção,4.0,2742.13,0.0985,2025-05-07,2025-05-07
ORD03785,2025-04-30,Cliente_199,João Guilherme Fogaça,Ananindeua,PA,Norte,P0026,Cabo USB-C Trançado 2m,Acessórios Mobile,3.0,34.9,0.0249,2025-05-07,2025-05-07
ORD03786,2025-04-30,Cliente_206,João Miguel Azevedo,Estância,SE,Nordeste,P0017,ACER Notebook Gamer Nitro,Informática,4.0,4604.0,0.0817,2025-05-03,2025-05-03
ORD03787,2025-04-30,Cliente_208,Vitor Araújo,Betim,MG,Sudeste,P0017,ACER Notebook Gamer Nitro,Informática,1.0,4604.0,0.045,2025-05-04,2025-05-02
ORD03788,2025-04-30,Cliente_214,Carolina Caldeira,Parnaíba,PI,Nordeste,P0013,"Projetor Smart Epson EpiqVision, FULL HD",TV e Projeção,2.0,3049.99,0.1074,2025-05-10,2025-05-14
ORD03789,2025-04-30,Cliente_230,Maria Nogueira,Bayeux,PB,Nordeste,P0026,Cabo USB-C Trançado 2m,Acessórios Mobile,4.0,34.9,0.0289,2025-05-07,2025-05-11
ORD03790,2025-04-30,Cliente_234,Leonardo Oliveira,Maringá,PR,Sul,P0023,Tablet Lenovo Tab M11,Smartphones e Tablets,3.0,1399.9,0.0791,2025-05-05,2025-05-04
ORD03791,2025-04-30,Cliente_256,Daniela Fogaça,Florianópolis,SC,Sul,P0007,Película para iPhone 14Pro Anti impacto,Acessórios Mobile,1.0,51.8,0.0183,2025-05-02,2025-05-02
ORD03792,2025-04-30,Cliente_300,Dra. Maria Sophia Nogueira,Chapecó,SC,Sul,P0007,Película para iPhone 14Pro Anti impacto,Acessórios Mobile,,51.8,0.0244,2025-05-02,2025-05-01
ORD03793,2025-04-30,Cliente_309,Dra. Ana Laura Pires,Itajaí,SC,Sul,P0027,Caixa de Som Bluetooth JBL,Áudio,3.0,549.9,0.164,2025-05-06,2025-05-06
ORD03794,2025-04-30,Cliente_322,Ana Vitória Costela,Caxias do Sul,RS,Sul,P0020,Teclado Mecanico Fizz,Informática,2.0,174.9,0.0886,2025-05-03,2025-05-06
ORD03795,2025-04-30,Cliente_327,Sra. Maria Eduarda Cardoso,Vila Velha,ES,Sudeste,P0027,Caixa de Som Bluetooth JBL,Áudio,1.0,549.9,0.0916,2025-05-08,2025-05-07
ORD03796,2025-04-30,Cliente_330,Rebeca Farias,Cascavel,PR,Sul,P0002,Samsung Galaxy Tab S6 Lite,Smartphones e Tablets,1.0,1799.01,0.0039,2025-05-06,2025-05-06
ORD03797,2025-04-30,Cliente_337,Benício Fernandes,Castanhal,PA,Norte,P0013,"Projetor Smart Epson EpiqVision, FULL HD",TV e Projeção,2.0,3049.99,0.0896,2025-05-06,2025-05-05
ORD03798,2025-04-30,Cliente_342,Vitor Gabriel Nascimento,Rio Branco,AC,Norte,P0020,Teclado Mecanico Fizz,Informática,4.0,174.9,0.0829,2025-05-05,2025-05-04
ORD03799,2025-04-30,Cliente_380,Ana Clara das Neves,Bayeux,PB,Nordeste,P0002,Samsung Galaxy Tab S6 Lite,Smartphones e Tablets,2.0,1799.01,0.0987,2025-05-08,2025-05-08
ORD03800,2025-04-30,Cliente_408,Maria Julia Duarte,Marabá,PA,Norte,P0021,SSD Crucial 1TB NVMe M.2,Informática,2.0,449.0,0.0017,2025-05-05,2025-05-04
ORD03801,2025-05-01,Cliente_002,Fernanda Lima,Vila Velha,ES,Sudeste,P0015,Fone de Ouvido Profissional AKG K92,Áudio,1.0,428.99,0.0907,2025-05-05,2025-05-05
ORD03802,2025-05-01,Cliente_006,Miguel Cardoso,Juazeiro,BA,Nordeste,P0004,Carregador Turbo Tipo-C 50w,Acessórios Mobile,4.0,53.9,0.1179,2025-05-03,2025-05-03
ORD03803,,Cliente_008,Thales Pereira,Cascavel,PR,Sul,P0010,"Smart TV LED 32""Samsung LED Tizen TV",TV e Projeção,1.0,1079.0,0.1229,2025-05-05,2025-05-04
ORD03804,2025-05-01,Cliente_021,Mirella Rodrigues,Ribeirão Preto,SP,Sudeste,P0001,Samsung Galaxy A36,Smartphones e Tablets,2.0,1979.1,0.1127,2025-05-05,2025-05-10
ORD03805,2025-05-01,Cliente_045,Juan Mendes,Ji-Paraná,RO,Norte,P0012,"Soundbar Tomate MTS-2017, Bivolt",Áudio,4.0,769.9,0.0631,2025-05-07,2025-05-07
ORD03806,2025-05-01,Cliente_045,Juan Mendes,Ji-Paraná,RO,Norte,P0016,Fone de Ouvido Profissional EDIFIER WH950NB,Áudio,2.0,899.0,0.0906,2025-05-09,2025-05-10
ORD03807,2025-05-01,Cliente_052,Ana Beatriz Freitas,Ponta Grossa,PR,Sul,P0016,Fone de Ouvido Profissional EDIFIER WH950NB,Áudio,2.0,899.0,0.1473,2025-05-08,2025-05-10
ORD03808,2025-05-01,Cliente_062,Rodrigo da Paz,Uberlândia,MG,Sudeste,P0020,Teclado Mecanico Fizz,Informática,4.0,174.9,0.155,2025-05-04,2025-05-04
ORD03809,2025-05-01,Cliente_069,Levi da Rosa,Porto Nacional,TO,Norte,P0013,"Projetor Smart Epson EpiqVision, FULL HD",TV e Projeção,1.0,3049.99,0.1066,2025-05-06,2025-05-06
ORD03810,2025-05-01,Cliente_082,Felipe Gomes,Caicó,RN,Nordeste,P0015, Fone de Ouvido Profissional AKG K92,Áudio,4.0,428.99,0.1305,2025-05-07,2025-05-10
ORD03811,2025-05-01,Cliente_090,Caio Novaes,Blumenau,SC,Sul,P0008,Película de Vidro 3D Galaxy A30s,Acessórios Mobile,1.0,17.9,0.115,2025-05-03,2025-05-02
ORD03812,2025-05-01,Cliente_099,Srta. Maria Luiza Rocha,Blumenau,SC,Sul,P0013,"Projetor Smart Epson EpiqVision, FULL HD",TV e Projeção,3.0,3049.99,0.1452,2025-05-03,2025-05-02
ORD03813,2025-05-01,Cliente_114,Evelyn da Paz,Mucajaí,RR,Norte,P0027,Caixa de Som Bluetooth JBL,Áudio,2.0,549.9,0.08,2025-05-05,2025-05-05
ORD03814,2025-05-01,Cliente_116,Dr. João Gabriel Costa,Itajaí,SC,Sul,P0021,SSD Crucial 1TB NVMe M.2,Informática,,449.0,0.1058,2025-05-03,2025-05-02
ORD03815,2025-05-01,Cliente_159,Dr. Igor Correia,Santa Rita,PB,Nordeste,P0017,ACER Notebook Gamer Nitro,Informática,1.0,4604.0,0.0391,2025-05-06,2025-05-09
ORD03816,2025-05-01,Cliente_167,Sophie da Cruz,Caucaia,CE,Nordeste,P0008, Película de Vidro 3D Galaxy A30s,Acessórios Mobile,1.0,17.9,0.157,2025-05-06,2025-05-06
ORD03817,2025-05-01,cliente_170,Nicolas Vieira,Patos,PB,Nordeste,P0025,Webcam Logitech Full HD,Informática,2.0,329.9,0.1396,2025-05-06,2025-05-06
ORD03818,2025-05-01,Cliente_177,Dra. Heloísa da Paz,São Paulo,SP,Sudeste,P0019,Mouse Redragon Wireless,Informática,1.0,165.99,0.0701,2025-05-03,2025-05-02
ORD03819,2025-05-01,Cliente_184,Sarah da Costa,Teresina,PI,Nordeste,P0012,"Soundbar Tomate MTS-2017, Bivolt",Áudio,3.0,769.9,0.0909,2025-05-08,2025-05-08
ORD03820,2025-05-01,Cliente_199,João Guilherme Fogaça,Ananindeua,PA,Norte,P0005,"Fone de Ouvido Sem Fio TWS, PHILIPS",Áudio,3.0,124.91,0.0022,2025-05-07,2025-05-07
ORD03821,2025-05-01,Cliente_205,Kevin Souza,Santa Rita,PB,Nordeste,P0014,Projetor EPSON Powerlite Wide Screen,TV e Projeção,2.0,2742.13,0.0689,2025-05-09,2025-05-08
ORD03822,2025-05-01,Cliente_215,Olivia Souza,Camaçari,BA,Nordeste,P0005,"Fone de Ouvido Sem Fio TWS, PHILIPS",Áudio,2.0,124.91,0.1165,2025-05-07,2025-05-05
ORD03823,2025-05-01,Cliente_217,Otávio Sales,Porto Nacional,TO,Norte,P0019,Mouse Redragon Wireless,Informática,3.0,165.99,0.1271,2025-05-11,2025-05-11
ORD03824,2025-05-01,Cliente_230,Maria Nogueira,Bayeux,PB,Nordeste,P0012," Soundbar Tomate MTS-2017, Bivolt",Áudio,3.0,769.9,0.0947,2025-05-10,2025-05-10
ORD03825,2025-05-01,Cliente_238,Eloah Ribeiro,Florianópolis,SC,Sul,P0015,Fone de Ouvido Profissional AKG K92,Áudio,4.0,428.99,0.1646,2025-05-05,2025-05-10
ORD03826,2025-05-01,Cliente_241,Matheus Ribeiro,Curitiba,PR,Sul,P0003,Carregador Turbo USB-C 30W,Acessórios Mobile,1.0,49.9,0.0115,2025-05-03,2025-05-02
ORD03827,2025-05-01,Cliente_247,João Moraes,Campinas,SP,Sudeste,P0006,Fone de ouvido Sem Fio QCY T27,Áudio,4.0,129.86,0.1242,2025-05-07,2025-05-06
ORD03828,2025-05-01,Cliente_268,Pietra Pires,Parnamirim,RN,Nordeste,P0007,Película para iPhone 14Pro Anti impacto,Acessórios Mobile,3.0,51.8,0.0703,2025-05-07,2025-05-10
ORD03829,2025-05-01,Cliente_275,Marina Caldeira,Porto Alegre,RS,Sul,P0015,Fone de Ouvido Profissional AKG K92,Áudio,1.0,428.99,0.0689,2025-05-06,2025-05-06
ORD03830,2025-05-01,Cliente_275,Marina Caldeira,Porto Alegre,RS,Sul,P0018,"Monitor UHD Samsung 32""",Informática,1.0,1626.57,0.0862,2025-05-06,2025-05-06
ORD03831,2025-05-01,Cliente_285,Maria Vitória Jesus,Vitória da Conquista,BA,Nordeste,P0018," Monitor UHD Samsung 32""",Informática,3.0,1626.57,0.0034,2025-05-04,2025-05-06
ORD03832,2025-05-01,Cliente_286,Júlia Costela,Cachoeiro de Itapemirim,ES,Sudeste,P0020,Teclado Mecanico Fizz,Informática,3.0,174.9,0.1517,2025-05-07,2025-05-06
ORD03833,2025-05-01,Cliente_292,Melissa da Conceição,Maringá,PR,Sul,P0015,Fone de Ouvido Profissional AKG K92,Áudio,2.0,428.99,0.1196,2025-05-07,2025-05-07
ORD03834,2025-05-01,Cliente_299,Pietra Duarte,Parintins,AM,Norte,P0015,Fone de Ouvido Profissional AKG K92,Áudio,1.0,428.99,0.1036,2025-05-09,2025-05-06
ORD03835,2025-05-01,Cliente_301,Sarah Melo,Curitiba,PR,Sul,P0026,Cabo USB-C Trançado 2m,Acessórios Mobile,4.0,34.9,0.0697,2025-05-04,2025-05-03
ORD03836,2025-05-01,Cliente_309,Dra. Ana Laura Pires,Itajaí,SC,Sul,P0023,Tablet Lenovo Tab M11,Smartphones e Tablets,1.0,1399.9,0.1072,2025-05-05,2025-05-06
ORD03837,2025-05-01,Cliente_310,Sr. Breno Martins,Cascavel,PR,Sul,P0007,Película para iPhone 14Pro Anti impacto,Acessórios Mobile,3.0,51.8,0.102,2025-05-05,2025-05-04
ORD03838,2025-05-01,Cliente_312,Juan Araújo,Bacabal,MA,Nordeste,P0002,Samsung Galaxy Tab S6 Lite,Smartphones e Tablets,3.0,1799.01,0.0443,2025-05-06,2025-05-08
ORD03839,2025-05-01,cliente#326,Emanuella Porto,Ferreira Gomes,AP,Norte,P0012,"Soundbar Tomate MTS-2017, Bivolt",Áudio,3.0,769.9,0.1336,2025-05-09,2025-05-12
ORD03840,2025-05-01,Cliente_326,Emanuella Porto,Ferreira Gomes,AP,Norte,P0020,Teclado Mecanico Fizz,Informática,1.0,174.9,0.1092,2025-05-06,2025-05-06
ORD03841,2025-05-01,Cliente_330,Rebeca Farias,Cascavel,PR,Sul,P0012,"Soundbar Tomate MTS-2017, Bivolt",Áudio,2.0,769.9,0.1036,2025-05-04,2025-05-03
ORD03842,2025-05-01,Cliente_330,Rebeca Farias,Cascavel,PR,Sul,P0020,Teclado Mecanico Fizz,Informática,4.0,174.9,0.1107,2025-05-06,2025-05-07
ORD03843,2025-05-01,Cliente_337,Benício Fernandes,Castanhal,PA,Norte,P0003,Carregador Turbo USB-C 30W,Acessórios Mobile,4.0,49.9,0.0926,2025-05-05,2025-05-03
ORD03844,2025-05-01,Cliente_340,Bruno Cardoso,Gravataí,RS,Sul,P0006,Fone de ouvido Sem Fio QCY T27,Áudio,1.0,129.86,0.0838,2025-05-08,2025-05-10
ORD03845,2025-05-01,Cliente_345,Nathan Castro,Brasiléia,AC,Norte,P0006,Fone de ouvido Sem Fio QCY T27,Áudio,4.0,129.86,0.0266,2025-05-08,2025-05-12
ORD03846,2025-05-01,Cliente_360,Mariane Campos,Teresina,PI,Nordeste,P0003,Carregador Turbo USB-C 30W,Acessórios Mobile,3.0,49.9,0.0422,2025-05-08,2025-05-07
ORD03847,2025-05-01,Cliente_400,Ana Sophia da Rosa,Floriano,PI,Nordeste,P0027,Caixa de Som Bluetooth JBL,Áudio,2.0,549.9,0.082,2025-05-07,2025-05-05
ORD03848,2025-05-01,Cliente_408,Maria Julia Duarte,Marabá,PA,Norte,P0005,"Fone de Ouvido Sem Fio TWS, PHILIPS",Áudio,1.0,124.91,0.1368,2025-05-08,2025-05-06
ORD03849,2025-05-01,Cliente_409,Eloah Silva,Sobral,CE,Nordeste,P0002,Samsung Galaxy Tab S6 Lite,Smartphones e Tablets,1.0,1799.01,0.029,2025-05-06,2025-05-06
ORD03850,2025-05-01,Cliente_434,Isadora Jesus Araújo,Caxias,MA,Nordeste,P0001,Samsung Galaxy A36,Smartphones e Tablets,2.0,1979.1,0.2151,2025-05-07,2025-05-04
ORD03851,2025-05-01,Cliente_464,Esther Nunes Ribeiro,Florianópolis,SC,Sul,P0017,ACER Notebook Gamer Nitro,Informática,1.0,4604.0,0.0384,2025-05-05,2025-05-05
ORD03852,2025-05-01,Cliente_510,Enzo Jesus,Ribeirão Preto,SP,Sudeste,P0016,Fone de Ouvido Profissional EDIFIER WH950NB,Áudio,4.0,899.0,0.0616,2025-05-06,2025-05-06
ORD03853,2025-05-01,Cliente_520,Isabella Fernandes,Santo André,SP,Sudeste,P0011,"Soundbar Samsung com 2.1 canais, Dolby Digital",Áudio,2.0,1072.0,0.0552,2025-05-07,2025-05-08
ORD03854,2025-05-02,Cliente_007,Helena Souza,Feira de Santana,BA,Nordeste,P0005,"Fone de Ouvido Sem Fio TWS, PHILIPS",Áudio,2.0,124.91,0.0954,2025-05-05,2025-05-05
ORD03855,2025-05-02,Cliente_010,Cauã da Rosa,Sobral,CE,Nordeste,P0007,Película para iPhone 14Pro Anti impacto,Acessórios Mobile,4.0,51.8,0.009,2025-05-11,2025-05-11
ORD03856,2025-05-02,Cliente_012,Dr. Arthur da Cunha,Caracaraí,RR,Norte,P0002,Samsung Galaxy Tab S6 Lite,Smartphones e Tablets,,1799.01,0.0454,2025-05-09,2025-05-08
ORD03857,2025-05-02,Cliente_021,Mirella Rodrigues,Ribeirão Preto,SP,Sudeste,P0001,Samsung Galaxy A36,Smartphones e Tablets,4.0,1979.1,0.1285,2025-05-06,2025-05-08
ORD03858,2025-05-02,Cliente_021,Mirella Rodrigues,Ribeirão Preto,SP,Sudeste,P0004,Carregador Turbo Tipo-C 50w,Acessórios Mobile,2.0,53.9,0.1126,2025-05-08,2025-05-07
ORD03859,2025-05-02,Cliente_030,João Lucas da Costa,Joinville,SC,Sul,P0018,"Monitor UHD Samsung 32""",Informática,2.0,1626.57,0.1296,2025-05-04,2025-05-03
ORD03860,2025-05-02,Cliente_035,Enzo da Rocha,Caracaraí,RR,Norte,P0008,Película de Vidro 3D Galaxy A30s,Acessórios Mobile,3.0,17.9,0.0341,2025-05-05,2025-05-05
ORD03861,2025-05-02,Cliente_036,Bryan Pires,Manacapuru,AM,Norte,P0005,"Fone de Ouvido Sem Fio TWS, PHILIPS",Áudio,,124.91,0.0917,2025-05-08,2025-05-13
ORD03862,2025-05-02,Cliente_040,Renan Silveira,Propriá,SE,Nordeste,P0013,"Projetor Smart Epson EpiqVision, FULL HD",TV e Projeção ,1.0,3049.99,0.0928,2025-05-04,2025-05-04
ORD03863,2025-05-02,Cliente_045,Juan Mendes,Ji-Paraná,RO,Norte,P0012,"Soundbar Tomate MTS-2017, Bivolt",Áudio,3.0,769.9,0.0587,2025-05-07,2025-05-08
ORD03864,2025-05-02,Cliente_049,Isis Pinto,Santarém,PA,Norte,P0011,"Soundbar Samsung com 2.1 canais, Dolby Digital",Áudio,4.0,1072.0,0.0624,2025-05-08,2025-05-05
ORD03865,2025-05-02,Cliente_055,Antônio Rocha,Rorainópolis,RR,Norte,P0010,"Smart TV LED 32""Samsung LED Tizen TV",TV e Projeção,4.0,1079.0,0.1337,2025-05-05,2025-05-03
ORD03866,2025-05-02,Cliente_061,Dr. Emanuel Fogaça,Porto Nacional,TO,Norte,P0013,"Projetor Smart Epson EpiqVision, FULL HD ",TV e Projeção,2.0,3049.99,0.1114,2025-05-09,2025-05-06
ORD03867,2025-05-02,Cliente_065,Letícia Porto,Santana,AP,Norte,P0019,Mouse Redragon Wireless,Informática,3.0,165.99,0.1769,2025-05-09,2025-05-08
ORD03868,2025-05-02,Cliente_075,Rafaela Peixoto,Ribeirão Preto,SP,Sudeste,P0011,"Soundbar Samsung com 2.1 canais, Dolby Digital",Áudio,1.0,1072.0,0.1025,2025-05-04,2025-05-03
ORD03869,2025-05-02,Cliente_086,Srta. Heloísa Moraes,Pelotas,RS,Sul,P0021,SSD Crucial 1TB NVMe M.2,Informática,1.0,449.0,0.1076,2025-05-10,2025-05-10
ORD03870,2025-05-02,Cliente_108,Sr. Eduardo Moreira,Recife,PE,Nordeste,P0020,Teclado Mecanico Fizz,Informática,1.0,174.9,0.1405,2025-05-07,2025-05-17
ORD03871,2025-05-02,Cliente_122,Natália Silva,Cascavel,PR,Sul,P0008,Película de Vidro 3D Galaxy A30s,Acessórios Mobile,1.0,17.9,0.2043,2025-05-07,2025-05-07
ORD03872,2025-05-02,Cliente_128,Kamilly Correia,Curitiba,PR,Sul,P0012,"Soundbar Tomate MTS-2017, Bivolt",Áudio,2.0,769.9,0.0766,2025-05-09,2025-05-08
ORD03873,2025-05-02,Cliente_134,Juan da Luz,Blumenau,SC,Sul,P0005,"Fone de Ouvido Sem Fio TWS, PHILIPS",Áudio,3.0,124.91,0.1579,2025-05-06,2025-05-04
ORD03874,2025-05-02,Cliente_135,Eduardo Pires,Contagem,MG,Sudeste,P0002,Samsung Galaxy Tab S6 Lite,Smartphones e Tablets,2.0,1799.01,0.0992,2025-05-06,2025-05-05
ORD03875,2025-05-02,Cliente_137,Dra. Julia Castro,Rio de Janeiro,RJ,Sudeste,P0027,Caixa de Som Bluetooth JBL,Áudio,1.0,549.9,0.1034,2025-05-05,2025-05-04
ORD03876,2025-05-02,Cliente_141,Dr. Thiago da Mota,Santa Maria,RS,Sul,P0001,Samsung Galaxy A36,Smartphones e Tablets,1.0,,0.1308,2025-05-05,2025-05-05
ORD03877,2025-05-02,Cliente_175,Srta. Gabriela Caldeira,Rio Branco,AC,Norte,P0002,Samsung Galaxy Tab S6 Lite,Smartphones e Tablets,2.0,1799.01,0.0647,2025-05-09,2025-05-08
ORD03878,2025-05-02,Cliente_177,Dra. Heloísa da Paz,São Paulo,SP,Sudeste,P0008,Película de Vidro 3D Galaxy A30s,Acessórios Mobile,3.0,17.9,0.1092,2025-05-04,2025-05-08
ORD03879,2025-05-02,Cliente_189,Cauã Almeida,Patos,PB,Nordeste,P0008,Película de Vidro 3D Galaxy A30s,Acessórios Mobile,2.0,17.9,0.1385,2025-05-09,2025-05-06
ORD03880,2025-05-02,Cliente_194,Pedro Gomes,Pelotas,RS,Sul,P0008,Película de Vidro 3D Galaxy A30s,Acessórios Mobile,3.0,17.9,0.1076,2025-05-09,2025-05-08
ORD03881,2025-05-02,Cliente-212,Letícia Carvalho,Juiz de Fora,MG,Sudeste,P0013,"Projetor Smart Epson EpiqVision, FULL HD",TV e Projeção,2.0,3049.99,0.0864,2025-05-04,2025-05-04
ORD03882,2025-05-02,Cliente_213,Sra. Daniela Lima,São Bernardo do Campo,SP,Sudeste,P0002,Samsung Galaxy Tab S6 Lite,Smartphones e Tablets,3.0,1799.01,0.0461,2025-05-06,2025-05-06
ORD03883,2025-05-02,Cliente_215,Olivia Souza,Camaçari,BA,Nordeste,P0022,Smartphone Motorola Edge 50 Neo,Smartphones e Tablets,4.0,2299.9,0.2395,2025-05-06,2025-05-06
ORD03884,2025-05-02,Cliente_219,Natália da Luz,Cascavel,PR,Sul,P0002,Samsung Galaxy Tab S6 Lite,Smartphones e Tablets,3.0,1799.01,0.0478,2025-05-07,2025-05-06
ORD03885,2025-05-02,Cliente_230,Maria Nogueira,Bayeux,PB,Nordeste,P0018,"Monitor UHD Samsung 32""",Informática,2.0,1626.57,0.1198,2025-05-08,2025-05-05
ORD03886,2025-05-02,Cliente_234,Leonardo Oliveira,Maringá,PR,Sul,P0023,Tablet Lenovo Tab M11,Smartphones e Tablets,2.0,1399.9,0.0576,2025-05-07,2025-05-08
ORD03887,2025-05-02,Cliente_236,Anthony Rezende,Timon,MA,Nordeste,P0015,Fone de Ouvido Profissional AKG K92,Áudio,3.0,428.99,0.0947,2025-05-11,2025-05-13
ORD03888,2025-05-02,Cliente_239,Diogo Cavalcanti,Curitiba,PR,Sul,P0014,Projetor EPSON Powerlite Wide Screen,TV e Projeção,1.0,2742.13,0.0061,2025-05-08,2025-05-08
ORD03889,2025-05-02,Cliente_254,Kevin Santos,Niterói,RJ,Sudeste,P0018,"Monitor UHD Samsung 32""",Informática,3.0,1626.57,0.0372,2025-05-06,2025-05-05
ORD03890,2025-05-02,Cliente_256,Daniela Fogaça,Florianópolis,SC,Sul,P0008,Película de Vidro 3D Galaxy A30s,Acessórios Mobile,3.0,17.9,0.2341,2025-05-08,2025-05-08
ORD03891,2025-05-02,Cliente_256,Daniela Fogaça,Florianópolis,SC,Sul,P0016,Fone de Ouvido Profissional EDIFIER WH950NB,Áudio,2.0,,0.1302,2025-05-08,2025-05-08
ORD03892,2025-05-02,Cliente_259,Melissa da Rocha,São Bernardo do Campo,SP,Sudeste,P0008,Película de Vidro 3D Galaxy A30s,Acessórios Mobile,2.0,17.9,0.2284,2025-05-05,2025-05-05
ORD03893,2025-05-02,Cliente_261,Maria Sophia Caldeira,Pico,PI,Nordeste,P0021,SSD Crucial 1TB NVMe M.2,Informática,1.0,449.0,0.0264,2025-05-08,2025-05-08
ORD03894,2025-05-02,Cliente_265,Gabrielly Azevedo,São Bernardo do Campo,SP,Sudeste,P0001,Samsung Galaxy A36,Smartphones e Tablets,1.0,1979.1,0.1164,2025-05-10,2025-05-10
ORD03895,2025-05-02,Cliente_285,Maria Vitória Jesus,Vitória da Conquista,BA,Nordeste,P0002,Samsung Galaxy Tab S6 Lite,Smartphones e Tablets,1.0,1799.01,0.0003,2025-05-04,2025-05-04
ORD03896,2025-05-02,Cliente_285,Maria Vitória Jesus,Vitória da Conquista,BA,Nordeste,P0006,Fone de ouvido Sem Fio QCY T27,Áudio,1.0,129.86,0.0271,2025-05-04,2025-05-04
ORD03897,2025-05-02,Cliente_290,Luiz Henrique Moraes,Laranjal do Jari,AP,Norte,P0004,Carregador Turbo Tipo-C 50w,Acessórios Mobile,4.0,53.9,0.1007,2025-05-07,2025-05-07
ORD03898,2025-05-02,Cliente_300,Dra. Maria Sophia Nogueira,Chapecó,SC,Sul,P0002,Samsung Galaxy Tab S6 Lite,Smartphones e Tablets,3.0,1799.01,0.0389,2025-05-04,2025-05-03
ORD03899,2025-05-02,Cliente_302,Emilly Farias,Ribeirão Preto,SP,Sudeste,P0017,ACER Notebook Gamer Nitro,Informática,1.0,,0.0089,2025-05-05,2025-05-04
ORD03900,2025-05-02,Cliente_308,Enzo Gabriel Costa,Londrina,PR,Sul,P0014,Projetor EPSON Powerlite Wide Screen,TV e Projeção,1.0,,0.0598,2025-05-06,2025-05-06
ORD03901,2025-05-02,Cliente_319,Catarina Silva,Tarauacá,AC,Norte,P0020,Teclado Mecanico Fizz,Informática,2.0,174.9,0.0343,2025-05-10,2025-05-08
ORD03902,2025-05-02,Cliente_323,Dr. João Pedro Carvalho,Boa Vista,RR,Norte,P0003,Carregador Turbo USB-C 30W,Acessórios Mobile,3.0,49.9,0.0564,2025-05-11,2025-05-08
ORD03903,2025-05-02,Cliente_323,Dr. João Pedro Carvalho,Boa Vista,RR,Norte,P0011,"Soundbar Samsung com 2.1 canais, Dolby Digital",Áudio,1.0,1072.0,0.0399,2025-05-07,2025-05-10
ORD03904,2025-05-02,Cliente_330!!,Rebeca Farias,Cascavel,PR,Sul,P0012,"Soundbar Tomate MTS-2017, Bivolt",Áudio,3.0,769.9,0.0783,2025-05-04,2025-05-04
ORD03905,2025-05-02,Cliente_333,Isaac Lopes,Londrina,PR,Sul,P0008,Película de Vidro 3D Galaxy A30s,Acessórios Mobile,1.0,17.9,0.0399,2025-05-06,2025-05-06
ORD03906,2025-05-02,Cliente_337,Benício Fernandes,Castanhal,PA,Norte,P0010,"Smart TV LED 32""Samsung LED Tizen TV",TV e Projeção,1.0,1079.0,0.09,2025-05-06,2025-05-05
ORD03907,2025-05-02,Cliente_352,Eduarda Cardoso,Campinas,SP,Sudeste,P0009,Smart TV 32” Philco LED Roku TV,TV e Projeção,4.0,949.0,0.0352,2025-05-07,2025-05-06
ORD03908,2025-05-02,Cliente_354,Pedro Miguel Mendes,Macapá,AP,Norte,P0002,Samsung Galaxy Tab S6 Lite,Smartphones e Tablets,3.0,1799.01,0.0279,2025-05-08,2025-05-12
ORD03909,2025-05-02,Cliente_357,Amanda Araújo,Araguaína,TO,Norte,P0001,Samsung Galaxy A36,Smartphones e Tablets,1.0,1979.1,0.2802,2025-05-11,2025-05-12
ORD03910,2025-05-02,Cliente_357,Amanda Araújo,Araguaína,TO,Norte,P0003,Carregador Turbo USB-C 30W,Acessórios Mobile,4.0,49.9,0.1258,2025-05-12,2025-05-11
ORD03911,2025-05-02,Cliente_380,Ana Clara das Neves,Bayeux,PB,Nordeste,P0027,Caixa de Som Bluetooth JBL,Áudio,1.0,549.9,0.0835,2025-05-06,2025-05-06
ORD03912,2025-05-02,Cliente_384 ,Brenda Monteiro,Santana,AP,Norte,P0020,Teclado Mecanico Fizz,Informática,4.0,174.9,0.1205,2025-05-10,2025-05-07
ORD03913,2025-05-02,Cliente_394,Eduardo Oliveira,Ribeirão Preto,SP,Sudeste,P0007,Película para iPhone 14Pro Anti impacto,Acessórios Mobile,2.0,51.8,0.0621,2025-05-07,2025-05-08
ORD03914,2025-05-02,Cliente_395,Luiz Henrique Castro,Betim,MG,Sudeste,P0007,Película para iPhone 14Pro Anti impacto,Acessórios Mobile,2.0,51.8,0.1054,2025-05-04,2025-05-03
ORD03915,2025-05-02,Cliente_409,Eloah Silva,Sobral,CE,Nordeste,P0007,Película para iPhone 14Pro Anti impacto,Acessórios Mobile,1.0,51.8,0.053,2025-05-08,2025-05-08
ORD03916,,Cliente_519,Igor Pires Gonçalves,Juazeiro do Norte,CE,Nordeste,P0006,Fone de ouvido Sem Fio QCY T27,Áudio,1.0,129.86,0.1152,2025-05-07,2025-05-12
ORD03917,2025-05-03,cliente_005,Srta. Clara Moraes,Itajaí,SC,Sul,P0008,Película de Vidro 3D Galaxy A30s,Acessórios Mobile,3.0,17.9,0.1002,2025-05-07,2025-05-07
ORD03918,2025-05-03,Cliente_022,Lívia Gomes,Vitória,ES,Sudeste,P0027,Caixa de Som Bluetooth JBL,Áudio,2.0,549.9,0.0956,2025-05-05,2025-05-05
ORD03919,2025-05-03,Cliente_026,Ana Júlia Lima,Contagem,MG,Sudeste,P0009,Smart TV 32” Philco LED Roku TV,TV e Projeção,4.0,949.0,0.0043,2025-05-07,2025-05-07
ORD03920,2025-05-03,Cliente_027,Davi Lucas Gomes,Ribeirão Preto,SP,Sudeste,P0010,"Smart TV LED 32""Samsung LED Tizen TV",TV e Projeção,1.0,1079.0,0.0362,2025-05-08,2025-05-09
ORD03921,2025-05-03,Cliente_040,Renan Silveira,Propriá,SE,Nordeste,P0001,Samsung Galaxy A36,Smartphones e Tablets,1.0,1979.1,0.0321,2025-05-07,2025-05-07
ORD03922,2025-05-03,Cliente_048,Sr. Gustavo Henrique Peixoto,Gravataí,RS,Sul,P0004,Carregador Turbo Tipo-C 50w,Acessórios Mobile,3.0,53.9,0.0875,2025-05-07,2025-05-05
ORD03923,2025-05-03,Cliente_053,Pedro Moreira,Campinas,SP,Sudeste,P0001,Samsung Galaxy A36,Smartphones e Tablets,3.0,1979.1,0.1233,2025-05-08,2025-05-08
ORD03924,2025-05-03,Cliente_055,Antônio Rocha,Rorainópolis,RR,Norte,P0021,SSD Crucial 1TB NVMe M.2,Informática,4.0,449.0,0.0279,2025-05-12,2025-05-12
ORD03925,2025-05-03,Cliente_071,Bárbara Correia,Mazagão,AP,Norte,P0003,Carregador Turbo USB-C 30W,Acessórios Mobile,,49.9,0.0266,2025-05-13,2025-05-12
ORD03926,2025-05-03,Cliente_075,Rafaela Peixoto,Ribeirão Preto,SP,Sudeste,P0004,Carregador Turbo Tipo-C 50w,Acessórios Mobile,1.0,53.9,0.1299,2025-05-05,2025-05-04
ORD03927,2025-05-03,Cliente_110,Rafaela Carvalho,Betim,MG,Sudeste,P0012,"Soundbar Tomate MTS-2017, Bivolt",Áudio,2.0,769.9,0.025,2025-05-08,2025-05-08
ORD03928,2025-05-03,Cliente_118,Bianca Pinto,Ponta Grossa,PR,Sul,P0021,SSD Crucial 1TB NVMe M.2,Informática,2.0,449.0,0.0179,2025-05-08,2025-05-08
ORD03929,2025-05-03,Cliente_139,Sr. Daniel Pinto,Nova Iguaçu,RJ,Sudeste,P0015,Fone de Ouvido Profissional AKG K92,Áudio,2.0,428.99,0.1405,2025-05-05,2025-05-10
ORD03930,2025-05-03,Cliente_158,Emanuel Ramos,Timon,MA,Nordeste,P0009,Smart TV 32” Philco LED Roku TV,TV e Projeção,1.0,949.0,0.1275,2025-05-07,2025-05-06
ORD03931,2025-05-03,Cliente_159,Dr. Igor Correia,Santa Rita,PB,Nordeste,P0014,Projetor EPSON Powerlite Wide Screen,TV e Projeção,3.0,2742.13,0.1335,2025-05-08,2025-05-06
ORD03932,2025-05-03,Cliente_159,Dr. Igor Correia,Santa Rita,PB,Nordeste,P0016,Fone de Ouvido Profissional EDIFIER WH950NB,Áudio,3.0,899.0,0.0277,2025-05-06,2025-05-04
ORD03933,2025-05-03,Cliente_174,Manuela Nogueira,Pelotas,RS,Sul,P0012,"Soundbar Tomate MTS-2017, Bivolt",Áudio,4.0,769.9,0.0946,2025-05-06,2025-05-04
ORD03934,2025-05-03,Cliente_202,Nicolas Viana,Niterói,RJ,Sudeste,P0007,Película para iPhone 14Pro Anti impacto,Acessórios Mobile,2.0,51.8,0.0751,2025-05-08,2025-05-07
ORD03935,2025-05-03,Cliente_222,João Gabriel Nunes,Vitória,ES,Sudeste,P0002,Samsung Galaxy Tab S6 Lite,Smartphones e Tablets,3.0,1799.01,0.0409,2025-05-08,2025-05-07
ORD03936,2025-05-03,Cliente_230,Maria Nogueira,Bayeux,PB,Nordeste,P0006,Fone de ouvido Sem Fio QCY T27,Áudio,,129.86,0.1225,2025-05-09,2025-05-08
ORD03937,2025-05-03,Cliente_266,Caroline Carvalho,Cruzeiro do Sul,AC,Norte,P0023,Tablet Lenovo Tab M11,Smartphones e Tablets,3.0,1399.9,0.1744,2025-05-10,2025-05-08
ORD03938,2025-05-03,Cliente_267,Manuela Monteiro,Joinville,SC,Sul,P0011,"Soundbar Samsung com 2.1 canais, Dolby Digital",Áudio,3.0,1072.0,0.0553,2025-05-06,2025-05-04
ORD03939,2025-05-03,Cliente_289,Noah Oliveira,Santana,AP,Norte,P0014,Projetor EPSON Powerlite Wide Screen,TV e Projeção,1.0,2742.13,0.1237,2025-05-08,2025-05-08
ORD03940,2025-05-03,Cliente_290,Luiz Henrique Moraes,Laranjal do Jari,AP,Norte,P0018,"Monitor UHD Samsung 32""",Informática,2.0,1626.57,0.0825,2025-05-12,2025-05-10
ORD03941,2025-05-03,Cliente_317,Catarina Ramos,Ferreira Gomes,AP,Norte,P0013,"Projetor Smart Epson EpiqVision, FULL HD",TV e Projeção,4.0,3049.99,0.0827,2025-05-08,2025-05-07
ORD03942,2025-05-03,Cliente_320,Luana Rezende,Camaçari,BA,Nordeste,P0014,Projetor EPSON Powerlite Wide Screen,TV e Projeção,1.0,2742.13,0.0223,2025-05-05,2025-05-04
ORD03943,2025-05-03,Cliente_320,Luana Rezende,Camaçari,BA,Nordeste,P0015,Fone de Ouvido Profissional AKG K92,Áudio,4.0,428.99,0.1184,2025-05-05,2025-05-04
ORD03944,2025-05-03,Cliente_325,Fernanda da Costa,Joinville,SC,Sul,P0015,Fone de Ouvido Profissional AKG K92,Áudio,1.0,428.99,0.0713,2025-05-09,2025-05-07
ORD03945,2025-05-03,Cliente_340,Bruno Cardoso,Gravataí,RS,Sul,P0016,Fone de Ouvido Profissional EDIFIER WH950NB,Áudio,2.0,899.0,0.0632,2025-05-05,2025-05-05
ORD03946,2025-05-03,Cliente_356,Matheus Ribeiro,Londrina,PR,Sul,P0020,Teclado Mecanico Fizz,Informática,3.0,174.9,0.0624,2025-05-07,2025-05-06
ORD03947,2025-05-03,Cliente_358,Paulo Farias,Ji-Paraná,RO,Norte,P0013,"Projetor Smart Epson EpiqVision, FULL HD",TV e Projeção,1.0,3049.99,0.0898,2025-05-08,2025-05-06
ORD03948,2025-05-03,Cliente_359,Maria Eduarda Silveira,Vila Velha,ES,Sudeste,P0011,"Soundbar Samsung com 2.1 canais, Dolby Digital",Áudio,1.0,1072.0,0.0401,2025-05-07,2025-05-04
ORD03949,2025-05-03,Cliente_409,Eloah Silva,Sobral,CE,Nordeste,P0003,Carregador Turbo USB-C 30W,Acessórios Mobile,,49.9,0.1159,2025-05-08,2025-05-06
ORD03950,2025-05-03,Cliente_435,Augusto Silveira,Cachoeiro de Itapemirim,ES,Sudeste,P0025,Webcam Logitech Full HD,Informática,4.0,329.9,0.1418,2025-05-09,2025-05-09
ORD03951,2025-05-04,Cliente_008,Thales Pereira,Cascavel,PR,Sul,P0024,Memória Kingston Fury 16GB DDR5 ,Informática,3.0,389.9,0.2792,2025-05-07,2025-05-07
ORD03952,2025-05-04,Cliente_012,Dr. Arthur da Cunha,Caracaraí,RR,Norte,P0023,Tablet Lenovo Tab M11,Smartphones e Tablets,4.0,1399.9,0.1966,2025-05-10,2025-05-08
ORD03953,2025-05-04,Cliente_018,Murilo Ferreira,Itacoatiara,AM,Norte,P0001,Samsung Galaxy A36,Smartphones e Tablets,,1979.1,0.1976,2025-05-06,2025-05-05
ORD03954,2025-05-04,Cliente_019,Gabriela da Paz,Uberlândia,MG,Sudeste,P0016,Fone de Ouvido Profissional EDIFIER WH950NB,Áudio,1.0,899.0,0.0215,2025-05-09,2025-05-08
ORD03955,2025-05-04,Cliente_047,Maria Julia Nascimento,Duque de Caxias,RJ,Sudeste,P0008,Película de Vidro 3D Galaxy A30s,Acessórios Mobile ,3.0,17.9,0.1334,2025-05-06,2025-05-06
ORD03956,2025-05-04,Cliente_065,Letícia Porto,Santana,AP,Norte,P0011,"Soundbar Samsung com 2.1 canais, Dolby Digital",Áudio,2.0,1072.0,0.1155,2025-05-12,2025-05-10
ORD03957,2025-05-04,Cliente_076,Leandro da Costa,Rolim de Moura,RO,Norte,P0017,ACER Notebook Gamer Nitro,Informática,1.0,4604.0,0.0658,2025-05-12,2025-05-11
ORD03958,2025-05-04,Cliente_126,Luiz Fernando da Costa,Juiz de Fora,MG,Sudeste,P0003,Carregador Turbo USB-C 30W,Acessórios Mobile,4.0,49.9,0.124,2025-05-10,2025-05-08
ORD03959,2025-05-04,Cliente_156,Lívia da Rocha,Cacoal,RO,Norte,P0018,"Monitor UHD Samsung 32""",Informática,3.0,1626.57,0.0496,2025-05-08,2025-05-08
ORD03960,2025-05-04,Cliente_208,Vitor Araújo,Betim,MG,Sudeste,P0021,SSD Crucial 1TB NVMe M.2,Informática,1.0,449.0,0.0097,2025-05-10,2025-05-10
ORD03961,2025-05-04,Cliente_215,Olivia Souza,Camaçari,BA,Nordeste,P0004,Carregador Turbo Tipo-C 50w,Acessórios Mobile,3.0,53.9,0.0251,2025-05-09,2025-05-06
ORD03962,2025-05-04,Cliente_218,Isabel Pereira,Vila Velha,ES,Sudeste,P0015,Fone de Ouvido Profissional AKG K92,Áudio,2.0,428.99,0.0112,2025-05-06,2025-05-07
ORD03963,2025-05-04,Cliente_219,Natália da Luz,Cascavel,PR,Sul,P0013,"Projetor Smart Epson EpiqVision, FULL HD",TV e Projeção,,3049.99,0.0817,2025-05-11,2025-05-11
ORD03964,2025-05-04,Cliente_223,Felipe da Cunha,Tarauacá,AC,Norte,P0025,Webcam Logitech Full HD,Informática,3.0,329.9,0.0726,2025-05-12,2025-05-11
ORD03965,2025-05-04,Cliente_243,Laura da Cunha,Maringá,PR,Sul,P0003,Carregador Turbo USB-C 30W,Acessórios Mobile,4.0,49.9,0.0224,2025-05-11,2025-05-10
ORD03966,2025-05-04,Cliente_251,Dr. João Felipe Sales,Ribeirão Preto,SP,Sudeste,P0011,"Soundbar Samsung com 2.1 canais, Dolby Digital",Áudio,1.0,1072.0,0.0565,2025-05-06,2025-05-05
ORD03967,2025-05-04,Cliente_272,Julia Freitas,Salvador,BA,Nordeste,P0016,Fone de Ouvido Profissional EDIFIER WH950NB,Áudio,3.0,899.0,0.1244,2025-05-09,2025-05-12
ORD03968,2025-05-04,Cliente_280,Daniel da Luz,Santo André,SP,Sudeste,P0012,"Soundbar Tomate MTS-2017, Bivolt",Áudio,1.0,769.9,0.118,2025-05-10,2025-05-10
ORD03969,2025-05-04,cliente_300,Dra. Maria Sophia Nogueira,Chapecó,SC,Sul,P0016,Fone de Ouvido Profissional EDIFIER WH950NB,Áudio,2.0,899.0,0.0378,2025-05-06,2025-05-05
ORD03970,2025-05-04,Cliente_313,Noah Rodrigues,Ji-Paraná,RO,Norte,P0003,Carregador Turbo USB-C 30W,Acessórios Mobile,3.0,49.9,0.0112,2025-05-08,2025-05-07
ORD03971,2025-05-04,Cliente_323,Dr. João Pedro Carvalho,Boa Vista,RR,Norte,P0013,"Projetor Smart Epson EpiqVision, FULL HD",TV e Projeção,2.0,3049.99,0.125,2025-05-12,2025-05-10
ORD03972,2025-05-04,Cliente_340,Bruno Cardoso,Gravataí,RS,Sul,P0005,"Fone de Ouvido Sem Fio TWS, PHILIPS",Áudio,2.0,124.91,0.0949,2025-05-06,2025-05-06
ORD03973,2025-05-04,Cliente_365,Diogo Nascimento,Vila Velha,ES,Sudeste,P0014,Projetor EPSON Powerlite Wide Screen,TV e Projeção,,2742.13,0.0437,2025-05-09,2025-05-09
ORD03974,2025-05-04,Cliente_371,Ana Luiza Nunes,Joinville,SC,Sul,P0016,Fone de Ouvido Profissional EDIFIER WH950NB,Áudio,1.0,899.0,0.0433,2025-05-07,2025-05-10
ORD03975,2025-05-04,Cliente_380,Ana Clara das Neves,Bayeux,PB,Nordeste,P0019,Mouse Redragon Wireless,Informática,1.0,165.99,0.0064,2025-05-13,2025-05-11
ORD03976,2025-05-04,Cliente_397,Isabella Gonçalves,Vitória,ES,Sudeste,P0008,Película de Vidro 3D Galaxy A30s,Acessórios Mobile,1.0,17.9,0.1291,2025-05-11,2025-05-09
ORD03977,2025-05-04,Cliente_416,Maria Julia Duarte,Caicó,RN,Nordeste,P0001, Samsung Galaxy A36,Smartphones e Tablets,3.0,1979.1,0.1278,2025-05-08,2025-05-07
ORD03978,2025-05-04,Cliente_436,Daniel Carvalho,Itajaí,SC,Sul,P0025,Webcam Logitech Full HD,Informática,3.0,329.9,0.0617,2025-05-08,2025-05-08
ORD03979,2025-05-04,Cliente_444,Davi Lima,Maringá,PR,Sul,P0011,"Soundbar Samsung com 2.1 canais, Dolby Digital",Áudio,1.0,1072.0,0.049,2025-05-10,2025-05-10
ORD03980,2025-05-04,cliente_452,Arthur Silveira,Porto Nacional,TO,Norte,P0021,SSD Crucial 1TB NVMe M.2,Informática,2.0,449.0,0.0405,2025-05-09,2025-05-08
ORD03981,2025-05-05,Cliente_006,Miguel Cardoso,Juazeiro,BA,Nordeste,P0023,Tablet Lenovo Tab M11,Smartphones e Tablets,4.0,1399.9,0.119,2025-05-12,2025-05-12
ORD03982,2025-05-05,Cliente_008,Thales Pereira,Cascavel,PR,Sul,P0004,Carregador Turbo Tipo-C 50w,Acessórios Mobile,2.0,53.9,0.1003,2025-05-08,2025-05-07
ORD03983,2025-05-05,Cliente_016,Sr. Thomas Nascimento,Tarauacá,AC,Norte,P0017,ACER Notebook Gamer Nitro,Informática,2.0,4604.0,0.0979,2025-05-11,2025-05-11
ORD03984,2025-05-05,Cliente_021,Mirella Rodrigues,Ribeirão Preto,SP,Sudeste,P0002,Samsung Galaxy Tab S6 Lite,Smartphones e Tablets,2.0,1799.01,0.0271,2025-05-13,2025-05-13
ORD03985,2025-05-05,Cliente_025,Matheus Novaes,Joinville,SC,Sul,P0011,"Soundbar Samsung com 2.1 canais, Dolby Digital",Áudio,2.0,1072.0,0.0052,2025-05-07,2025-05-06
ORD03986,2025-05-05,Cliente_052,Ana Beatriz Freitas,Ponta Grossa,PR,Sul,P0027,Caixa de Som Bluetooth JBL,Áudio,2.0,549.9,0.0446,2025-05-08,2025-05-11
ORD03987,2025-05-05,Cliente_075,Rafaela Peixoto,Ribeirão Preto,SP,Sudeste,P0002,Samsung Galaxy Tab S6 Lite,Smartphones e Tablets,1.0,1799.01,0.0536,2025-05-09,2025-05-07
ORD03988,2025-05-05,Cliente_076,Leandro da Costa,Rolim de Moura,RO,Norte,P0016,Fone de Ouvido Profissional EDIFIER WH950NB,Áudio,3.0,899.0,0.0798,2025-05-11,2025-05-13
ORD03989,2025-05-05,Cliente_090,Caio Novaes,Blumenau,SC,Sul,P0018,"Monitor UHD Samsung 32""",Informática,3.0,1626.57,0.0831,2025-05-10,2025-05-09
ORD03990,2025-05-05,Cliente_096,Dr. Luiz Henrique Pereira,Contagem,MG,Sudeste,P0002,Samsung Galaxy Tab S6 Lite,Smartphones e Tablets,2.0,1799.01,0.0372,2025-05-11,2025-05-09
ORD03991,2025-05-05,Cliente_099,Srta. Maria Luiza Rocha,Blumenau,SC,Sul,P0008,Película de Vidro 3D Galaxy A30s,Acessórios Mobile,4.0,17.9,0.2272,2025-05-09,2025-05-09
ORD03992,2025-05-05,Cliente_119,Daniel Costa,Jaboatão dos Guararapes,PE,Nordeste,P0002,Samsung Galaxy Tab S6 Lite,Smartphones e Tablets,4.0,1799.01,0.0618,2025-05-08,2025-05-08
ORD03993,2025-05-05,Cliente_122,Natália Silva,Cascavel,PR,Sul,P0014,Projetor EPSON Powerlite Wide Screen,TV e Projeção,2.0,2742.13,0.0325,2025-05-10,2025-05-10
ORD03994,2025-05-05,Cliente_159,Dr. Igor Correia,Santa Rita,PB,Nordeste,P0006,Fone de ouvido Sem Fio QCY T27,Áudio,1.0,129.86,0.0782,2025-05-13,2025-05-14
ORD03995,2025-05-05,Cliente_163,Thiago Rodrigues,São Luís,MA,Nordeste,P0004,Carregador Turbo Tipo-C 50w,Acessórios Mobile,3.0,53.9,0.0431,2025-05-11,2025-05-11
ORD03996,2025-05-05,Cliente_165,Maria Fernanda Teixeira,Duque de Caxias,RJ,Sudeste,P0021,SSD Crucial 1TB NVMe M.2,Informática,1.0,449.0,0.0323,2025-05-10,2025-05-10
ORD03997,2025-05-05,Cliente_192,Davi Lucas Pires,Chapecó,SC,Sul,P0012,"Soundbar Tomate MTS-2017, Bivolt",Áudio,4.0,769.9,0.099,2025-05-13,2025-05-11
ORD03998,2025-05-05,Cliente_194,Pedro Gomes,Pelotas,RS,Sul,P0019,Mouse Redragon Wireless,Informática,3.0,165.99,0.1351,2025-05-08,2025-05-08
ORD03999,2025-05-05,Cliente_199,João Guilherme Fogaça,Ananindeua,PA,Norte,P0011,"Soundbar Samsung com 2.1 canais, Dolby Digital",Áudio,3.0,1072.0,0.0746,2025-05-09,2025-05-08
ORD04000,2025-05-05,Cliente_208,Vitor Araújo,Betim,MG,Sudeste,P0005,"Fone de Ouvido Sem Fio TWS, PHILIPS",Áudio,3.0,124.91,0.1988,2025-05-10,2025-05-12
ORD04001,2025-05-05,Cliente_211,Srta. Natália Cardoso,Cruzeiro do Sul,AC,Norte,P0016,Fone de Ouvido Profissional EDIFIER WH950NB,Áudio,2.0,899.0,0.0774,2025-05-10,2025-05-08
ORD04002,2025-05-05,Cliente_215,Olivia Souza,Camaçari,BA,Nordeste,P0008,Película de Vidro 3D Galaxy A30s,Acessórios Mobile,2.0,17.9,0.0081,2025-05-07,2025-05-11
ORD04003,2025-05-05,Cliente_217,Otávio Sales,Porto Nacional,TO,Norte,P0001,Samsung Galaxy A36,Smartphones e Tablets,1.0,1979.1,0.1471,2025-05-15,2025-05-20
ORD04004,2025-05-05,Cliente_217,Otávio Sales,Porto Nacional,TO,Norte,P0006,Fone de ouvido Sem Fio QCY T27,Áudio,2.0,129.86,0.089,2025-05-10,2025-05-09
ORD04005,2025-05-05,Cliente_225,Enzo Gabriel Ramos,Caxias,MA,Nordeste,P0014,Projetor EPSON Powerlite Wide Screen,TV e Projeção,2.0,2742.13,0.1412,2025-05-10,2025-05-09
ORD04006,2025-05-05,Cliente_252,Sr. Isaac Melo,Itajaí,SC,Sul,P0006,Fone de ouvido Sem Fio QCY T27,Áudio,2.0,129.86,0.069,2025-05-08,2025-05-06
ORD04007,2025-05-05,Cliente_263,Sr. Cauã Carvalho,Uberlândia,MG,Sudeste,P0007,Película para iPhone 14Pro Anti impacto,Acessórios Mobile,2.0,51.8,0.0705,2025-05-09,2025-05-08
ORD04008,2025-05-05,Cliente_264,Sr. Noah da Paz,Itacoatiara,AM,Norte,P0008,Película de Vidro 3D Galaxy A30s,Acessórios Mobile,4.0,17.9,0.1066,2025-05-11,2025-05-11
ORD04009,2025-05-05,Cliente_279,Sofia Santos,Chapecó,SC,Sul,P0012,"Soundbar Tomate MTS-2017, Bivolt",Áudio,2.0,769.9,0.057,2025-05-12,2025-05-17
ORD04010,2025-05-05,Cliente_280,Daniel da Luz,Santo André,SP,Sudeste,P0025,Webcam Logitech Full HD,Informática,3.0,329.9,0.1583,2025-05-12,2025-05-11
ORD04011,2025-05-05,Cliente_310,Sr. Breno Martins,Cascavel,PR,Sul,P0011,"Soundbar Samsung com 2.1 canais, Dolby Digital",Áudio,2.0,1072.0,0.0707,2025-05-09,2025-05-09
ORD04012,2025-05-05,Cliente_315,Calebe Gonçalves,Currais Novos,RN,Nordeste,P0004,Carregador Turbo Tipo-C 50w,Acessórios Mobile,2.0,53.9,0.0884,2025-05-08,2025-05-07
ORD04013,2025-05-05,Cliente_355,Srta. Marina Rocha,Caucaia,CE,Nordeste,P0010,"Smart TV LED 32""Samsung LED Tizen TV",TV e Projeção,2.0,1079.0,0.0162,2025-05-13,2025-05-14
ORD04014,2025-05-05,Cliente_364,Evelyn Azevedo,Fortaleza,CE,Nordeste,P0011,"Soundbar Samsung com 2.1 canais, Dolby Digital",Áudio,1.0,1072.0,0.056,2025-05-13,2025-05-13
ORD04015,2025-05-05,Cliente_389,Kevin Oliveira,Londrina,PR,Sul,P0001,Samsung Galaxy A36,Smartphones e Tablets,3.0,1979.1,0.0761,2025-05-09,2025-05-13
ORD04016,2025-05-05,Cliente_392,Luiz Felipe Carvalho,Ponta Grossa,PR,Sul,P0002,Samsung Galaxy Tab S6 Lite,Smartphones e Tablets,1.0,1799.01,0.1141,2025-05-07,2025-05-12
ORD04017,2025-05-05,Cliente_394,Eduardo Oliveira,Ribeirão Preto,SP,Sudeste,P0010,"Smart TV LED 32""Samsung LED Tizen TV",TV e Projeção,1.0,1079.0,0.0637,2025-05-09,2025-05-07
ORD04018,2025-05-05,Cliente_409,Eloah Silva,Sobral,CE,Nordeste,P0014,Projetor EPSON Powerlite Wide Screen,TV e Projeção,3.0,2742.13,0.0601,2025-05-11,2025-05-10
ORD04019,2025-05-05,Cliente_409,Eloah Silva,Sobral,CE,Nordeste,P0016,Fone de Ouvido Profissional EDIFIER WH950NB,Áudio,3.0,899.0,0.0672,2025-05-13,2025-05-12
ORD04020,2025-05-05,Cliente_415,Dra. Ana Carolina da Rocha,Maringá,PR,Sul,P0014,Projetor EPSON Powerlite Wide Screen,TV e Projeção,2.0,2742.13,0.1374,2025-05-07,2025-05-07
ORD04021,2025-05-05,Cliente_446,Fernanda Silveira Gomes,Blumenau,SC,Sul,P0024,Memória Kingston Fury 16GB DDR5,Informática,1.0,389.9,0.1017,2025-05-11,2025-05-11
ORD04022,2025-05-05,Cliente_490,Manuela Freitas Mota,Pico,PI,Nordeste,P0012,"Soundbar Tomate MTS-2017, Bivolt",Áudio,2.0,769.9,0.0505,2025-05-10,2025-05-11
ORD04023,2025-05-05,Cliente_512,Kaique Mata,Camaçari,BA,Nordeste,P0020,Teclado Mecanico Fizz,Informática,2.0,174.9,0.0592,2025-05-11,2025-05-10
ORD04024,2025-05-05,Cliente_513,Bryan Pereira,Londrina,PR,Sul,P0026,Cabo USB-C Trançado 2m,Acessórios Mobile,1.0,34.9,0.0731,2025-05-08,2025-05-08
ORD04025,2025-05-05,Cliente_540,Murilo Ferreira Costa,Pelotas,RS,Sul,P0016,Fone de Ouvido Profissional EDIFIER WH950NB,Áudio,3.0,899.0,0.0271,2025-05-12,2025-05-12
ORD04026,2025-05-06,Cliente_007,Helena Souza,Feira de Santana,BA,Nordeste,P0004,Carregador Turbo Tipo-C 50w,Acessórios Mobile,4.0,53.9,0.0799,2025-05-10,2025-05-10
ORD04027,2025-05-06,Cliente_029,Dr. Pedro Henrique da Cruz,São Paulo,SP,Sudeste,P0021,SSD Crucial 1TB NVMe M.2,Informática,3.0,449.0,0.0296,2025-05-13,2025-05-10
ORD04028,2025-05-06,Cliente_036,Bryan Pires,Manacapuru,AM,Norte,P0020,Teclado Mecanico Fizz,Informática,1.0,174.9,0.003,2025-05-12,2025-05-12
ORD04029,2025-05-06,Cliente_045,Juan Mendes,Ji-Paraná,RO,Norte,P0005,"Fone de Ouvido Sem Fio TWS, PHILIPS",Áudio,2.0,124.91,0.0371,2025-05-13,2025-05-16
ORD04030,2025-05-06,Cliente_057,Sr. Antônio Ramos,Sena Madureira,AC,Norte,P0018,"Monitor UHD Samsung 32""",Informática,4.0,1626.57,0.1359,2025-05-09,2025-05-09
ORD04031,2025-05-06,Cliente_061,Dr. Emanuel Fogaça,Porto Nacional,TO,Norte,P0022,Smartphone Motorola Edge 50 Neo,Smartphones e Tablets,3.0,2299.9,0.1333,2025-05-12,2025-05-11
ORD04032,2025-05-06,Cliente_063,Bryan Nascimento,Juazeiro do Norte,CE,Nordeste,P0010,"Smart TV LED 32""Samsung LED Tizen TV",TV e Projeção,1.0,1079.0,0.1125,2025-05-12,2025-05-12
ORD04033,2025-05-06,Cliente_068,Stephany Moreira,Curitiba,PR,Sul,P0007,Película para iPhone 14Pro Anti impacto,Acessórios Mobile,3.0,51.8,0.1565,2025-05-10,2025-05-09
ORD04034,2025-05-06,Cliente_068,Stephany Moreira,Curitiba,PR,Sul,P0012,"Soundbar Tomate MTS-2017, Bivolt",Áudio,3.0,769.9,0.172,2025-05-10,2025-05-09
ORD04035,2025-05-06,Cliente_069,Levi da Rosa,Porto Nacional,TO,Norte,P0023,Tablet Lenovo Tab M11,Smartphones e Tablets,1.0,1399.9,0.0602,2025-05-14,2025-05-13
ORD04036,2025-05-06,Cliente_087,Dr. Pietro Silva,Pico,PI,Nordeste,P0008,Película de Vidro 3D Galaxy A30s,Acessórios Mobile,3.0,17.9,0.1986,2025-05-10,2025-05-10
ORD04037,2025-05-06,Cliente_092,Isaac Correia,Linhares,ES,Sudeste,P0008,Película de Vidro 3D Galaxy A30s,Acessórios Mobile,4.0,17.9,0.1663,2025-05-08,2025-05-07
ORD04038,2025-05-06,Cliente_107,Leandro Nunes,Maringá,PR,Sul,P0002,Samsung Galaxy Tab S6 Lite,Smartphones e Tablets,4.0,1799.01,0.065,2025-05-12,2025-05-12
ORD04039,,Cliente_109,Gustavo Henrique Cunha,Cantá,RR,Norte,P0018,"Monitor UHD Samsung 32""",Informática,1.0,1626.57,0.0534,2025-05-13,2025-05-12
ORD04040,2025-05-06,Cliente_117,Dra. Maysa Fogaça,Propriá,SE,Nordeste,P0022,Smartphone Motorola Edge 50 Neo,Smartphones e Tablets,2.0,2299.9,0.1821,2025-05-12,2025-05-11
ORD04041,2025-05-06,Cliente_121,Kamilly Pereira,Pelotas,RS,Sul,P0019,Mouse Redragon Wireless,Informática,1.0,165.99,0.099,2025-05-13,2025-05-12
ORD04042,2025-05-06,Cliente_134,Juan da Luz,Blumenau,SC,Sul,P0008,Película de Vidro 3D Galaxy A30s,Acessórios Mobile,4.0,,0.1015,2025-05-08,2025-05-07
ORD04043,2025-05-06,Cliente_148,Sr. Kaique da Mota,Feira de Santana,BA,Nordeste,P0019,Mouse Redragon Wireless,Informática,3.0,165.99,0.0117,2025-05-12,2025-05-12
ORD04044,2025-05-06,Cliente_150,Srta. Gabrielly Cardoso,Serra,ES,Sudeste,P0018,"Monitor UHD Samsung 32""",Informática,3.0,1626.57,0.0397,2025-05-14,2025-05-13
ORD04045,2025-05-06,Cliente_155,Clara Almeida,Ponta Grossa,PR,Sul,P0020,Teclado Mecanico Fizz,Informática,1.0,174.9,0.0374,2025-05-12,2025-05-11
ORD04046,2025-05-06,Cliente_171,Vitor Gabriel Fernandes,Ferreira Gomes,AP,Norte,P0010,"Smart TV LED 32""Samsung LED Tizen TV",TV e Projeção,1.0,1079.0,0.1152,2025-05-14,2025-05-17
ORD04047,2025-05-06,Cliente_193,Bryan Carvalho,Araguaína,TO,Norte,P0002,Samsung Galaxy Tab S6 Lite,Smartphones e Tablets,3.0,1799.01,0.1359,2025-05-13,2025-05-17
ORD04048,2025-05-06,Cliente_220,Larissa da Paz,Caucaia,CE,Nordeste,P0014,Projetor EPSON Powerlite Wide Screen,TV e Projeção,2.0,2742.13,0.1161,2025-05-11,2025-05-14
ORD04049,2025-05-06,Cliente_222,João Gabriel Nunes,Vitória,ES,Sudeste,P0025,Webcam Logitech Full HD,Informática,1.0,329.9,0.0665,2025-05-15,2025-05-19
ORD04050,2025-05-06,Cliente_230,Maria Nogueira,Bayeux,PB,Nordeste,P0001,Samsung Galaxy A36,Smartphones e Tablets,1.0,1979.1,0.1864,2025-05-13,2025-05-18
ORD04051,2025-05-06,Cliente_234,Leonardo Oliveira,Maringá,PR,Sul,P0012,"Soundbar Tomate MTS-2017, Bivolt",Áudio,4.0,769.9,0.0628,2025-05-10,2025-05-09
ORD04052,2025-05-06,Cliente_235,Yago Pires,Ponta Grossa,PR,Sul,P0015,Fone de Ouvido Profissional AKG K92,Áudio,4.0,428.99,0.1219,2025-05-10,2025-05-07
ORD04053,2025-05-06,Cliente_243,Laura da Cunha,Maringá,PR,Sul,P0012,"Soundbar Tomate MTS-2017, Bivolt",Áudio,3.0,769.9,0.1179,2025-05-10,2025-05-08
ORD04054,2025-05-06,Cliente_287,Nicole Moraes,Sena Madureira,AC,Norte,P0006,Fone de ouvido Sem Fio QCY T27,Áudio,4.0,129.86,0.0463,2025-05-11,2025-05-11
ORD04055,2025-05-06,Cliente_289,Noah Oliveira,Santana,AP,Norte,P0003,Carregador Turbo USB-C 30W,Acessórios Mobile,2.0,49.9,0.1041,2025-05-14,2025-05-12
ORD04056,2025-05-06,Cliente_312,Juan Araújo,Bacabal,MA,Nordeste,P0020,Teclado Mecanico Fizz,Informática,2.0,174.9,0.069,2025-05-12,2025-05-12
ORD04057,2025-05-06,Cliente_314,Nina Ramos,Laranjal do Jari,AP,Norte,P0021,SSD Crucial 1TB NVMe M.2,Informática,4.0,449.0,0.043,2025-05-13,2025-05-14
ORD04058,2025-05-06,Cliente_323,Dr. João Pedro Carvalho,Boa Vista,RR,Norte,P0008,Película de Vidro 3D Galaxy A30s,Acessórios Mobile,3.0,17.9,0.2611,2025-05-13,2025-05-11
ORD04059,2025-05-06,Cliente_330,Rebeca Farias,Cascavel,PR,Sul,P0010,"Smart TV LED 32""Samsung LED Tizen TV",TV e Projeção,,1079.0,0.0625,2025-05-13,2025-05-13
ORD04060,2025-05-06,Cliente_336,Ana Lívia Dias,Feira de Santana,BA,Nordeste,P0010,"Smart TV LED 32""Samsung LED Tizen TV",TV e Projeção,3.0,1079.0,0.0552,2025-05-08,2025-05-07
ORD04061,2025-05-06,Cliente_337!!,Benício Fernandes,Castanhal,PA,Norte,P0015,Fone de Ouvido Profissional AKG K92,Áudio,,428.99,0.1158,2025-05-11,2025-05-12
ORD04062,2025-05-06,Cliente-356,Matheus Ribeiro,Londrina,PR,Sul,P0001,Samsung Galaxy A36,Smartphones e Tablets,4.0,1979.1,0.199,2025-05-12,2025-05-11
ORD04063,2025-05-06,Cliente_361,Clara da Paz,Camaçari,BA,Nordeste,P0020,Teclado Mecanico Fizz,Informática,2.0,174.9,0.1349,2025-05-09,2025-05-09
ORD04064,2025-05-06,Cliente_363,Diego Costela,Ananindeua,PA,Norte,P0025,Webcam Logitech Full HD,Informática,4.0,329.9,0.1199,2025-05-14,2025-05-14
ORD04065,2025-05-06, Cliente_382 ,Bryan Ribeiro,Cachoeiro de Itapemirim,ES,Sudeste,P0012,"Soundbar Tomate MTS-2017, Bivolt",Áudio,4.0,769.9,0.0929,2025-05-09,2025-05-11
ORD04066,2025-05-06,Cliente_385,Helena Barros,Campinas,SP,Sudeste,P0014,Projetor EPSON Powerlite Wide Screen,TV e Projeção,1.0,2742.13,0.0846,2025-05-10,2025-05-09
ORD04067,2025-05-06,Cliente_394,Eduardo Oliveira,Ribeirão Preto,SP,Sudeste,P0005,"Fone de Ouvido Sem Fio TWS, PHILIPS",Áudio,2.0,124.91,0.1683,2025-05-08,2025-05-07
ORD04068,2025-05-06,Cliente_394,Eduardo Oliveira,Ribeirão Preto,SP,Sudeste,P0013,"Projetor Smart Epson EpiqVision, FULL HD",TV e Projeção,1.0,3049.99,0.081,2025-05-10,2025-05-09
ORD04069,2025-05-06,Cliente_406,Laís da Costa,Juiz de Fora,MG,Sudeste,P0025,Webcam Logitech Full HD,Informática,3.0,329.9,0.0833,2025-05-09,2025-05-09
ORD04070,2025-05-06,Cliente_407,Daniel da Luz,Londrina,PR,Sul,P0004,Carregador Turbo Tipo-C 50w,Acessórios Mobile,2.0,53.9,0.0695,2025-05-12,2025-05-12
ORD04071,2025-05-06,Cliente_408,Maria Julia Duarte,Marabá,PA,Norte,P0027,Caixa de Som Bluetooth JBL,Áudio,2.0,549.9,0.0559,2025-05-11,2025-05-11
ORD04072,2025-05-06,Cliente_409,Eloah Silva,Sobral,CE,Nordeste,P0019,Mouse Redragon Wireless,Informática,1.0,165.99,0.0766,2025-05-15,2025-05-20
ORD04073,2025-05-06,Cliente_414,Stephany Melo,Timon,MA,Nordeste,P0003,Carregador Turbo USB-C 30W,Acessórios Mobile,1.0,49.9,0.0402,2025-05-12,2025-05-10
ORD04074,2025-05-06,Cliente_428,Miguel Carvalho,Maringá,PR,Sul,P0004,Carregador Turbo Tipo-C 50w,Acessórios Mobile,4.0,53.9,0.0875,2025-05-12,2025-05-14
ORD04075,2025-05-06,Cliente_438,Sabrina Teixeira,Cachoeiro de Itapemirim,ES,Sudeste,P0018,"Monitor UHD Samsung 32""",Informática,2.0,1626.57,0.0328,2025-05-12,2025-05-14
ORD04076,2025-05-06,Cliente_481,Rafaela Mendes Freitas,Maringá,PR,Sul,P0014,Projetor EPSON Powerlite Wide Screen,TV e Projeção,1.0,2742.13,0.1188,2025-05-09,2025-05-09
ORD04077,2025-05-06,Cliente482,Vinicius Correia,Chapecó,SC,Sul,P0003,Carregador Turbo USB-C 30W,Acessórios Mobile,2.0,49.9,0.1095,2025-05-10,2025-05-10
ORD04078,2025-05-06,Cliente_483,Melissa Gomes,Blumenau,SC,Sul,P0012,"Soundbar Tomate MTS-2017, Bivolt",Áudio,2.0,,0.1165,2025-05-08,2025-05-11
ORD04079,2025-05-06,Cliente_532,Gustavo Farias,Tarauacá,AC,Norte,P0018,"Monitor UHD Samsung 32""",Informática,4.0,1626.57,0.0362,2025-05-09,2025-05-11
ORD04080,2025-05-06,Cliente_547,Igor Cavalcanti,Itajaí,SC,Sul,P0027,Caixa de Som Bluetooth JBL,Áudio,3.0,549.9,0.175,2025-05-09,2025-05-07
ORD04081,,Cliente_007,Helena Souza,Feira de Santana,BA,Nordeste,P0010,"Smart TV LED 32""Samsung LED Tizen TV",TV e Projeção,3.0,1079.0,0.1719,2025-05-13,2025-05-13
ORD04082,2025-05-07,Cliente_013,Luiza Silva,Natal,RN,Nordeste,P0026,Cabo USB-C Trançado 2m,Acessórios Mobile,1.0,34.9,0.1223,2025-05-10,2025-05-09
ORD04083,2025-05-07,Cliente_022,Lívia Gomes,Vitória,ES,Sudeste,P0026,Cabo USB-C Trançado 2m,Acessórios Mobile,4.0,34.9,0.1206,2025-05-12,2025-05-14
ORD04084,2025-05-07,Cliente_036,Bryan Pires,Manacapuru,AM,Norte,P0017,ACER Notebook Gamer Nitro,Informática,1.0,4604.0,0.0516,2025-05-11,2025-05-11
ORD04085,2025-05-07,Cliente_046,Dra. Emanuella Sales,Cruzeiro do Sul,AC,Norte,P0027,Caixa de Som Bluetooth JBL,Áudio,3.0,549.9,0.0766,2025-05-09,2025-05-11
ORD04086,2025-05-07,Cliente_070,Pietra Rezende,Laranjal do Jari,AP,Norte,P0011,"Soundbar Samsung com 2.1 canais, Dolby Digital",Áudio,3.0,1072.0,0.0537,2025-05-13,2025-05-14
ORD04087,2025-05-07,Cliente_071,Bárbara Correia,Mazagão,AP,Norte,P0022,Smartphone Motorola Edge 50 Neo,Smartphones e Tablets,4.0,2299.9,0.1367,2025-05-13,2025-05-16
ORD04088,2025-05-07,Cliente_110,Rafaela Carvalho,Betim,MG,Sudeste,P0007,Película para iPhone 14Pro Anti impacto,Acessórios Mobile,2.0,51.8,0.0717,2025-05-11,2025-05-10
ORD04089,2025-05-07,Cliente_121,Kamilly Pereira,Pelotas,RS,Sul,P0025,Webcam Logitech Full HD,Informática,,,0.1437,2025-05-10,2025-05-09
ORD04090,2025-05-07,Cliente_121,Kamilly Pereira,Pelotas,RS,Sul,P0027,Caixa de Som Bluetooth JBL,Áudio,2.0,549.9,0.0995,2025-05-12,2025-05-13
ORD04091,2025-05-07,Cliente_128,Kamilly Correia,Curitiba,PR,Sul,P0001,Samsung Galaxy A36,Smartphones e Tablets,3.0,1979.1,0.1329,2025-05-10,2025-05-10
ORD04092,2025-05-07,cliente#131,Yuri Silveira,Santa Maria,RS,Sul,P0004,Carregador Turbo Tipo-C 50w,Acessórios Mobile,2.0,53.9,0.1373,2025-05-10,2025-05-15
ORD04093,2025-05-07,Cliente_149,Manuela Santos,Caxias do Sul,RS,Sul,P0018,"Monitor UHD Samsung 32""",Informática,2.0,1626.57,0.034,2025-05-10,2025-05-11
ORD04094,2025-05-07,Cliente_165,Maria Fernanda Teixeira,Duque de Caxias,RJ,Sudeste,P0006,Fone de ouvido Sem Fio QCY T27,Áudio,3.0,129.86,0.0812,2025-05-10,2025-05-10
ORD04095,2025-05-07,Cliente_176,Vinicius Ribeiro,São Bernardo do Campo,SP,Sudeste,P0014,Projetor EPSON Powerlite Wide Screen,TV e Projeção,2.0,2742.13,0.1478,2025-05-13,2025-05-13
ORD04096,2025-05-07,Cliente_189,Cauã Almeida,Patos,PB,Nordeste,P0006,Fone de ouvido Sem Fio QCY T27,Áudio,1.0,129.86,0.0302,2025-05-10,2025-05-13
ORD04097,2025-05-07,Cliente_199,João Guilherme Fogaça,Ananindeua,PA,Norte,P0018,"Monitor UHD Samsung 32""",Informática,2.0,1626.57,0.0884,2025-05-16,2025-05-20
ORD04098,2025-05-07,Cliente_208,Vitor Araújo,Betim,MG,Sudeste,P0006,Fone de ouvido Sem Fio QCY T27,Áudio,3.0,,0.1227,2025-05-13,2025-05-14
ORD04099,2025-05-07,Cliente_209,Eduarda Nunes,Recife,PE,Nordeste,P0009,Smart TV 32” Philco LED Roku TV,TV e Projeção,4.0,949.0,0.0963,2025-05-13,2025-05-10
ORD04100,2025-05-07,Cliente_217,Otávio Sales,Porto Nacional,TO,Norte,P0008,Película de Vidro 3D Galaxy A30s,Acessórios Mobile,2.0,17.9,0.0278,2025-05-11,2025-05-09
ORD04101,2025-05-07,Cliente_234,Leonardo Oliveira,Maringá,PR,Sul,P0015,Fone de Ouvido Profissional AKG K92,Áudio,4.0,428.99,0.146,2025-05-09,2025-05-09
ORD04102,2025-05-07,Cliente_274,Sra. Emanuelly da Costa,Porto Nacional,TO,Norte,P0010,"Smart TV LED 32""Samsung LED Tizen TV",TV e Projeção,1.0,1079.0,0.0533,2025-05-12,2025-05-12
ORD04103,2025-05-07,Cliente_275,Marina Caldeira,Porto Alegre,RS,Sul,P0012,"Soundbar Tomate MTS-2017, Bivolt",Áudio,2.0,769.9,0.0582,2025-05-15,2025-05-15
ORD04104,2025-05-07,Cliente_285,Maria Vitória Jesus,Vitória da Conquista,BA,Nordeste,P0015,Fone de Ouvido Profissional AKG K92,Áudio,4.0,428.99,0.1588,2025-05-13,2025-05-12
ORD04105,2025-05-07,Cliente_294,Larissa Teixeira,Ferreira Gomes,AP,Norte,P0007,Película para iPhone 14Pro Anti impacto,Acessórios Mobile,3.0,51.8,0.0864,2025-05-12,2025-05-09
ORD04106,2025-05-07,Cliente_312,Juan Araújo,Bacabal,MA,Nordeste,P0021,SSD Crucial 1TB NVMe M.2,Informática,4.0,449.0,0.046,2025-05-14,2025-05-14
ORD04107,2025-05-07,Cliente_326,Emanuella Porto,Ferreira Gomes,AP,Norte,P0011,"Soundbar Samsung com 2.1 canais, Dolby Digital",Áudio,1.0,1072.0,0.0742,2025-05-12,2025-05-09
ORD04108,2025-05-07,Cliente_340,Bruno Cardoso,Gravataí,RS,Sul,P0007,Película para iPhone 14Pro Anti impacto,Acessórios Mobile,3.0,51.8,0.0681,2025-05-14,2025-05-16
ORD04109,2025-05-07,Cliente_340,Bruno Cardoso,Gravataí,RS,Sul,P0014,Projetor EPSON Powerlite Wide Screen,TV e Projeção,1.0,2742.13,0.0238,2025-05-13,2025-05-15
ORD04110,2025-05-07,Cliente_341,Alana Cardoso,Timon,MA,Nordeste,P0016,Fone de Ouvido Profissional EDIFIER WH950NB,Áudio,2.0,899.0,0.0467,2025-05-12,2025-05-10
ORD04111,2025-05-07,Cliente_357,Amanda Araújo,Araguaína,TO,Norte,P0006,Fone de ouvido Sem Fio QCY T27,Áudio,2.0,129.86,0.1213,2025-05-13,2025-05-12
ORD04112,2025-05-07,Cliente_361,Clara da Paz,Camaçari,BA,Nordeste,P0010,"Smart TV LED 32""Samsung LED Tizen TV",TV e Projeção,3.0,1079.0,0.1429,2025-05-13,2025-05-12
ORD04113,2025-05-07,Cliente_369,Nicolas Pires,Contagem,MG,Sudeste,P0010,"Smart TV LED 32""Samsung LED Tizen TV",TV e Projeção,4.0,1079.0,0.0088,2025-05-13,2025-05-13
ORD04114,2025-05-07,Cliente_381,Fernanda Rocha,Ribeirão Preto,SP,Sudeste,P0003,Carregador Turbo USB-C 30W,Acessórios Mobile,,49.9,0.1131,2025-05-09,2025-05-08
ORD04115,2025-05-07,Cliente_392,Luiz Felipe Carvalho,Ponta Grossa,PR,Sul,P0018,"Monitor UHD Samsung 32""",Informática,2.0,1626.57,0.0936,2025-05-11,2025-05-13
ORD04116,2025-05-07,Cliente_394,Eduardo Oliveira,Ribeirão Preto,SP,Sudeste,P0004,Carregador Turbo Tipo-C 50w,Acessórios Mobile,4.0,53.9,0.0381,2025-05-10,2025-05-09
ORD04117,2025-05-07,Cliente_394,Eduardo Oliveira,Ribeirão Preto,SP,Sudeste,P0019,Mouse Redragon Wireless,Informática,2.0,165.99,0.0922,2025-05-09,2025-05-08
ORD04118,2025-05-07,Cliente_399,Laís da Luz,Mossoró,RN,Nordeste,P0005,"Fone de Ouvido Sem Fio TWS, PHILIPS",Áudio,,124.91,0.0623,2025-05-11,2025-05-11
ORD04119,2025-05-07,Cliente_406,Laís da Costa,Juiz de Fora,MG,Sudeste,P0007,Película para iPhone 14Pro Anti impacto,Acessórios Mobile,4.0,51.8,0.1405,2025-05-14,2025-05-17
ORD04120,2025-05-07,Cliente_406,Laís da Costa,Juiz de Fora,MG,Sudeste,P0020,Teclado Mecanico Fizz,Informática,4.0,174.9,0.0251,2025-05-11,2025-05-10
ORD04121,2025-05-07,Cliente_409,Eloah Silva,Sobral,CE,Nordeste,P0025,Webcam Logitech Full HD,Informática,2.0,329.9,0.0899,2025-05-14,2025-05-13
ORD04122,2025-05-07,Cliente_482,Vinicius Correia,Chapecó,SC,Sul,P0008,Película de Vidro 3D Galaxy A30s,Acessórios Mobile,2.0,17.9,0.2155,2025-05-11,2025-05-13
ORD04123,2025-05-07,Cliente_506,Juliana Barbosa,Bacabal,MA,Nordeste,P0011,"Soundbar Samsung com 2.1 canais, Dolby Digital",Áudio,3.0,1072.0,0.0492,2025-05-12,2025-05-16
ORD04124,2025-05-07,Cliente-547,Igor Cavalcanti,Itajaí,SC,Sul,P0012,"Soundbar Tomate MTS-2017, Bivolt",Áudio,3.0,769.9,0.0845,2025-05-10,2025-05-08
ORD04125,2025-05-08,Cliente_008,Thales Pereira,Cascavel,PR,Sul,P0007,Película para iPhone 14Pro Anti impacto,Acessórios Mobile,1.0,51.8,0.086,2025-05-14,2025-05-14
ORD04126,2025-05-08,Cliente_011,Julia Ribeiro,Santa Maria,RS,Sul,P0006,Fone de ouvido Sem Fio QCY T27,Áudio ,1.0,129.86,0.0428,2025-05-10,2025-05-10
ORD04127,2025-05-08,Cliente_014,Pedro Lucas Melo,Brasiléia,AC,Norte,P0015,Fone de Ouvido Profissional AKG K92,Áudio,3.0,428.99,0.1146,2025-05-17,2025-05-20
ORD04128,2025-05-08,Cliente_025,Matheus Novaes,Joinville,SC,Sul,P0015,Fone de Ouvido Profissional AKG K92, Áudio,1.0,428.99,0.1599,2025-05-11,2025-05-12
ORD04129,2025-05-08,Cliente_041,Miguel Nascimento,Ribeirão Preto,SP,Sudeste,P0007,Película para iPhone 14Pro Anti impacto,Acessórios Mobile,3.0,51.8,0.0339,2025-05-10,2025-05-09
ORD04130,2025-05-08,Cliente-068,Stephany Moreira,Curitiba,PR,Sul,P0001,Samsung Galaxy A36,Smartphones e Tablets,3.0,1979.1,0.1289,2025-05-12,2025-05-12
ORD04131,2025-05-08,Cliente_069,Levi da Rosa,Porto Nacional,TO,Norte,P0002,Samsung Galaxy Tab S6 Lite,Smartphones e Tablets,3.0,1799.01,0.0925,2025-05-13,2025-05-11
ORD04132,2025-05-08,Cliente_088,Bernardo Pereira,Olinda,PE,Nordeste,P0005,"Fone de Ouvido Sem Fio TWS, PHILIPS",Áudio,2.0,124.91,0.1378,2025-05-11,2025-05-11
ORD04133,2025-05-08,cliente_088 ,Bernardo Pereira,Olinda,PE,Nordeste,P0018,"Monitor UHD Samsung 32""",Informática,2.0,1626.57,0.0487,2025-05-12,2025-05-11
ORD04134,2025-05-08,Cliente-129,Pietra Gonçalves,Duque de Caxias,RJ,Sudeste,P0003,Carregador Turbo USB-C 30W,Acessórios Mobile,4.0,49.9,0.0575,2025-05-14,2025-05-15
ORD04135,2025-05-08,Cliente_132,Pedro Miguel Rodrigues,São Bernardo do Campo,SP,Sudeste,P0008,Película de Vidro 3D Galaxy A30s,Acessórios Mobile,3.0,17.9,0.1364,2025-05-10,2025-05-12
ORD04136,2025-05-08,Cliente_145,Manuela Lopes,Londrina,PR,Sul,P0015,Fone de Ouvido Profissional AKG K92,Áudio,3.0,428.99,0.0273,2025-05-10,2025-05-11
ORD04137,2025-05-08,cliente_154,Juan Duarte,São Paulo,SP,Sudeste,P0004,Carregador Turbo Tipo-C 50w,Acessórios Mobile,4.0,53.9,0.1588,2025-05-12,2025-05-12
ORD04138,2025-05-08,Cliente_176,Vinicius Ribeiro,São Bernardo do Campo,SP,Sudeste,P0015,Fone de Ouvido Profissional AKG K92,Áudio,3.0,428.99,0.1002,2025-05-16,2025-05-16
ORD04139,2025-05-08,Cliente_181,Davi Luiz da Conceição,Floriano,PI,Nordeste,P0010,"Smart TV LED 32""Samsung LED Tizen TV",TV e Projeção,3.0,1079.0,0.0231,2025-05-15,2025-05-13
ORD04140,2025-05-08,Cliente_194,Pedro Gomes,Pelotas,RS,Sul,P0002,Samsung Galaxy Tab S6 Lite,Smartphones e Tablets,2.0,1799.01,0.0597,2025-05-12,2025-05-15
ORD04141,2025-05-08,Cliente_205,Kevin Souza,Santa Rita,PB,Nordeste,P0007,Película para iPhone 14Pro Anti impacto,Acessórios Mobile,,51.8,0.052,2025-05-12,2025-05-13
ORD04142,2025-05-08,Cliente_205,Kevin Souza,Santa Rita,PB,Nordeste,P0011,"Soundbar Samsung com 2.1 canais, Dolby Digital",Áudio,3.0,,0.1165,2025-05-13,2025-05-13
ORD04143,2025-05-08,Cliente_209,Eduarda Nunes,Recife,PE,Nordeste,P0017,ACER Notebook Gamer Nitro,Informática,2.0,4604.0,0.0823,2025-05-16,2025-05-16
ORD04144,2025-05-08,Cliente_219,Natália da Luz,Cascavel,PR,Sul,P0003,Carregador Turbo USB-C 30W,Acessórios Mobile,1.0,49.9,0.032,2025-05-11,2025-05-11
ORD04145,2025-05-08,Cliente_230,Maria Nogueira,Bayeux,PB,Nordeste,P0025,Webcam Logitech Full HD,Informática,1.0,329.9,0.142,2025-05-16,2025-05-13
ORD04146,2025-05-08,Cliente_285,Maria Vitória Jesus,Vitória da Conquista,BA,Nordeste,P0017,ACER Notebook Gamer Nitro,Informática,3.0,4604.0,0.0844,2025-05-14,2025-05-13
ORD04147,2025-05-08,Cliente_343,Bruno Silva,Porto Nacional,TO,Norte,P0011,"Soundbar Samsung com 2.1 canais, Dolby Digital",Áudio,1.0,1072.0,0.0537,2025-05-14,2025-05-14
ORD04148,2025-05-08,Cliente_350,Vicente Souza,Caicó,RN,Nordeste,P0021,SSD Crucial 1TB NVMe M.2,Informática,2.0,449.0,0.0711,2025-05-16,2025-05-23
ORD04149,2025-05-08,Cliente_355,Srta. Marina Rocha,Caucaia,CE,Nordeste,P0002,Samsung Galaxy Tab S6 Lite,Smartphones e Tablets,3.0,1799.01,0.1178,2025-05-14,2025-05-12
ORD04150,2025-05-08,Cliente_363,Diego Costela,Ananindeua,PA,Norte,P0024,Memória Kingston Fury 16GB DDR5,Informática,4.0,,0.0837,2025-05-12,2025-05-11
ORD04151,2025-05-08,Cliente_376,Eduarda Melo,Serra,ES,Sudeste,P0005,"Fone de Ouvido Sem Fio TWS, PHILIPS",Áudio,3.0,,0.1934,2025-05-14,2025-05-13
ORD04152,2025-05-08,cliente_384,Brenda Monteiro,Santana,AP,Norte,P0011,"Soundbar Samsung com 2.1 canais, Dolby Digital",Áudio,4.0,1072.0,0.0774,2025-05-12,2025-05-11
ORD04153,2025-05-08,Cliente_384,Brenda Monteiro,Santana,AP,Norte,P0014,Projetor EPSON Powerlite Wide Screen,TV e Projeção,,2742.13,0.1409,2025-05-16,2025-05-15
ORD04154,2025-05-08,Cliente_395,Luiz Henrique Castro,Betim,MG,Sudeste,P0010,"Smart TV LED 32""Samsung LED Tizen TV",TV e Projeção,3.0,1079.0,0.0459,2025-05-15,2025-05-15
ORD04155,2025-05-08,Cliente_409,Eloah Silva,Sobral,CE,Nordeste,P0025,Webcam Logitech Full HD,Informática,3.0,329.9,0.1074,2025-05-14,2025-05-19
ORD04156,2025-05-08,Cliente_503,Noah Pires,Contagem,MG,Sudeste,P0010,"Smart TV LED 32""Samsung LED Tizen TV",TV e Projeção,3.0,1079.0,0.1315,2025-05-14,2025-05-12
ORD04157,2025-05-08,Cliente_517,Letícia Cunha,Parnamirim,RN,Nordeste,P0008,Película de Vidro 3D Galaxy A30s,Acessórios Mobile,4.0,17.9,0.2243,2025-05-16,2025-05-15
ORD04158,2025-05-08,Cliente_540,Murilo Ferreira Costa,Pelotas,RS,Sul,P0016,Fone de Ouvido Profissional EDIFIER WH950NB,Áudio,1.0,899.0,0.0301,2025-05-11,2025-05-10
ORD04159,2025-05-09,Cliente_002,Fernanda Lima,Vila Velha,ES,Sudeste,P0004,Carregador Turbo Tipo-C 50w,Acessórios Mobile,4.0,53.9,0.1231,2025-05-13,2025-05-15
ORD04160,2025-05-09,Cliente_008,Thales Pereira,Cascavel,PR,Sul,P0016,Fone de Ouvido Profissional EDIFIER WH950NB,Áudio,4.0,899.0,0.1386,2025-05-14,2025-05-14
ORD04161,2025-05-09,Cliente_008,Thales Pereira,Cascavel,PR,Sul,P0021,SSD Crucial 1TB NVMe M.2 ,Informática,3.0,449.0,0.0382,2025-05-12,2025-05-12
ORD04162,2025-05-09,Cliente_058,Sr. Nathan Peixoto,Itacoatiara,AM,Norte,P0020,Teclado Mecanico Fizz,Informática,2.0,174.9,0.09,2025-05-13,2025-05-17
ORD04163,2025-05-09,Cliente_066,Antônio Moraes,Cascavel,PR,Sul,P0020,Teclado Mecanico Fizz,Informática,1.0,174.9,0.1916,2025-05-13,2025-05-11
ORD04164,2025-05-09,Cliente_104,Clarice Rezende,Blumenau,SC,Sul,P0004,Carregador Turbo Tipo-C 50w,Acessórios Mobile,4.0,53.9,0.1101,2025-05-11,2025-05-11
ORD04165,2025-05-09,Cliente_124,Srta. Ana Júlia Pereira,Santo André,SP,Sudeste,P0004,Carregador Turbo Tipo-C 50w,Acessórios Mobile,4.0,53.9,0.0656,2025-05-14,2025-05-23
ORD04166,2025-05-09,Cliente-165,Maria Fernanda Teixeira,Duque de Caxias,RJ,Sudeste,P0008,Película de Vidro 3D Galaxy A30s,Acessórios Mobile,2.0,17.9,0.1894,2025-05-14,2025-05-14
ORD04167,2025-05-09,Cliente_194,Pedro Gomes,Pelotas,RS,Sul,P0025,Webcam Logitech Full HD,Informática,1.0,329.9,0.076,2025-05-13,2025-05-12
ORD04168,2025-05-09,Cliente_196,Fernando Costa,Vila Velha,ES,Sudeste,P0012,"Soundbar Tomate MTS-2017, Bivolt",Áudio,1.0,769.9,0.0451,2025-05-16,2025-05-15
ORD04169,2025-05-09,Cliente_199,João Guilherme Fogaça,Ananindeua,PA,Norte,P0012,"Soundbar Tomate MTS-2017, Bivolt",Áudio,4.0,769.9,0.0742,2025-05-16,2025-05-16
ORD04170,2025-05-09,Cliente_205,Kevin Souza,Santa Rita,PB,Nordeste,P0004,Carregador Turbo Tipo-C 50w,Acessórios Mobile,4.0,53.9,0.1281,2025-05-15,2025-05-14
ORD04171,2025-05-09,Cliente_209,Eduarda Nunes,Recife,PE,Nordeste,P0008,Película de Vidro 3D Galaxy A30s,Acessórios Mobile,3.0,17.9,0.1503,2025-05-16,2025-05-17
ORD04172,2025-05-09,Cliente_218,Isabel Pereira,Vila Velha,ES,Sudeste,P0001,Samsung Galaxy A36,Smartphones e Tablets,3.0,1979.1,0.0539,2025-05-17,2025-05-21
ORD04173,2025-05-09,Cliente_218,Isabel Pereira,Vila Velha,ES,Sudeste,P0013,"Projetor Smart Epson EpiqVision, FULL HD",TV e Projeção,2.0,3049.99,0.0859,2025-05-15,2025-05-14
ORD04174,2025-05-09,Cliente_220,Larissa da Paz,Caucaia,CE,Nordeste,P0013,"Projetor Smart Epson EpiqVision, FULL HD",TV e Projeção ,3.0,3049.99,0.0152,2025-05-17,2025-05-19
ORD04175,2025-05-09,Cliente_237,Bryan Moreira,Serra,ES,Sudeste,P0007,Película para iPhone 14Pro Anti impacto,Acessórios Mobile,1.0,51.8,0.0331,2025-05-15,2025-05-14
ORD04176,2025-05-09,Cliente_247,João Moraes,Campinas,SP,Sudeste,P0006,Fone de ouvido Sem Fio QCY T27,Áudio,3.0,129.86,0.1104,2025-05-12,2025-05-12
ORD04177,2025-05-09,Cliente_251,Dr. João Felipe Sales,Ribeirão Preto,SP,Sudeste,P0006,Fone de ouvido Sem Fio QCY T27,Áudio,1.0,129.86,0.0314,2025-05-13,2025-05-12
ORD04178,2025-05-09,Cliente_263,Sr. Cauã Carvalho,Uberlândia,MG,Sudeste,P0018,"Monitor UHD Samsung 32""",Informática,2.0,1626.57,0.0582,2025-05-16,2025-05-14
ORD04179,2025-05-09,Cliente_268,Pietra Pires,Parnamirim,RN,Nordeste,P0002,Samsung Galaxy Tab S6 Lite,Smartphones e Tablets,1.0,1799.01,0.0752,2025-05-17,2025-05-15
ORD04180,2025-05-09,Cliente_272!!,Julia Freitas,Salvador,BA,Nordeste,P0004,Carregador Turbo Tipo-C 50w,Acessórios Mobile,2.0,53.9,0.0582,2025-05-15,2025-05-16
ORD04181,2025-05-09,Cliente_272,Julia Freitas,Salvador,BA,Nordeste,P0016,Fone de Ouvido Profissional EDIFIER WH950NB,Áudio,1.0,899.0,0.0245,2025-05-14,2025-05-14
ORD04182,2025-05-09,Cliente_308,Enzo Gabriel Costa,Londrina,PR,Sul,P0012,"Soundbar Tomate MTS-2017, Bivolt",Áudio,2.0,769.9,0.0844,2025-05-14,2025-05-16
ORD04183,2025-05-09,Cliente_314,Nina Ramos,Laranjal do Jari,AP,Norte,P0017,ACER Notebook Gamer Nitro,Informática,1.0,4604.0,0.125,2025-05-16,2025-05-15
ORD04184,2025-05-09,Cliente_315,Calebe Gonçalves,Currais Novos,RN,Nordeste,P0016,Fone de Ouvido Profissional EDIFIER WH950NB,Áudio,2.0,899.0,0.0867,2025-05-14,2025-05-12
ORD04185,2025-05-09,Cliente_330,Rebeca Farias,Cascavel,PR,Sul,P0020,Teclado Mecanico Fizz,Informática,1.0,174.9,0.103,2025-05-16,2025-05-13
ORD04186,2025-05-09,Cliente_333,Isaac Lopes,Londrina,PR,Sul,P0001,Samsung Galaxy A36,Smartphones e Tablets,2.0,,0.1373,2025-05-14,2025-05-11
ORD04187,2025-05-09,Cliente_334,Dr. Rafael Castro,Caicó,RN,Nordeste,P0007,Película para iPhone 14Pro Anti impacto,Acessórios Mobile,3.0,,0.0101,2025-05-18,2025-05-17
ORD04188,2025-05-09,Cliente_364,Evelyn Azevedo,Fortaleza,CE,Nordeste,P0012,"Soundbar Tomate MTS-2017, Bivolt",Áudio,3.0,769.9,0.0834,2025-05-14,2025-05-14
ORD04189,2025-05-09,Cliente_383,Antônio Melo,Currais Novos,RN,Nordeste,P0021,SSD Crucial 1TB NVMe M.2,Informática,1.0,449.0,0.1412,2025-05-13,2025-05-11
ORD04190,2025-05-09,Cliente_401,Luna Almeida,Juiz de Fora,MG,Sudeste,P0021,SSD Crucial 1TB NVMe M.2,Informática,4.0,449.0,0.0823,2025-05-15,2025-05-15
ORD04191,2025-05-09,Cliente_408,Maria Julia Duarte,Marabá,PA,Norte,P0018,"Monitor UHD Samsung 32""",Informática,1.0,1626.57,0.007,2025-05-18,2025-05-18
ORD04192,2025-05-09,Cliente_414,Stephany Melo,Timon,MA,Nordeste,P0008, Película de Vidro 3D Galaxy A30s,Acessórios Mobile,2.0,17.9,0.1389,2025-05-15,2025-05-15
ORD04193,2025-05-09,Cliente_428,Miguel Carvalho,Maringá,PR,Sul,P0024,Memória Kingston Fury 16GB DDR5,Informática,4.0,389.9,0.2357,2025-05-14,2025-05-12
ORD04194,2025-05-09,Cliente_458,Gabriela Fernandes,Juiz de Fora,MG,Sudeste,P0016,Fone de Ouvido Profissional EDIFIER WH950NB,Áudio,3.0,899.0,0.0266,2025-05-15,2025-05-14
ORD04195,2025-05-09,Cliente_520,Isabella Fernandes,Santo André,SP,Sudeste,P0020,Teclado Mecanico Fizz,Informática,4.0,174.9,0.135,2025-05-12,2025-05-12
ORD04196,2025-05-10,Cliente_006,Miguel Cardoso,Juazeiro,BA,Nordeste,P0027,Caixa de Som Bluetooth JBL,Áudio,1.0,549.9,0.0791,2025-05-16,2025-05-16
ORD04197,2025-05-10,Cliente_027,Davi Lucas Gomes,Ribeirão Preto,SP,Sudeste,P0004,Carregador Turbo Tipo-C 50w,Acessórios Mobile,3.0,53.9,0.0867,2025-05-13,2025-05-13
ORD04198,2025-05-10,Cliente_041,Miguel Nascimento,Ribeirão Preto,SP,Sudeste,P0013,"Projetor Smart Epson EpiqVision, FULL HD",TV e Projeção,3.0,3049.99,0.0284,2025-05-12,2025-05-12
ORD04199,2025-05-10,Cliente_052,Ana Beatriz Freitas,Ponta Grossa,PR,Sul,P0015,Fone de Ouvido Profissional AKG K92,Áudio,4.0,428.99,0.0528,2025-05-14,2025-05-13
ORD04200,2025-05-10,Cliente_056,Joana Rodrigues,Sobral,CE,Nordeste,P0004,Carregador Turbo Tipo-C 50w,Acessórios Mobile,,53.9,0.0659,2025-05-16,2025-05-16
ORD04201,2025-05-10,Cliente_075,Rafaela Peixoto,Ribeirão Preto,SP,Sudeste,P0003,Carregador Turbo USB-C 30W,Acessórios Mobile,4.0,49.9,0.1173,2025-05-15,2025-05-17
ORD04202,2025-05-10,Cliente_082,Felipe Gomes,Caicó,RN,Nordeste,P0007,Película para iPhone 14Pro Anti impacto,Acessórios Mobile,3.0,51.8,0.1126,2025-05-13,2025-05-11
ORD04203,,Cliente_087,Dr. Pietro Silva,Pico,PI,Nordeste,P0004,Carregador Turbo Tipo-C 50w,Acessórios Mobile,1.0,53.9,0.0372,2025-05-18,2025-05-15
ORD04204,2025-05-10,Cliente_089,André Souza,Ponta Grossa,PR,Sul,P0010,"Smart TV LED 32""Samsung LED Tizen TV",TV e Projeção,2.0,1079.0,0.1377,2025-05-17,2025-05-15
ORD04205,2025-05-10,Cliente_101,Francisco Barbosa,Pelotas,RS,Sul,P0004,Carregador Turbo Tipo-C 50w,Acessórios Mobile,2.0,53.9,0.0024,2025-05-13,2025-05-14
ORD04206,2025-05-10,Cliente_112,Maria Luiza das Neves,Linhares,ES,Sudeste,P0016,Fone de Ouvido Profissional EDIFIER WH950NB,Áudio,3.0,899.0,0.0336,2025-05-13,2025-05-23
ORD04207,2025-05-10,Cliente_137,Dra. Julia Castro,Rio de Janeiro,RJ,Sudeste,P0018,"Monitor UHD Samsung 32""",Informática,1.0,1626.57,0.1343,2025-05-12,2025-05-11
ORD04208,2025-05-10,Cliente_142,João Lucas da Mata,Blumenau,SC,Sul,P0016,Fone de Ouvido Profissional EDIFIER WH950NB,Áudio,1.0,899.0,0.0411,2025-05-15,2025-05-13
ORD04209,2025-05-10,Cliente_150,Srta. Gabrielly Cardoso,Serra,ES,Sudeste,P0014,Projetor EPSON Powerlite Wide Screen,TV e Projeção,1.0,2742.13,0.0674,2025-05-14,2025-05-14
ORD04210,2025-05-10,Cliente_156,Lívia da Rocha,Cacoal,RO,Norte,P0008,Película de Vidro 3D Galaxy A30s,Acessórios Mobile,3.0,17.9,0.0467,2025-05-15,2025-05-15
ORD04211,,Cliente_159,Dr. Igor Correia,Santa Rita,PB,Nordeste,P0004,Carregador Turbo Tipo-C 50w,Acessórios Mobile,4.0,53.9,0.0726,2025-05-16,2025-05-15
ORD04212,2025-05-10,Cliente_179,Ana Vitória da Rocha,São Paulo,SP,Sudeste,P0011,"Soundbar Samsung com 2.1 canais, Dolby Digital",Áudio,1.0,1072.0,0.0251,2025-05-12,2025-05-11
ORD04213,2025-05-10,Cliente_195,Maria Luiza da Conceição,Belém,PA,Norte,P0011,"Soundbar Samsung com 2.1 canais, Dolby Digital",Áudio,3.0,1072.0,0.0545,2025-05-18,2025-05-18
ORD04214,2025-05-10,Cliente_197,Sofia Barbosa,Ponta Grossa,PR,Sul,P0002,Samsung Galaxy Tab S6 Lite,Smartphones e Tablets,2.0,1799.01,0.0307,2025-05-13,2025-05-12
ORD04215,2025-05-10,Cliente_206!!,João Miguel Azevedo,Estância,SE,Nordeste,P0012,"Soundbar Tomate MTS-2017, Bivolt",Áudio,4.0,769.9,0.0811,2025-05-15,2025-05-15
ORD04216,2025-05-10,Cliente_208,Vitor Araújo,Betim,MG,Sudeste,P0027,Caixa de Som Bluetooth JBL,Áudio,2.0,549.9,0.1633,2025-05-14,2025-05-13
ORD04217,2025-05-10,Cliente_209,Eduarda Nunes,Recife,PE,Nordeste,P0004,Carregador Turbo Tipo-C 50w,Acessórios Mobile,2.0,53.9,0.039,2025-05-17,2025-05-17
ORD04218,2025-05-10,Cliente_215,Olivia Souza,Camaçari,BA,Nordeste,P0004,Carregador Turbo Tipo-C 50w,Acessórios Mobile,4.0,53.9,0.1846,2025-05-17,2025-05-16
ORD04219,2025-05-10,Cliente_216,Yasmin Costela,Pelotas,RS,Sul,P0008,Película de Vidro 3D Galaxy A30s,Acessórios Mobile,1.0,17.9,0.1256,2025-05-13,2025-05-13
ORD04220,2025-05-10,Cliente_234,Leonardo Oliveira,Maringá,PR,Sul,P0013,"Projetor Smart Epson EpiqVision, FULL HD",TV e Projeção,2.0,,0.1031,2025-05-15,2025-05-14
ORD04221,2025-05-10,Cliente_257,Dr. Matheus Castro,Camaçari,BA,Nordeste,P0012,"Soundbar Tomate MTS-2017, Bivolt",Áudio,1.0,769.9,0.075,2025-05-14,2025-05-13
ORD04222,2025-05-10,Cliente_261,Maria Sophia Caldeira,Pico,PI,Nordeste,P0027,Caixa de Som Bluetooth JBL,Áudio,1.0,549.9,0.1153,2025-05-14,2025-05-17
ORD04223,2025-05-10,Cliente_309,Dra. Ana Laura Pires,Itajaí,SC,Sul,P0010,"Smart TV LED 32""Samsung LED Tizen TV",TV e Projeção,3.0,1079.0,0.2205,2025-05-15,2025-05-15
ORD04224,2025-05-10,Cliente_323,Dr. João Pedro Carvalho,Boa Vista,RR,Norte,P0012," Soundbar Tomate MTS-2017, Bivolt",Áudio,3.0,769.9,0.0952,2025-05-15,2025-05-15
ORD04225,2025-05-10,Cliente_338,Dra. Lavínia da Rosa,Curitiba,PR,Sul,P0003,Carregador Turbo USB-C 30W,Acessórios Mobile,4.0,49.9,0.0276,2025-05-15,2025-05-14
ORD04226,2025-05-10,Cliente_340,Bruno Cardoso,Gravataí,RS,Sul,P0018,"Monitor UHD Samsung 32""",Informática,2.0,1626.57,0.0731,2025-05-14,2025-05-13
ORD04227,2025-05-10,Cliente_355,Srta. Marina Rocha,Caucaia,CE,Nordeste,P0012,"Soundbar Tomate MTS-2017, Bivolt",Áudio,3.0,769.9,0.0578,2025-05-15,2025-05-12
ORD04228,2025-05-10,Cliente_408,Maria Julia Duarte,Marabá,PA,Norte,P0019,Mouse Redragon Wireless,Informática,3.0,165.99,0.0901,2025-05-16,2025-05-18
ORD04229,2025-05-10,Cliente_484,Rafael Novaes Nogueira,Santa Maria,RS,Sul,P0018,"Monitor UHD Samsung 32""",Informática,1.0,1626.57,0.049,2025-05-16,2025-05-14
ORD04230,2025-05-10,Cliente_513,Bryan Pereira,Londrina,PR,Sul,P0012,"Soundbar Tomate MTS-2017, Bivolt",Áudio,3.0,769.9,0.0534,2025-05-15,2025-05-18
ORD04231,2025-05-10,Cliente_515,Thiago Nunes Lima,Vila Velha,ES,Sudeste,P0017,ACER Notebook Gamer Nitro,Informática,1.0,4604.0,0.0784,2025-05-15,2025-05-15
ORD04232,2025-05-11,Cliente_010,Cauã da Rosa,Sobral,CE,Nordeste,P0002,Samsung Galaxy Tab S6 Lite,Smartphones e Tablets,2.0,1799.01,0.0346,2025-05-15,2025-05-14
ORD04233,2025-05-11,Cliente_011,Julia Ribeiro,Santa Maria,RS,Sul,P0015,Fone de Ouvido Profissional AKG K92,Áudio,3.0,428.99,0.0661,2025-05-15,2025-05-16
ORD04234,2025-05-11,Cliente_019,Gabriela da Paz,Uberlândia,MG,Sudeste,P0009,Smart TV 32” Philco LED Roku TV,TV e Projeção,1.0,949.0,0.0437,2025-05-16,2025-05-14
ORD04235,2025-05-11,Cliente_020,Isabelly Farias,Pelotas,RS,Sul,P0020,Teclado Mecanico Fizz,Informática,2.0,174.9,0.1158,2025-05-15,2025-05-16
ORD04236,2025-05-11,Cliente_036,Bryan Pires,Manacapuru,AM,Norte,P0015,Fone de Ouvido Profissional AKG K92,Áudio,3.0,428.99,0.1241,2025-05-14,2025-05-13
ORD04237,2025-05-11,Cliente_058,Sr. Nathan Peixoto,Itacoatiara,AM,Norte,P0006,Fone de ouvido Sem Fio QCY T27,Áudio,2.0,129.86,0.0894,2025-05-16,2025-05-20
ORD04238,2025-05-11,Cliente_058,Sr. Nathan Peixoto,Itacoatiara,AM,Norte,P0020,Teclado Mecanico Fizz,Informática,,174.9,0.1472,2025-05-13,2025-05-13
ORD04239,2025-05-11,Cliente080,Kamilly Porto,Santana,AP,Norte,P0016,Fone de Ouvido Profissional EDIFIER WH950NB,Áudio,2.0,899.0,0.0972,2025-05-15,2025-05-12
ORD04240,2025-05-11,Cliente_101,Francisco Barbosa,Pelotas,RS,Sul,P0016,Fone de Ouvido Profissional EDIFIER WH950NB,Áudio,1.0,899.0,0.0171,2025-05-14,2025-05-14
ORD04241,2025-05-11,Cliente_103,Emanuel Aragão,Manaus,AM,Norte,P0002,Samsung Galaxy Tab S6 Lite,Smartphones e Tablets,2.0,1799.01,0.0294,2025-05-16,2025-05-16
ORD04242,2025-05-11,Cliente_130,Isadora Rocha,Itajaí,SC,Sul,P0009,Smart TV 32” Philco LED Roku TV,TV e Projeção,3.0,949.0,0.117,2025-05-13,2025-05-13
ORD04243,2025-05-11,Cliente_158,Emanuel Ramos,Timon,MA,Nordeste,P0001,Samsung Galaxy A36,Smartphones e Tablets,3.0,1979.1,0.107,2025-05-20,2025-05-21
ORD04244,2025-05-11,Cliente_162,Sra. Lorena Almeida,Manacapuru,AM,Norte,P0021,SSD Crucial 1TB NVMe M.2,Informática,,449.0,0.0485,2025-05-15,2025-05-14
ORD04245,2025-05-11,Cliente_169,Pedro Henrique Monteiro,Ji-Paraná,RO,Norte,P0010,"Smart TV LED 32""Samsung LED Tizen TV",TV e Projeção,1.0,1079.0,0.1412,2025-05-18,2025-05-18
ORD04246,2025-05-11,Cliente_196,Fernando Costa,Vila Velha,ES,Sudeste,P0003,Carregador Turbo USB-C 30W,Acessórios Mobile,3.0,49.9,0.1025,2025-05-19,2025-05-18
ORD04247,2025-05-11,Cliente_197,Sofia Barbosa,Ponta Grossa,PR,Sul,P0014,Projetor EPSON Powerlite Wide Screen,TV e Projeção,4.0,2742.13,0.0644,2025-05-18,2025-05-25
ORD04248,2025-05-11,Cliente_218,Isabel Pereira,Vila Velha,ES,Sudeste,P0009,Smart TV 32” Philco LED Roku TV,TV e Projeção,1.0,949.0,0.018,2025-05-14,2025-05-15
ORD04249,2025-05-11,Cliente_231,Maria Luiza Rezende,Maringá,PR,Sul,P0013,"Projetor Smart Epson EpiqVision, FULL HD",TV e Projeção,3.0,3049.99,0.1001,2025-05-16,2025-05-15
ORD04250,2025-05-11,Cliente_234,Leonardo Oliveira,Maringá,PR,Sul,P0006,Fone de ouvido Sem Fio QCY T27,Áudio,3.0,129.86,0.1166,2025-05-13,2025-05-13
ORD04251,2025-05-11,Cliente_256,Daniela Fogaça,Florianópolis,SC,Sul,P0018,"Monitor UHD Samsung 32""",Informática,2.0,1626.57,0.0445,2025-05-14,2025-05-14
ORD04252,2025-05-11,Cliente_278,Bianca Pereira,Porto Nacional,TO,Norte,P0021,SSD Crucial 1TB NVMe M.2,Informática,1.0,449.0,0.1496,2025-05-17,2025-05-16
ORD04253,2025-05-11,Cliente_304,Guilherme da Cunha,Tocantinópolis,TO,Norte,P0002,Samsung Galaxy Tab S6 Lite,Smartphones e Tablets,1.0,1799.01,0.0509,2025-05-15,2025-05-13
ORD04254,2025-05-11,Cliente_310,Sr. Breno Martins,Cascavel,PR,Sul,P0015,Fone de Ouvido Profissional AKG K92,Áudio,4.0,428.99,0.0829,2025-05-13,2025-05-12
ORD04255,2025-05-11,Cliente_327,Sra. Maria Eduarda Cardoso,Vila Velha,ES,Sudeste,P0010,"Smart TV LED 32""Samsung LED Tizen TV",TV e Projeção,4.0,1079.0,0.1427,2025-05-18,2025-05-23
ORD04256,2025-05-11,Cliente_327,Sra. Maria Eduarda Cardoso,Vila Velha,ES,Sudeste,P0021,SSD Crucial 1TB NVMe M.2,Informática,4.0,449.0,0.0394,2025-05-14,2025-05-13
ORD04257,2025-05-11,Cliente_336,Ana Lívia Dias,Feira de Santana,BA,Nordeste,P0004,Carregador Turbo Tipo-C 50w,Acessórios Mobile,4.0,53.9,0.1064,2025-05-15,2025-05-16
ORD04258,2025-05-11,Cliente_356,Matheus Ribeiro,Londrina,PR,Sul,P0002,Samsung Galaxy Tab S6 Lite,Smartphones e Tablets,2.0,1799.01,0.0639,2025-05-14,2025-05-14
ORD04259,2025-05-11,Cliente_356,Matheus Ribeiro,Londrina,PR,Sul,P0027,Caixa de Som Bluetooth JBL,Áudio,2.0,549.9,0.2938,2025-05-15,2025-05-14
ORD04260,2025-05-11,Cliente_359,Maria Eduarda Silveira,Vila Velha,ES,Sudeste,P0008,Película de Vidro 3D Galaxy A30s,Acessórios Mobile,2.0,17.9,0.0021,2025-05-16,2025-05-14
ORD04261,2025-05-11,Cliente_369,Nicolas Pires,Contagem,MG,Sudeste,P0027,Caixa de Som Bluetooth JBL,Áudio,3.0,549.9,0.1099,2025-05-14,2025-05-15
ORD04262,2025-05-11,Cliente_407,Daniel da Luz,Londrina,PR,Sul,P0005,"Fone de Ouvido Sem Fio TWS, PHILIPS",Áudio,3.0,124.91,0.147,2025-05-17,2025-05-17
ORD04263,2025-05-11,Cliente_412,Emanuella das Neves,Jaboatão dos Guararapes,PE,Nordeste,P0014,Projetor EPSON Powerlite Wide Screen,TV e Projeção,2.0,2742.13,0.0037,2025-05-15,2025-05-14
ORD04264,2025-05-11,Cliente_443,Leonardo Rezende,Caucaia,CE,Nordeste,P0027,Caixa de Som Bluetooth JBL,Áudio,2.0,549.9,0.1921,2025-05-15,2025-05-12
ORD04265,2025-05-11,Cliente_462,Srta. Cruz,Vitória,ES,Sudeste,P0021,SSD Crucial 1TB NVMe M.2,Informática,2.0,449.0,0.0595,2025-05-16,2025-05-16
ORD04266,2025-05-12,Cliente_014,Pedro Lucas Melo,Brasiléia,AC,Norte,P0016,Fone de Ouvido Profissional EDIFIER WH950NB,Áudio,4.0,899.0,0.037,2025-05-15,2025-05-13
ORD04267,2025-05-12,Cliente_036,Bryan Pires,Manacapuru,AM,Norte,P0006,Fone de ouvido Sem Fio QCY T27,Áudio,3.0,129.86,0.1407,2025-05-15,2025-05-16
ORD04268,2025-05-12,Cliente_036,Bryan Pires,Manacapuru,AM,Norte,P0020,Teclado Mecanico Fizz,Informática,3.0,174.9,0.187,2025-05-17,2025-05-17
ORD04269,2025-05-12,Cliente_050,Enzo Monteiro,Curitiba,PR,Sul,P0017,ACER Notebook Gamer Nitro,Informática,1.0,4604.0,0.1228,2025-05-18,2025-05-16
ORD04270,2025-05-12,Cliente_058,Sr. Nathan Peixoto,Itacoatiara,AM,Norte,P0025,Webcam Logitech Full HD,Informática,3.0,329.9,0.1332,2025-05-17,2025-05-17
ORD04271,2025-05-12,Cliente_076,Leandro da Costa,Rolim de Moura,RO,Norte,P0004,Carregador Turbo Tipo-C 50w,Acessórios Mobile,3.0,53.9,0.0697,2025-05-17,2025-05-24
ORD04272,2025-05-12,Cliente_099,Srta. Maria Luiza Rocha,Blumenau,SC,Sul,P0001,Samsung Galaxy A36,Smartphones e Tablets,2.0,1979.1,0.0589,2025-05-14,2025-05-16
ORD04273,2025-05-12,Cliente_160,Vitória da Conceição,Santa Rita,PB,Nordeste,P0009,Smart TV 32” Philco LED Roku TV,TV e Projeção,3.0,949.0,0.136,2025-05-21,2025-05-19
ORD04274,2025-05-12,Cliente_176,Vinicius Ribeiro,São Bernardo do Campo,SP,Sudeste,P0011,"Soundbar Samsung com 2.1 canais, Dolby Digital",Áudio,4.0,1072.0,0.0966,2025-05-14,2025-05-14
ORD04275,2025-05-12,Cliente_181,Davi Luiz da Conceição,Floriano,PI,Nordeste,P0002,Samsung Galaxy Tab S6 Lite,Smartphones e Tablets,1.0,1799.01,0.0789,2025-05-20,2025-05-20
ORD04276,2025-05-12,Cliente_219,Natália da Luz,Cascavel,PR,Sul,P0012,"Soundbar Tomate MTS-2017, Bivolt",Áudio,1.0,769.9,0.0577,2025-05-19,2025-05-20
ORD04277,2025-05-12,Cliente_231,Maria Luiza Rezende,Maringá,PR,Sul,P0020,Teclado Mecanico Fizz,Informática,4.0,174.9,0.0692,2025-05-19,2025-05-18
ORD04278,2025-05-12,Cliente_231,Maria Luiza Rezende,Maringá,PR,Sul,P0026,Cabo USB-C Trançado 2m,Acessórios Mobile,4.0,34.9,0.0788,2025-05-18,2025-05-16
ORD04279,2025-05-12,Cliente_234,Leonardo Oliveira,Maringá,PR,Sul,P0008,Película de Vidro 3D Galaxy A30s,Acessórios Mobile,4.0,17.9,0.041,2025-05-18,2025-05-18
ORD04280,2025-05-12,Cliente_252,Sr. Isaac Melo,Itajaí,SC,Sul,P0016,Fone de Ouvido Profissional EDIFIER WH950NB,Áudio,4.0,899.0,0.0168,2025-05-17,2025-05-15
ORD04281,2025-05-12,Cliente_266,Caroline Carvalho,Cruzeiro do Sul,AC,Norte,P0002,Samsung Galaxy Tab S6 Lite,Smartphones e Tablets,4.0,1799.01,0.0297,2025-05-20,2025-05-22
ORD04282,2025-05-12,Cliente_311,Catarina Vieira,Natal,RN,Nordeste,P0001,Samsung Galaxy A36,Smartphones e Tablets,1.0,1979.1,0.0157,2025-05-16,2025-05-16
ORD04283,2025-05-12,Cliente_323,Dr. João Pedro Carvalho,Boa Vista,RR,Norte,P0005,"Fone de Ouvido Sem Fio TWS, PHILIPS",Áudio,2.0,124.91,0.1489,2025-05-17,2025-05-16
ORD04284,2025-05-12,Cliente_327,Sra. Maria Eduarda Cardoso,Vila Velha,ES,Sudeste,P0009,Smart TV 32” Philco LED Roku TV,TV e Projeção,3.0,949.0,0.0637,2025-05-14,2025-05-16
ORD04285,2025-05-12,Cliente_347,Murilo Cunha,Porto Nacional,TO,Norte,P0019,Mouse Redragon Wireless,Informática,4.0,165.99,0.1151,2025-05-16,2025-05-14
ORD04286,2025-05-12,Cliente_358,Paulo Farias,Ji-Paraná,RO,Norte,P0021,SSD Crucial 1TB NVMe M.2,Informática,1.0,449.0,0.021,2025-05-19,2025-05-20
ORD04287,2025-05-12,Cliente_382,Bryan Ribeiro,Cachoeiro de Itapemirim,ES,Sudeste,P0019,Mouse Redragon Wireless,Informática,4.0,165.99,0.0113,2025-05-15,2025-05-18
ORD04288,2025-05-12,Cliente_394,Eduardo Oliveira,Ribeirão Preto,SP,Sudeste,P0018,"Monitor UHD Samsung 32""",Informática,3.0,1626.57,0.0274,2025-05-15,2025-05-14
ORD04289,2025-05-12,Cliente_406,Laís da Costa,Juiz de Fora,MG,Sudeste,P0022,Smartphone Motorola Edge 50 Neo,Smartphones e Tablets,2.0,2299.9,0.1039,2025-05-14,2025-05-18
ORD04290,2025-05-12,Cliente_448,Francisco Pires,Serra,ES,Sudeste,P0002,Samsung Galaxy Tab S6 Lite,Smartphones e Tablets,3.0,1799.01,0.139,2025-05-15,2025-05-15
ORD04291,2025-05-13,Cliente_007,Helena Souza,Feira de Santana,BA,Nordeste,P0014,Projetor EPSON Powerlite Wide Screen,TV e Projeção,2.0,2742.13,0.0805,2025-05-18,2025-05-16
ORD04292,2025-05-13,Cliente_012,Dr. Arthur da Cunha,Caracaraí,RR,Norte,P0004,Carregador Turbo Tipo-C 50w,Acessórios Mobile,3.0,53.9,0.1201,2025-05-20,2025-05-18
ORD04293,2025-05-13,Cliente_016,Sr. Thomas Nascimento,Tarauacá,AC,Norte,P0010,"Smart TV LED 32""Samsung LED Tizen TV",TV e Projeção,4.0,1079.0,0.1114,2025-05-22,2025-05-22
ORD04294,2025-05-13,Cliente_026,Ana Júlia Lima,Contagem,MG,Sudeste,P0002,Samsung Galaxy Tab S6 Lite,Smartphones e Tablets,1.0,,0.0319,2025-05-18,2025-05-17
ORD04295,2025-05-13,Cliente_066,Antônio Moraes,Cascavel,PR,Sul,P0014,Projetor EPSON Powerlite Wide Screen,TV e Projeção,3.0,2742.13,0.044,2025-05-19,2025-05-17
ORD04296,2025-05-13,Cliente_112,Maria Luiza das Neves,Linhares,ES,Sudeste,P0012,"Soundbar Tomate MTS-2017, Bivolt",Áudio,4.0,769.9,0.1352,2025-05-16,2025-05-16
ORD04297,2025-05-13,Cliente_112,Maria Luiza das Neves,Linhares,ES,Sudeste,P0017,ACER Notebook Gamer Nitro,Informática,3.0,4604.0,0.0364,2025-05-19,2025-05-19
ORD04298,2025-05-13,Cliente_141,Dr. Thiago da Mota,Santa Maria,RS,Sul,P0010,"Smart TV LED 32""Samsung LED Tizen TV",TV e Projeção,2.0,1079.0,0.1795,2025-05-15,2025-05-15
ORD04299,2025-05-13,Cliente_143,Cecília Barros,Londrina,PR,Sul,P0001,Samsung Galaxy A36,Smartphones e Tablets,2.0,1979.1,0.1421,2025-05-18,2025-05-18
ORD04300,2025-05-13,Cliente_151,Lorenzo Moura,Vitória da Conquista,BA,Nordeste,P0001,Samsung Galaxy A36,Smartphones e Tablets,4.0,1979.1,0.1371,2025-05-15,2025-05-14
ORD04301,2025-05-13,Cliente_151,Lorenzo Moura,Vitória da Conquista,BA,Nordeste,P0006,Fone de ouvido Sem Fio QCY T27,Áudio,1.0,129.86,0.0677,2025-05-17,2025-05-16
ORD04302,2025-05-13,Cliente_178,Arthur Azevedo,Caxias,MA,Nordeste,P0011,"Soundbar Samsung com 2.1 canais, Dolby Digital",Áudio,2.0,1072.0,0.1105,2025-05-17,2025-05-15
ORD04303,2025-05-13,Cliente_188,Ana Beatriz Barbosa,Estância,SE,Nordeste,P0023,Tablet Lenovo Tab M11,Smartphones e Tablets,3.0,1399.9,0.1192,2025-05-17,2025-05-16
ORD04304,2025-05-13,Cliente_196,Fernando Costa,Vila Velha,ES,Sudeste,P0003,Carregador Turbo USB-C 30W,Acessórios Mobile,1.0,49.9,0.0011,2025-05-18,2025-05-18
ORD04305,2025-05-13,Cliente_230,Maria Nogueira,Bayeux,PB,Nordeste,P0018,"Monitor UHD Samsung 32""",Informática,1.0,1626.57,0.1078,2025-05-16,2025-05-15
ORD04306,2025-05-13,Cliente_243,Laura da Cunha,Maringá,PR,Sul,P0005,"Fone de Ouvido Sem Fio TWS, PHILIPS", Áudio,4.0,124.91,0.125,2025-05-16,2025-05-16
ORD04307,2025-05-13,Cliente_262,Maria Eduarda Peixoto,Sobral,CE,Nordeste,P0012,"Soundbar Tomate MTS-2017, Bivolt",Áudio,,769.9,0.0523,2025-05-18,2025-05-18
ORD04308,2025-05-13,Cliente_266,Caroline Carvalho,Cruzeiro do Sul,AC,Norte,P0004,Carregador Turbo Tipo-C 50w,Acessórios Mobile,1.0,53.9,0.1166,2025-05-18,2025-05-18
ORD04309,2025-05-13,Cliente_273,Leonardo Melo,Sobral,CE,Nordeste,P0009,Smart TV 32” Philco LED Roku TV,TV e Projeção,3.0,949.0,0.0093,2025-05-19,2025-05-19
ORD04310,2025-05-13,Cliente_285,Maria Vitória Jesus,Vitória da Conquista,BA,Nordeste,P0016,Fone de Ouvido Profissional EDIFIER WH950NB,Áudio,3.0,899.0,0.0533,2025-05-15,2025-05-14
ORD04311,2025-05-13,Cliente_288 ,Sr. Ryan Gonçalves,Campinas,SP,Sudeste,P0020,Teclado Mecanico Fizz,Informática,2.0,174.9,0.1118,2025-05-19,2025-05-19
ORD04312,2025-05-13,Cliente_316,Pedro Miguel Caldeira,Caxias do Sul,RS,Sul,P0002,Samsung Galaxy Tab S6 Lite,Smartphones e Tablets,1.0,1799.01,0.0601,2025-05-18,2025-05-18
ORD04313,2025-05-13,Cliente_354,Pedro Miguel Mendes,Macapá,AP,Norte,P0015,Fone de Ouvido Profissional AKG K92,Áudio,3.0,428.99,0.1281,2025-05-18,2025-05-18
ORD04314,2025-05-13,Cliente_355,Srta. Marina Rocha,Caucaia,CE,Nordeste,P0013,"Projetor Smart Epson EpiqVision, FULL HD",TV e Projeção,3.0,3049.99,0.1296,2025-05-17,2025-05-15
ORD04315,2025-05-13,Cliente_363,Diego Costela,Ananindeua,PA,Norte,P0012,"Soundbar Tomate MTS-2017, Bivolt ",Áudio,1.0,769.9,0.079,2025-05-22,2025-05-23
ORD04316,2025-05-13,Cliente_391,Sr. Nathan Farias,Rio de Janeiro,RJ,Sudeste,P0011,"Soundbar Samsung com 2.1 canais, Dolby Digital",Áudio,3.0,1072.0,0.0359,2025-05-17,2025-05-17
ORD04317,2025-05-13,Cliente_400,Ana Sophia da Rosa,Floriano,PI,Nordeste,P0005,"Fone de Ouvido Sem Fio TWS, PHILIPS",Áudio,4.0,124.91,0.1109,2025-05-17,2025-05-15
ORD04318,2025-05-13,Cliente_408,Maria Julia Duarte,Marabá,PA,Norte,P0019,Mouse Redragon Wireless,Informática,4.0,165.99,0.1278,2025-05-16,2025-05-15
ORD04319,2025-05-13,Cliente_414,Stephany Melo,Timon,MA,Nordeste,P0003,Carregador Turbo USB-C 30W,Acessórios Mobile,2.0,49.9,0.0417,2025-05-18,2025-05-22
ORD04320,2025-05-14,Cliente_040,Renan Silveira,Propriá,SE,Nordeste,P0002,Samsung Galaxy Tab S6 Lite,Smartphones e Tablets,2.0,1799.01,0.0688,2025-05-19,2025-05-18
ORD04321,2025-05-14,Cliente_040,Renan Silveira,Propriá,SE,Nordeste,P0004,Carregador Turbo Tipo-C 50w,Acessórios Mobile,1.0,53.9,0.083,2025-05-21,2025-05-20
ORD04322,2025-05-14,Cliente_040,Renan Silveira,Propriá,SE,Nordeste,P0015,Fone de Ouvido Profissional AKG K92,Áudio,4.0,428.99,0.0736,2025-05-18,2025-05-18
ORD04323,2025-05-14,Cliente_061,Dr. Emanuel Fogaça,Porto Nacional,TO,Norte,P0012,"Soundbar Tomate MTS-2017, Bivolt",Áudio,2.0,769.9,0.1071,2025-05-21,2025-05-19
ORD04324,2025-05-14,Cliente_075,Rafaela Peixoto,Ribeirão Preto,SP,Sudeste,P0003,Carregador Turbo USB-C 30W,Acessórios Mobile,,49.9,0.145,2025-05-18,2025-05-16
ORD04325,2025-05-14,Cliente_102,Dr. Miguel Cunha,Gravataí,RS,Sul,P0016,Fone de Ouvido Profissional EDIFIER WH950NB,Áudio,1.0,,0.0909,2025-05-22,2025-05-21
ORD04326,2025-05-14,Cliente_131,Yuri Silveira,Santa Maria,RS,Sul,P0009,Smart TV 32” Philco LED Roku TV,TV e Projeção,1.0,949.0,0.0924,2025-05-22,2025-05-21
ORD04327,2025-05-14,Cliente_157,Stella Barbosa,Cachoeiro de Itapemirim,ES,Sudeste,P0019,Mouse Redragon Wireless,Informática,2.0,165.99,0.0912,2025-05-22,2025-05-20
ORD04328,2025-05-14,Cliente_158,Emanuel Ramos,Timon,MA,Nordeste,P0012,"Soundbar Tomate MTS-2017, Bivolt",Áudio,1.0,769.9,0.0499,2025-05-20,2025-05-20
ORD04329,2025-05-14,Cliente_165,Maria Fernanda Teixeira,Duque de Caxias,RJ,Sudeste,P0004,Carregador Turbo Tipo-C 50w,Acessórios Mobile,4.0,53.9,0.1047,2025-05-19,2025-05-17
ORD04330,2025-05-14,Cliente_165,Maria Fernanda Teixeira,Duque de Caxias,RJ,Sudeste,P0025,Webcam Logitech Full HD,Informática,1.0,329.9,0.1079,2025-05-17,2025-05-17
ORD04331,2025-05-14,Cliente_189,Cauã Almeida,Patos,PB,Nordeste,P0008,Película de Vidro 3D Galaxy A30s,Acessórios Mobile,3.0,17.9,0.0907,2025-05-19,2025-05-17
ORD04332,2025-05-14,Cliente_210,Sarah Correia,Manacapuru,AM,Norte,P0027,Caixa de Som Bluetooth JBL,Áudio,4.0,549.9,0.1198,2025-05-19,2025-05-19
ORD04333,2025-05-14,Cliente_222,João Gabriel Nunes,Vitória,ES,Sudeste,P0002,Samsung Galaxy Tab S6 Lite,Smartphones e Tablets,1.0,1799.01,0.0694,2025-05-19,2025-05-17
ORD04334,2025-05-14,Cliente_230,Maria Nogueira,Bayeux,PB,Nordeste,P0009,Smart TV 32” Philco LED Roku TV,TV e Projeção,3.0,949.0,0.1203,2025-05-20,2025-05-20
ORD04335,2025-05-14,Cliente_243,Laura da Cunha,Maringá,PR,Sul,P0013,"Projetor Smart Epson EpiqVision, FULL HD",TV e Projeção,2.0,3049.99,0.1003,2025-05-19,2025-05-17
ORD04336,2025-05-14,Cliente_264,Sr. Noah da Paz,Itacoatiara,AM,Norte,P0014,Projetor EPSON Powerlite Wide Screen,TV e Projeção,,2742.13,0.122,2025-05-18,2025-05-17
ORD04337,2025-05-14,Cliente_300,Dra. Maria Sophia Nogueira,Chapecó,SC,Sul,P0008,Película de Vidro 3D Galaxy A30s,Acessórios Mobile,1.0,17.9,0.1431,2025-05-19,2025-05-16
ORD04338,2025-05-14,Cliente_301,Sarah Melo,Curitiba,PR,Sul,P0016,Fone de Ouvido Profissional EDIFIER WH950NB,Áudio,2.0,899.0,0.1162,2025-05-21,2025-05-20
ORD04339,2025-05-14,Cliente_312,Juan Araújo,Bacabal,MA,Nordeste,P0003,Carregador Turbo USB-C 30W,Acessórios Mobile,1.0,49.9,0.0598,2025-05-24,2025-05-23
ORD04340,2025-05-14,Cliente_330,Rebeca Farias,Cascavel,PR,Sul,P0002,Samsung Galaxy Tab S6 Lite,Smartphones e Tablets,2.0,1799.01,0.0511,2025-05-19,2025-05-23
ORD04341,2025-05-14,Cliente_341,Alana Cardoso,Timon,MA,Nordeste,P0015,Fone de Ouvido Profissional AKG K92,Áudio ,4.0,428.99,0.0954,2025-05-19,2025-05-18
ORD04342,2025-05-14,Cliente_353,Sophia Aragão,Santana,AP,Norte,P0014,Projetor EPSON Powerlite Wide Screen,TV e Projeção,4.0,2742.13,0.0455,2025-05-21,2025-05-20
ORD04343,2025-05-14,Cliente_371,Ana Luiza Nunes,Joinville,SC,Sul,P0017,ACER Notebook Gamer Nitro,Informática,2.0,4604.0,0.122,2025-05-20,2025-05-19
ORD04344,2025-05-14,Cliente_380,Ana Clara das Neves,Bayeux,PB,Nordeste,P0010,"Smart TV LED 32""Samsung LED Tizen TV",TV e Projeção,3.0,1079.0,0.1322,2025-05-17,2025-05-16
ORD04345,2025-05-14,Cliente_391,Sr. Nathan Farias,Rio de Janeiro,RJ,Sudeste,P0003,Carregador Turbo USB-C 30W,Acessórios Mobile,1.0,49.9,0.0943,2025-05-17,2025-05-16
ORD04346,2025-05-14,Cliente_394,Eduardo Oliveira,Ribeirão Preto,SP,Sudeste,P0012," Soundbar Tomate MTS-2017, Bivolt",Áudio,1.0,769.9,0.0708,2025-05-19,2025-05-19
ORD04347,2025-05-14,Cliente_401,Luna Almeida,Juiz de Fora,MG,Sudeste,P0016,Fone de Ouvido Profissional EDIFIER WH950NB,Áudio,1.0,899.0,0.0212,2025-05-18,2025-05-17
ORD04348,2025-05-14,Cliente_402,Catarina Gonçalves,Niterói,RJ,Sudeste,P0017,ACER Notebook Gamer Nitro,Informática,1.0,4604.0,0.1084,2025-05-21,2025-05-28
ORD04349,2025-05-14,Cliente_418,Benício Monteiro,Nova Iguaçu,RJ,Sudeste,P0019,Mouse Redragon Wireless,Informática,3.0,165.99,0.1366,2025-05-21,2025-05-19
ORD04350,2025-05-14,Cliente_455,Lucas Dias Novaes,Florianópolis,SC,Sul,P0027,Caixa de Som Bluetooth JBL,Áudio,2.0,549.9,0.1498,2025-05-17,2025-05-19
ORD04351,2025-05-14,Cliente_480,Eloah Rezende,Itajaí,SC,Sul,P0003,Carregador Turbo USB-C 30W,Acessórios Mobile,3.0,49.9,0.1037,2025-05-18,2025-05-17
ORD04352,2025-05-15,Cliente_010,Cauã da Rosa,Sobral,CE,Nordeste,P0004,Carregador Turbo Tipo-C 50w,Acessórios Mobile,4.0,53.9,0.0411,2025-05-19,2025-05-18
ORD04353,2025-05-15,Cliente_015,Sr. João Gabriel Silveira,Olinda,PE,Nordeste,P0001,Samsung Galaxy A36,Smartphones e Tablets,1.0,1979.1,0.0588,2025-05-22,2025-05-25
ORD04354,2025-05-15,Cliente_045,Juan Mendes,Ji-Paraná,RO,Norte,P0012,"Soundbar Tomate MTS-2017, Bivolt",Áudio,1.0,769.9,0.149,2025-05-24,2025-05-24
ORD04355,2025-05-15,Cliente_069,Levi da Rosa,Porto Nacional,TO,Norte,P0015,Fone de Ouvido Profissional AKG K92,Áudio,3.0,428.99,0.0945,2025-05-19,2025-05-19
ORD04356,2025-05-15,Cliente_090,Caio Novaes,Blumenau,SC,Sul,P0017,ACER Notebook Gamer Nitro,Informática,,4604.0,0.121,2025-05-20,2025-05-19
ORD04357,2025-05-15,Cliente_121,Kamilly Pereira,Pelotas,RS,Sul,P0019,Mouse Redragon Wireless,Informática,,165.99,0.0067,2025-05-22,2025-05-22
ORD04358,2025-05-15,Cliente_149,Manuela Santos,Caxias do Sul,RS,Sul,P0012,"Soundbar Tomate MTS-2017, Bivolt",Áudio,1.0,769.9,0.0589,2025-05-19,2025-05-18
ORD04359,2025-05-15,Cliente_158,Emanuel Ramos,Timon,MA,Nordeste,P0017,ACER Notebook Gamer Nitro,Informática,1.0,4604.0,0.0907,2025-05-25,2025-05-24
ORD04360,2025-05-15,Cliente_165,Maria Fernanda Teixeira,Duque de Caxias,RJ,Sudeste,P0015,Fone de Ouvido Profissional AKG K92,Áudio,3.0,428.99,0.0503,2025-05-17,2025-05-24
ORD04361,2025-05-15,Cliente_182,Pedro Henrique Pinto,Parnaíba,PI,Nordeste,P0018,"Monitor UHD Samsung 32""",Informática,3.0,1626.57,0.0649,2025-05-22,2025-05-21
ORD04362,2025-05-15,Cliente_196 ,Fernando Costa,Vila Velha,ES,Sudeste,P0020,Teclado Mecanico Fizz,Informática,1.0,174.9,0.0655,2025-05-20,2025-05-21
ORD04363,2025-05-15,Cliente_202,Nicolas Viana,Niterói,RJ,Sudeste,P0012,"Soundbar Tomate MTS-2017, Bivolt",Áudio,1.0,769.9,0.0591,2025-05-20,2025-05-19
ORD04364,2025-05-15,Cliente_208,Vitor Araújo,Betim,MG,Sudeste,P0006,Fone de ouvido Sem Fio QCY T27,Áudio,1.0,129.86,0.0437,2025-05-20,2025-05-17
ORD04365,2025-05-15,Cliente_215,Olivia Souza,Camaçari,BA,Nordeste,P0020,Teclado Mecanico Fizz,Informática,1.0,174.9,0.1138,2025-05-22,2025-05-24
ORD04366,2025-05-15,Cliente_240,Esther Monteiro,Fortaleza,CE,Nordeste,P0004,Carregador Turbo Tipo-C 50w,Acessórios Mobile,2.0,53.9,0.1179,2025-05-22,2025-05-25
ORD04367,2025-05-15,Cliente_243,Laura da Cunha,Maringá,PR,Sul,P0012,"Soundbar Tomate MTS-2017, Bivolt",Áudio,1.0,769.9,0.1135,2025-05-22,2025-05-29
ORD04368,2025-05-15,Cliente_256,Daniela Fogaça,Florianópolis,SC,Sul,P0001,Samsung Galaxy A36, Smartphones e Tablets,2.0,1979.1,0.1316,2025-05-19,2025-05-19
ORD04369,2025-05-15,Cliente_281,Letícia da Luz,Campina Grande,PB,Nordeste,P0004,Carregador Turbo Tipo-C 50w ,Acessórios Mobile,3.0,53.9,0.0614,2025-05-23,2025-05-30
ORD04370,2025-05-15,Cliente_285,Maria Vitória Jesus,Vitória da Conquista,BA,Nordeste,P0021,SSD Crucial 1TB NVMe M.2,Informática,1.0,449.0,0.0949,2025-05-21,2025-05-18
ORD04371,2025-05-15,Cliente_289,Noah Oliveira,Santana,AP,Norte,P0019,Mouse Redragon Wireless,Informática,1.0,165.99,0.0628,2025-05-23,2025-05-22
ORD04372,2025-05-15,Cliente_295,Emanuella Lima,Florianópolis,SC,Sul,P0014,Projetor EPSON Powerlite Wide Screen,TV e Projeção,3.0,2742.13,0.0642,2025-05-18,2025-05-18
ORD04373,2025-05-15,Cliente_309,Dra. Ana Laura Pires,Itajaí,SC,Sul,P0006,Fone de ouvido Sem Fio QCY T27,Áudio,1.0,129.86,0.072,2025-05-18,2025-05-19
ORD04374,2025-05-15,Cliente_326,Emanuella Porto,Ferreira Gomes,AP,Norte,P0007,Película para iPhone 14Pro Anti impacto,Acessórios Mobile,1.0,51.8,0.0874,2025-05-21,2025-05-20
ORD04375,2025-05-15,Cliente-340,Bruno Cardoso,Gravataí,RS,Sul,P0011,"Soundbar Samsung com 2.1 canais, Dolby Digital",Áudio,1.0,1072.0,0.04,2025-05-17,2025-05-16
ORD04376,2025-05-15,Cliente_353,Sophia Aragão,Santana,AP,Norte,P0006,Fone de ouvido Sem Fio QCY T27,Áudio,1.0,129.86,0.0425,2025-05-25,2025-05-27
ORD04377,2025-05-15,Cliente_356,Matheus Ribeiro,Londrina,PR,Sul,P0001,Samsung Galaxy A36,Smartphones e Tablets,3.0,1979.1,0.0721,2025-05-17,2025-05-16
ORD04378,2025-05-15,Cliente_384,Brenda Monteiro,Santana,AP,Norte,P0015,Fone de Ouvido Profissional AKG K92,Áudio,4.0,428.99,0.0649,2025-05-21,2025-05-21
ORD04379,2025-05-15,Cliente_386,Diego Cavalcanti,Mucajaí,RR,Norte,P0015,Fone de Ouvido Profissional AKG K92,Áudio,1.0,428.99,0.0157,2025-05-22,2025-05-21
ORD04380,2025-05-15,Cliente_395 ,Luiz Henrique Castro,Betim,MG,Sudeste,P0018,"Monitor UHD Samsung 32""",Informática,4.0,1626.57,0.0882,2025-05-22,2025-05-23
ORD04381,2025-05-15,Cliente_402,Catarina Gonçalves,Niterói,RJ,Sudeste,P0012,"Soundbar Tomate MTS-2017, Bivolt",Áudio,3.0,769.9,0.1411,2025-05-20,2025-05-19
ORD04382,2025-05-15,Cliente_416,Maria Julia Duarte,Caicó,RN,Nordeste,P0016,Fone de Ouvido Profissional EDIFIER WH950NB,Áudio,2.0,899.0,0.0365,2025-05-17,2025-05-16
ORD04383,2025-05-15,Cliente_430,Guilherme Silveira Gomes,Caxias do Sul,RS,Sul,P0007,Película para iPhone 14Pro Anti impacto,Acessórios Mobile,3.0,51.8,0.1092,2025-05-18,2025-05-16
ORD04384,2025-05-15,Cliente_501,Júlia Mota,Contagem,MG,Sudeste,P0027,Caixa de Som Bluetooth JBL,Áudio,3.0,549.9,0.1412,2025-05-19,2025-05-18
ORD04385,2025-05-15,Cliente_548,Benício Almeida,Tarauacá,AC,Norte,P0003,Carregador Turbo USB-C 30W,Acessórios Mobile,4.0,49.9,0.0642,2025-05-23,2025-05-25
ORD04386,2025-05-16,Cliente_007,Helena Souza,Feira de Santana,BA,Nordeste,P0015,Fone de Ouvido Profissional AKG K92,Áudio,3.0,428.99,0.0136,2025-05-18,2025-05-17
ORD04387,2025-05-16,Cliente_008,Thales Pereira,Cascavel,PR,Sul,P0024,Memória Kingston Fury 16GB DDR5,Informática,4.0,389.9,0.1748,2025-05-20,2025-05-19
ORD04388,2025-05-16,Cliente_037,Thiago Araújo,Maringá,PR,Sul,P0006,Fone de ouvido Sem Fio QCY T27,Áudio,3.0,129.86,0.1226,2025-05-18,2025-05-18
ORD04389,2025-05-16,Cliente_038,Isadora da Rosa,Linhares,ES,Sudeste,P0009,Smart TV 32” Philco LED Roku TV,TV e Projeção,4.0,949.0,0.0484,2025-05-19,2025-05-17
ORD04390,2025-05-16,Cliente_041,Miguel Nascimento,Ribeirão Preto,SP,Sudeste,P0002,Samsung Galaxy Tab S6 Lite,Smartphones e Tablets,3.0,1799.01,0.1255,2025-05-18,2025-05-18
ORD04391,2025-05-16,Cliente_048,Sr. Gustavo Henrique Peixoto,Gravataí,RS,Sul,P0002,Samsung Galaxy Tab S6 Lite,Smartphones e Tablets,1.0,1799.01,0.0441,2025-05-22,2025-05-20
ORD04392,2025-05-16,Cliente_057,Sr. Antônio Ramos,Sena Madureira,AC,Norte,P0010,"Smart TV LED 32""Samsung LED Tizen TV",TV e Projeção,1.0,1079.0,0.2175,2025-05-22,2025-05-22
ORD04393,2025-05-16,Cliente_058,Sr. Nathan Peixoto,Itacoatiara,AM,Norte,P0013,"Projetor Smart Epson EpiqVision, FULL HD",TV e Projeção,4.0,3049.99,0.1131,2025-05-18,2025-05-18
ORD04394,2025-05-16,cliente#063,Bryan Nascimento,Juazeiro do Norte,CE,Nordeste,P0018,"Monitor UHD Samsung 32""",Informática,3.0,1626.57,0.0762,2025-05-21,2025-05-20
ORD04395,2025-05-16,Cliente_081,Sr. Heitor da Paz,Brasiléia,AC,Norte,P0019,Mouse Redragon Wireless,Informática,4.0,165.99,0.1193,2025-05-22,2025-05-22
ORD04396,2025-05-16,Cliente_093,Bárbara Martins,Feira de Santana,BA,Nordeste,P0019,Mouse Redragon Wireless,Informática,4.0,165.99,0.0206,2025-05-18,2025-05-17
ORD04397,2025-05-16,Cliente_119,Daniel Costa,Jaboatão dos Guararapes,PE,Nordeste,P0027,Caixa de Som Bluetooth JBL,Áudio,2.0,549.9,0.1085,2025-05-23,2025-05-22
ORD04398,2025-05-16,cliente_123,Sra. Isabelly Oliveira,Ribeirão Preto,SP,Sudeste,P0013,"Projetor Smart Epson EpiqVision, FULL HD",TV e Projeção,3.0,3049.99,0.0633,2025-05-20,2025-05-20
ORD04399,2025-05-16,Cliente-132,Pedro Miguel Rodrigues,São Bernardo do Campo,SP,Sudeste,P0005,"Fone de Ouvido Sem Fio TWS, PHILIPS",Áudio,4.0,124.91,0.13,2025-05-19,2025-05-21
ORD04400,2025-05-16,Cliente_133,Isadora Novaes,Cachoeiro de Itapemirim,ES,Sudeste,P0009,Smart TV 32” Philco LED Roku TV,TV e Projeção,2.0,949.0,0.0846,2025-05-21,2025-05-20
ORD04401,2025-05-16,Cliente_161,Murilo Monteiro,Currais Novos,RN,Nordeste,P0005,"Fone de Ouvido Sem Fio TWS, PHILIPS",Áudio,3.0,124.91,0.0997,2025-05-22,2025-05-23
ORD04402,2025-05-16,Cliente_172,Luiz Gustavo Rocha,Porto Alegre,RS,Sul,P0014,Projetor EPSON Powerlite Wide Screen,TV e Projeção,2.0,2742.13,0.0644,2025-05-20,2025-05-19
ORD04403,2025-05-16,Cliente_184,Sarah da Costa,Teresina,PI,Nordeste,P0001,Samsung Galaxy A36 ,Smartphones e Tablets,3.0,1979.1,0.0971,2025-05-22,2025-05-22
ORD04404,2025-05-16,Cliente_199,João Guilherme Fogaça,Ananindeua,PA,Norte,P0008,Película de Vidro 3D Galaxy A30s,Acessórios Mobile,1.0,17.9,0.1965,2025-05-22,2025-05-21
ORD04405,2025-05-16,Cliente_215,Olivia Souza,Camaçari,BA,Nordeste,P0007,Película para iPhone 14Pro Anti impacto,Acessórios Mobile,3.0,51.8,0.1045,2025-05-23,2025-05-26
ORD04406,2025-05-16,Cliente_216,Yasmin Costela,Pelotas,RS,Sul,P0002,Samsung Galaxy Tab S6 Lite,Smartphones e Tablets,4.0,1799.01,0.0587,2025-05-20,2025-05-20
ORD04407,2025-05-16,Cliente_234,Leonardo Oliveira,Maringá,PR,Sul,P0001,Samsung Galaxy A36,Smartphones e Tablets,3.0,1979.1,0.0788,2025-05-21,2025-05-21
ORD04408,2025-05-16,Cliente_255,Anthony Pires,Caxias do Sul,RS,Sul,P0010,"Smart TV LED 32""Samsung LED Tizen TV",TV e Projeção,4.0,1079.0,0.0885,2025-05-19,2025-05-19
ORD04409,2025-05-16,Cliente_256,Daniela Fogaça,Florianópolis,SC,Sul,P0018,"Monitor UHD Samsung 32""",Informática,1.0,1626.57,0.0575,2025-05-21,2025-05-20
ORD04410,2025-05-16,Cliente_257,Dr. Matheus Castro,Camaçari,BA,Nordeste,P0027,Caixa de Som Bluetooth JBL,Áudio,1.0,549.9,0.0824,2025-05-24,2025-05-23
ORD04411,2025-05-16,Cliente_263,Sr. Cauã Carvalho,Uberlândia,MG,Sudeste,P0019,Mouse Redragon Wireless,Informática,2.0,165.99,0.0559,2025-05-20,2025-05-20
ORD04412,2025-05-16,Cliente_264,Sr. Noah da Paz,Itacoatiara,AM,Norte,P0016,Fone de Ouvido Profissional EDIFIER WH950NB,Áudio,2.0,899.0,0.0755,2025-05-22,2025-05-27
ORD04413,2025-05-16,Cliente_271,Rebeca Pires,Bom Jesus,PI,Nordeste,P0007,Película para iPhone 14Pro Anti impacto,Acessórios Mobile,4.0,51.8,0.0808,2025-05-18,2025-05-18
ORD04414,2025-05-16,Cliente_289,Noah Oliveira,Santana,AP,Norte,P0007,Película para iPhone 14Pro Anti impacto,Acessórios Mobile,3.0,51.8,0.2083,2025-05-22,2025-05-22
ORD04415,2025-05-16,Cliente_297,Letícia Campos,Boa Vista,RR,Norte,P0027,Caixa de Som Bluetooth JBL,Áudio,4.0,549.9,0.0965,2025-05-22,2025-05-25
ORD04416,2025-05-16,Cliente_301,Sarah Melo,Curitiba,PR,Sul,P0018,"Monitor UHD Samsung 32""",Informática,2.0,1626.57,0.0756,2025-05-20,2025-05-19
ORD04417,2025-05-16,Cliente_308,Enzo Gabriel Costa,Londrina,PR,Sul,P0002,Samsung Galaxy Tab S6 Lite,Smartphones e Tablets,3.0,1799.01,0.0721,2025-05-20,2025-05-20
ORD04418,2025-05-16,Cliente_323,Dr. João Pedro Carvalho,Boa Vista,RR,Norte,P0012,"Soundbar Tomate MTS-2017, Bivolt",Áudio,1.0,769.9,0.0672,2025-05-21,2025-05-21
ORD04419,2025-05-16,Cliente_327,Sra. Maria Eduarda Cardoso,Vila Velha,ES,Sudeste,P0007,Película para iPhone 14Pro Anti impacto,Acessórios Mobile,2.0,51.8,0.009,2025-05-24,2025-05-22
ORD04420,2025-05-16,Cliente_340,Bruno Cardoso,Gravataí,RS,Sul,P0015,Fone de Ouvido Profissional AKG K92,Áudio,1.0,428.99,0.0843,2025-05-18,2025-05-18
ORD04421,2025-05-16,Cliente_342,Vitor Gabriel Nascimento,Rio Branco,AC,Norte,P0015,Fone de Ouvido Profissional AKG K92,Áudio,1.0,428.99,0.0883,2025-05-21,2025-05-20
ORD04422,2025-05-16,Cliente_363,Diego Costela,Ananindeua,PA,Norte,P0025,Webcam Logitech Full HD,Informática,3.0,329.9,0.083,2025-05-22,2025-05-21
ORD04423,2025-05-16,Cliente_374,Letícia da Cunha,Florianópolis,SC,Sul,P0004,Carregador Turbo Tipo-C 50w,Acessórios Mobile,2.0,53.9,0.0424,2025-05-18,2025-05-17
ORD04424,2025-05-16,Cliente_381,Fernanda Rocha,Ribeirão Preto,SP,Sudeste,P0006,Fone de ouvido Sem Fio QCY T27,Áudio,2.0,129.86,0.0496,2025-05-22,2025-05-20
ORD04425,2025-05-16,Cliente_385,Helena Barros,Campinas,SP,Sudeste,P0005,"Fone de Ouvido Sem Fio TWS, PHILIPS",Áudio,2.0,124.91,0.0976,2025-05-20,2025-05-19
ORD04426,2025-05-16,Cliente_386,Diego Cavalcanti,Mucajaí,RR,Norte,P0014,Projetor EPSON Powerlite Wide Screen,TV e Projeção ,1.0,2742.13,0.1425,2025-05-23,2025-05-22
ORD04427,2025-05-16,Cliente_402,Catarina Gonçalves,Niterói,RJ,Sudeste,P0006,Fone de ouvido Sem Fio QCY T27,Áudio,1.0,129.86,0.082,2025-05-21,2025-05-22
ORD04428,2025-05-16,Cliente_408,Maria Julia Duarte,Marabá,PA,Norte,P0009,Smart TV 32” Philco LED Roku TV,TV e Projeção,2.0,949.0,0.1263,2025-05-21,2025-05-20
ORD04429,2025-05-16,Cliente_414,Stephany Melo,Timon,MA,Nordeste,P0006,Fone de ouvido Sem Fio QCY T27,Áudio,3.0,129.86,0.1138,2025-05-21,2025-05-23
ORD04430,2025-05-16,Cliente_439,Stella Cunha,Nova Iguaçu,RJ,Sudeste,P0002,Samsung Galaxy Tab S6 Lite,Smartphones e Tablets,1.0,1799.01,0.0582,2025-05-19,2025-05-18
ORD04431,2025-05-16,Cliente_456,Samuel Rocha,Londrina,PR,Sul,P0017,ACER Notebook Gamer Nitro,Informática,3.0,4604.0,0.1015,2025-05-21,2025-05-25
ORD04432,2025-05-16,Cliente_489,Bruno Caldeira,Duque de Caxias,RJ,Sudeste,P0014,Projetor EPSON Powerlite Wide Screen,TV e Projeção,2.0,2742.13,0.0766,2025-05-22,2025-05-20
ORD04433,2025-05-17,Cliente_025,Matheus Novaes,Joinville,SC,Sul,P0012,"Soundbar Tomate MTS-2017, Bivolt",Áudio,1.0,769.9,0.0676,2025-05-23,2025-05-23
ORD04434,2025-05-17,Cliente_055,Antônio Rocha,Rorainópolis,RR,Norte,P0008,Película de Vidro 3D Galaxy A30s,Acessórios Mobile,3.0,17.9,0.35,2025-05-25,2025-05-24
ORD04435,2025-05-17,Cliente_107,Leandro Nunes,Maringá,PR,Sul,P0007,Película para iPhone 14Pro Anti impacto,Acessórios Mobile,1.0,51.8,0.1285,2025-05-20,2025-05-20
ORD04436,2025-05-17,Cliente_126,Luiz Fernando da Costa,Juiz de Fora,MG,Sudeste,P0020,Teclado Mecanico Fizz,Informática,2.0,174.9,0.1142,2025-05-19,2025-05-18
ORD04437,2025-05-17,Cliente_206,João Miguel Azevedo,Estância,SE,Nordeste,P0018,"Monitor UHD Samsung 32""",Informática,1.0,1626.57,0.0569,2025-05-21,2025-05-20
ORD04438,2025-05-17,Cliente_208,Vitor Araújo,Betim,MG,Sudeste,P0027,Caixa de Som Bluetooth JBL,Áudio,3.0,549.9,0.0882,2025-05-24,2025-05-23
ORD04439,2025-05-17,Cliente_215,Olivia Souza,Camaçari,BA,Nordeste,P0014,Projetor EPSON Powerlite Wide Screen,TV e Projeção,3.0,2742.13,0.0286,2025-05-23,2025-05-22
ORD04440,2025-05-17,Cliente_216,Yasmin Costela,Pelotas,RS,Sul,P0004,Carregador Turbo Tipo-C 50w,Acessórios Mobile,3.0,53.9,0.0834,2025-05-21,2025-05-23
ORD04441,2025-05-17,Cliente_246,Luiza Almeida,Itajaí,SC,Sul,P0020,Teclado Mecanico Fizz,Informática,4.0,174.9,0.1148,2025-05-21,2025-05-21
ORD04442,2025-05-17,Cliente_256,Daniela Fogaça,Florianópolis,SC,Sul,P0006,Fone de ouvido Sem Fio QCY T27,Áudio,3.0,129.86,0.1261,2025-05-19,2025-05-19
ORD04443,2025-05-17,Cliente_263,Sr. Cauã Carvalho,Uberlândia,MG,Sudeste,P0008,Película de Vidro 3D Galaxy A30s,Acessórios Mobile,3.0,17.9,0.0226,2025-05-22,2025-05-21
ORD04444,2025-05-17,Cliente_272,Julia Freitas,Salvador,BA,Nordeste,P0025,Webcam Logitech Full HD,Informática,3.0,329.9,0.0698,2025-05-23,2025-05-22
ORD04445,2025-05-17,Cliente_274,Sra. Emanuelly da Costa,Porto Nacional,TO,Norte,P0025,Webcam Logitech Full HD,Informática,1.0,329.9,0.0947,2025-05-21,2025-05-22
ORD04446,2025-05-17,Cliente_288,Sr. Ryan Gonçalves,Campinas,SP,Sudeste,P0021,SSD Crucial 1TB NVMe M.2,Informática,1.0,449.0,0.1458,2025-05-20,2025-05-20
ORD04447,2025-05-17,Cliente_298,Clara Gomes,Fortaleza,CE,Nordeste,P0008,Película de Vidro 3D Galaxy A30s,Acessórios Mobile,2.0,17.9,0.1133,2025-05-23,2025-05-23
ORD04448,2025-05-17,Cliente_301,Sarah Melo,Curitiba,PR,Sul,P0004,Carregador Turbo Tipo-C 50w,Acessórios Mobile,2.0,53.9,0.0462,2025-05-19,2025-05-22
ORD04449,2025-05-17,Cliente_322,Ana Vitória Costela,Caxias do Sul,RS,Sul,P0017,ACER Notebook Gamer Nitro,Informática,4.0,4604.0,0.0838,2025-05-22,2025-05-21
ORD04450,2025-05-17,Cliente_323,Dr. João Pedro Carvalho,Boa Vista,RR,Norte,P0009,Smart TV 32” Philco LED Roku TV,TV e Projeção,2.0,949.0,0.0928,2025-05-21,2025-05-20
ORD04451,2025-05-17,Cliente_323,Dr. João Pedro Carvalho,Boa Vista,RR,Norte,P0025,Webcam Logitech Full HD,Informática,,329.9,0.0884,2025-05-22,2025-05-22
ORD04452,2025-05-17,Cliente_326,Emanuella Porto,Ferreira Gomes,AP,Norte,P0022,Smartphone Motorola Edge 50 Neo,Smartphones e Tablets,1.0,2299.9,0.1304,2025-05-20,2025-05-18
ORD04453,2025-05-17,Cliente_327,Sra. Maria Eduarda Cardoso,Vila Velha,ES,Sudeste,P0010,"Smart TV LED 32""Samsung LED Tizen TV",TV e Projeção,1.0,1079.0,0.0923,2025-05-21,2025-05-25
ORD04454,2025-05-17,Cliente_356,Matheus Ribeiro,Londrina,PR,Sul,P0007,Película para iPhone 14Pro Anti impacto,Acessórios Mobile,2.0,51.8,0.1223,2025-05-19,2025-05-19
ORD04455,2025-05-17,Cliente_366,Ana Laura Teixeira,Londrina,PR,Sul,P0025,Webcam Logitech Full HD,Informática,3.0,329.9,0.0822,2025-05-20,2025-05-19
ORD04456,2025-05-17,Cliente_368,Bryan da Mota,Lagarto,SE,Nordeste,P0001,Samsung Galaxy A36,Smartphones e Tablets,1.0,1979.1,0.0485,2025-05-21,2025-05-21
ORD04457,2025-05-17,Cliente_371,Ana Luiza Nunes,Joinville,SC,Sul,P0006,Fone de ouvido Sem Fio QCY T27,Áudio,4.0,129.86,0.0147,2025-05-23,2025-05-23
ORD04458,2025-05-17,Cliente_372,Diego Silva,Caracaraí,RR,Norte,P0005,"Fone de Ouvido Sem Fio TWS, PHILIPS", Áudio,,124.91,0.0844,2025-05-24,2025-05-23
ORD04459,2025-05-17,Cliente_406,Laís da Costa,Juiz de Fora,MG,Sudeste,P0027,Caixa de Som Bluetooth JBL,Áudio,2.0,549.9,0.0725,2025-05-19,2025-05-18
ORD04460,2025-05-18,Cliente_031,Stella Peixoto,Duque de Caxias,RJ,Sudeste,P0027,Caixa de Som Bluetooth JBL,Áudio,1.0,549.9,0.0926,2025-05-23,2025-05-23
ORD04461,2025-05-18,Cliente_088,Bernardo Pereira,Olinda,PE,Nordeste,P0007,Película para iPhone 14Pro Anti impacto,Acessórios Mobile,4.0,51.8,0.0914,2025-05-24,2025-05-26
ORD04462,2025-05-18,Cliente_204,Júlia da Mota,Santa Maria,RS,Sul,P0004,Carregador Turbo Tipo-C 50w,Acessórios Mobile,4.0,53.9,0.0666,2025-05-23,2025-05-20
ORD04463,2025-05-18,Cliente_219,Natália da Luz,Cascavel,PR,Sul,P0027,Caixa de Som Bluetooth JBL,Áudio,1.0,549.9,0.0615,2025-05-24,2025-05-22
ORD04464,2025-05-18,Cliente_234,Leonardo Oliveira,Maringá,PR,Sul,P0004,Carregador Turbo Tipo-C 50w,Acessórios Mobile,2.0,53.9,0.0785,2025-05-20,2025-05-20
ORD04465,2025-05-18,Cliente_301,Sarah Melo,Curitiba,PR,Sul,P0027,Caixa de Som Bluetooth JBL,Áudio,,549.9,0.1009,2025-05-22,2025-05-21
ORD04466,2025-05-18,Cliente_311,Catarina Vieira,Natal,RN,Nordeste,P0025,Webcam Logitech Full HD,Informática,4.0,329.9,0.1305,2025-05-24,2025-05-23
ORD04467,2025-05-18,Cliente_315,Calebe Gonçalves,Currais Novos,RN,Nordeste,P0020,Teclado Mecanico Fizz,Informática,2.0,174.9,0.1276,2025-05-24,2025-05-22
ORD04468,2025-05-18,Cliente_321,João Guilherme Vieira,Porto Alegre,RS,Sul,P0027,Caixa de Som Bluetooth JBL,Áudio,2.0,549.9,0.0998,2025-05-22,2025-05-27
ORD04469,2025-05-18,Cliente_326,Emanuella Porto,Ferreira Gomes,AP,Norte,P0002,Samsung Galaxy Tab S6 Lite,Smartphones e Tablets,1.0,1799.01,0.0481,2025-05-23,2025-05-26
ORD04470,2025-05-18,Cliente_330,Rebeca Farias,Cascavel,PR,Sul,P0022,Smartphone Motorola Edge 50 Neo,Smartphones e Tablets,1.0,2299.9,0.1315,2025-05-23,2025-05-22
ORD04471,2025-05-18,Cliente_357,Amanda Araújo,Araguaína,TO,Norte,P0011,"Soundbar Samsung com 2.1 canais, Dolby Digital",Áudio,3.0,1072.0,0.0661,2025-05-24,2025-05-24
ORD04472,2025-05-18,Cliente_362,Sr. Juan Cardoso,Pico,PI,Nordeste,P0006,Fone de ouvido Sem Fio QCY T27,Áudio,,129.86,0.0402,2025-05-22,2025-05-21
ORD04473,2025-05-18,Cliente_368,Bryan da Mota,Lagarto,SE,Nordeste,P0001,Samsung Galaxy A36,Smartphones e Tablets,4.0,1979.1,0.233,2025-05-21,2025-05-20
ORD04474,2025-05-18,Cliente_384,Brenda Monteiro,Santana,AP,Norte,P0001,Samsung Galaxy A36,Smartphones e Tablets,1.0,1979.1,0.1328,2025-05-23,2025-05-24
ORD04475,2025-05-18,Cliente_408,Maria Julia Duarte,Marabá,PA,Norte,P0007,Película para iPhone 14Pro Anti impacto,Acessórios Mobile,2.0,51.8,0.119,2025-05-25,2025-05-25
ORD04476,2025-05-18,Cliente_430,Guilherme Silveira Gomes,Caxias do Sul,RS,Sul,P0005,"Fone de Ouvido Sem Fio TWS, PHILIPS",Áudio,3.0,124.91,0.1132,2025-05-24,2025-05-25
ORD04477,2025-05-18,Cliente_480,Eloah Rezende,Itajaí,SC,Sul,P0013,"Projetor Smart Epson EpiqVision, FULL HD",TV e Projeção,2.0,3049.99,0.0732,2025-05-20,2025-05-19
ORD04478,2025-05-18,Cliente_481,Rafaela Mendes Freitas,Maringá,PR,Sul,P0020,Teclado Mecanico Fizz,Informática,3.0,174.9,0.0964,2025-05-24,2025-05-25
ORD04479,2025-05-18,Cliente_484,Rafael Novaes Nogueira,Santa Maria,RS,Sul,P0010," Smart TV LED 32""Samsung LED Tizen TV",TV e Projeção,1.0,1079.0,0.0952,2025-05-23,2025-05-24
ORD04480,2025-05-18,Cliente_529,Vinicius Paz,Vila Velha,ES,Sudeste,P0012,"Soundbar Tomate MTS-2017, Bivolt",Áudio ,1.0,769.9,0.0613,2025-05-24,2025-05-29
ORD04481,2025-05-18,Cliente_545,Felipe Cardoso,Florianópolis,SC,Sul,P0026,Cabo USB-C Trançado 2m,Acessórios Mobile,3.0,34.9,0.0793,2025-05-21,2025-05-20
ORD04482,2025-05-19,Cliente_012,Dr. Arthur da Cunha,Caracaraí,RR,Norte,P0015,Fone de Ouvido Profissional AKG K92,Áudio,1.0,428.99,0.1601,2025-05-24,2025-05-23
ORD04483,2025-05-19,Cliente_021,Mirella Rodrigues,Ribeirão Preto,SP,Sudeste,P0008,Película de Vidro 3D Galaxy A30s,Acessórios Mobile,4.0,17.9,0.1647,2025-05-23,2025-05-24
ORD04484,2025-05-19,Cliente_048,Sr. Gustavo Henrique Peixoto,Gravataí,RS,Sul,P0020,Teclado Mecanico Fizz,Informática,2.0,174.9,0.1628,2025-05-23,2025-05-22
ORD04485,, Cliente_051 ,Maria Julia Pinto,Blumenau,SC,Sul,P0021,SSD Crucial 1TB NVMe M.2,Informática,3.0,449.0,0.0314,2025-05-23,2025-05-24
ORD04486,2025-05-19,Cliente_057,Sr. Antônio Ramos,Sena Madureira,AC,Norte,P0003,Carregador Turbo USB-C 30W,Acessórios Mobile,3.0,49.9,0.1568,2025-05-26,2025-05-26
ORD04487,2025-05-19,Cliente_058,Sr. Nathan Peixoto,Itacoatiara,AM,Norte,P0007,Película para iPhone 14Pro Anti impacto,Acessórios Mobile,4.0,51.8,0.0926,2025-05-24,2025-05-24
ORD04488,2025-05-19,Cliente_060,Kaique Gomes,São Bernardo do Campo,SP,Sudeste,P0005,"Fone de Ouvido Sem Fio TWS, PHILIPS",Áudio,1.0,124.91,0.1427,2025-05-21,2025-05-20
ORD04489,2025-05-19,Cliente_061,Dr. Emanuel Fogaça,Porto Nacional,TO,Norte,P0015,Fone de Ouvido Profissional AKG K92,Áudio,3.0,428.99,0.1361,2025-05-27,2025-05-26
ORD04490,2025-05-19,Cliente_075,Rafaela Peixoto,Ribeirão Preto,SP,Sudeste,P0012,"Soundbar Tomate MTS-2017, Bivolt",Áudio,1.0,769.9,0.0398,2025-05-23,2025-05-20
ORD04491,2025-05-19,Cliente_174,Manuela Nogueira,Pelotas,RS,Sul,P0017,ACER Notebook Gamer Nitro,Informática,1.0,4604.0,0.0669,2025-05-22,2025-05-22
ORD04492,2025-05-19,Cliente_184,Sarah da Costa,Teresina,PI,Nordeste,P0005,"Fone de Ouvido Sem Fio TWS, PHILIPS",Áudio,1.0,124.91,0.1459,2025-05-25,2025-05-26
ORD04493,2025-05-19,Cliente_199,João Guilherme Fogaça,Ananindeua,PA,Norte,P0013,"Projetor Smart Epson EpiqVision, FULL HD",TV e Projeção,1.0,3049.99,0.0645,2025-05-26,2025-05-29
ORD04494,2025-05-19,Cliente_212,Letícia Carvalho,Juiz de Fora,MG,Sudeste,P0016,Fone de Ouvido Profissional EDIFIER WH950NB, Áudio,2.0,899.0,0.0363,2025-05-24,2025-05-23
ORD04495,2025-05-19,Cliente_220,Larissa da Paz,Caucaia,CE,Nordeste,P0020,Teclado Mecanico Fizz,Informática,2.0,174.9,0.0892,2025-05-26,2025-05-23
ORD04496,2025-05-19,Cliente_230,Maria Nogueira,Bayeux,PB,Nordeste,P0004,Carregador Turbo Tipo-C 50w,Acessórios Mobile,1.0,53.9,0.0571,2025-05-24,2025-05-25
ORD04497,2025-05-19,Cliente_285,Maria Vitória Jesus,Vitória da Conquista,BA,Nordeste,P0007,Película para iPhone 14Pro Anti impacto,Acessórios Mobile,4.0,,0.1409,2025-05-23,2025-05-22
ORD04498,2025-05-19,Cliente_317,Catarina Ramos,Ferreira Gomes,AP,Norte,P0023,Tablet Lenovo Tab M11,Smartphones e Tablets,4.0,1399.9,0.1964,2025-05-24,2025-05-23
ORD04499,2025-05-19,Cliente_336,Ana Lívia Dias,Feira de Santana,BA,Nordeste,P0027,Caixa de Som Bluetooth JBL,Áudio,,549.9,0.1584,2025-05-25,2025-05-25
ORD04500,2025-05-19,Cliente_361,Clara da Paz,Camaçari,BA,Nordeste,P0005,"Fone de Ouvido Sem Fio TWS, PHILIPS",Áudio,1.0,124.91,0.1428,2025-05-24,2025-05-27
ORD04501,2025-05-19,Cliente_394,Eduardo Oliveira,Ribeirão Preto,SP,Sudeste,P0010,"Smart TV LED 32""Samsung LED Tizen TV",TV e Projeção,3.0,1079.0,0.2013,2025-05-25,2025-05-25
ORD04502,2025-05-19,Cliente_402,Catarina Gonçalves,Niterói,RJ,Sudeste,P0021,SSD Crucial 1TB NVMe M.2,Informática,4.0,449.0,0.0639,2025-05-23,2025-05-23
ORD04503,2025-05-19,Cliente_411,Stephany Almeida,Santo André,SP,Sudeste,P0015,Fone de Ouvido Profissional AKG K92,Áudio,3.0,428.99,0.0734,2025-05-24,2025-05-23
ORD04504,2025-05-19,Cliente_414,Stephany Melo,Timon,MA,Nordeste,P0023, Tablet Lenovo Tab M11, Smartphones e Tablets,4.0,1399.9,0.1279,2025-05-24,2025-05-24
ORD04505,2025-05-19,Cliente_491,Thiago Teixeira Moreira,Ponta Grossa,PR,Sul,P0019,Mouse Redragon Wireless,Informática,4.0,165.99,0.1715,2025-05-22,2025-05-24
ORD04506,2025-05-19,Cliente_499,Isabel Nogueira,Caicó,RN,Nordeste,P0009,Smart TV 32” Philco LED Roku TV,TV e Projeção,2.0,949.0,0.0411,2025-05-23,2025-05-22
ORD04507,2025-05-19,Cliente_499,Isabel Nogueira,Caicó,RN,Nordeste,P0024,Memória Kingston Fury 16GB DDR5,Informática,2.0,389.9,0.1307,2025-05-26,2025-05-26
ORD04508,2025-05-19,Cliente_528,Thiago Mata Mendes,Niterói,RJ,Sudeste,P0012,"Soundbar Tomate MTS-2017, Bivolt",Áudio,1.0,769.9,0.0795,2025-05-24,2025-05-23
ORD04509,2025-05-20,Cliente_001,Evelyn da Luz,Cacoal,RO,Norte,P0022,Smartphone Motorola Edge 50 Neo,Smartphones e Tablets,3.0,2299.9,0.1286,2025-05-24,2025-05-24
ORD04510,2025-05-20,Cliente_056,Joana Rodrigues,Sobral,CE,Nordeste,P0001,Samsung Galaxy A36,Smartphones e Tablets,3.0,1979.1,0.1881,2025-05-22,2025-05-22
ORD04511,2025-05-20,Cliente_058,Sr. Nathan Peixoto,Itacoatiara,AM,Norte,P0019, Mouse Redragon Wireless,Informática,4.0,165.99,0.1367,2025-05-29,2025-05-29
ORD04512,2025-05-20,Cliente_112,Maria Luiza das Neves,Linhares,ES,Sudeste,P0008,Película de Vidro 3D Galaxy A30s,Acessórios Mobile,2.0,17.9,0.1699,2025-05-27,2025-05-30
ORD04513,2025-05-20,Cliente_121,Kamilly Pereira,Pelotas,RS,Sul,P0012,"Soundbar Tomate MTS-2017, Bivolt",Áudio,3.0,769.9,0.1058,2025-05-26,2025-05-27
ORD04514,2025-05-20,Cliente_138,Pedro Nascimento,Uberlândia,MG,Sudeste,P0004,Carregador Turbo Tipo-C 50w,Acessórios Mobile,4.0,53.9,0.0743,2025-05-26,2025-05-25
ORD04515,2025-05-20,Cliente_178,Arthur Azevedo,Caxias,MA,Nordeste,P0027,Caixa de Som Bluetooth JBL,Áudio,3.0,549.9,0.1225,2025-05-26,2025-05-28
ORD04516,2025-05-20,cliente_227,Bruno Nascimento,Bayeux,PB,Nordeste,P0020,Teclado Mecanico Fizz,Informática,2.0,174.9,0.0537,2025-05-27,2025-05-28
ORD04517,2025-05-20,Cliente_322,Ana Vitória Costela,Caxias do Sul,RS,Sul,P0013,"Projetor Smart Epson EpiqVision, FULL HD",TV e Projeção,1.0,3049.99,0.0506,2025-05-27,2025-05-27
ORD04518,2025-05-20,Cliente_332,Júlia Moraes,São Bernardo do Campo,SP,Sudeste,P0009,Smart TV 32” Philco LED Roku TV,TV e Projeção,2.0,949.0,0.063,2025-05-26,2025-05-23
ORD04519,2025-05-20,Cliente_361,Clara da Paz,Camaçari,BA,Nordeste,P0001,Samsung Galaxy A36,Smartphones e Tablets,1.0,1979.1,0.1902,2025-05-25,2025-05-27
ORD04520,2025-05-20,Cliente_403,Laís da Paz,João Pessoa,PB,Nordeste,P0008,Película de Vidro 3D Galaxy A30s,Acessórios Mobile,4.0,17.9,0.1219,2025-05-24,2025-05-24
ORD04521,2025-05-20,Cliente_408,Maria Julia Duarte,Marabá,PA,Norte,P0020,Teclado Mecanico Fizz,Informática,4.0,174.9,0.1341,2025-05-26,2025-05-26
ORD04522,2025-05-20,Cliente_443,Leonardo Rezende,Caucaia,CE,Nordeste,P0020,Teclado Mecanico Fizz,Informática,,174.9,0.0867,2025-05-25,2025-05-24
ORD04523,2025-05-20,Cliente_452,Arthur Silveira,Porto Nacional,TO,Norte,P0012,"Soundbar Tomate MTS-2017, Bivolt",Áudio,1.0,769.9,0.0762,2025-05-27,2025-05-27
ORD04524,2025-05-21,Cliente_044,Dr. Pedro Porto,Londrina,PR,Sul,P0008,Película de Vidro 3D Galaxy A30s,Acessórios Mobile,4.0,17.9,0.3307,2025-05-25,2025-05-24
ORD04525,2025-05-21,Cliente_066,Antônio Moraes,Cascavel,PR,Sul,P0005,"Fone de Ouvido Sem Fio TWS, PHILIPS",Áudio,1.0,124.91,0.0871,2025-05-26,2025-05-25
ORD04526,2025-05-21,Cliente_068,Stephany Moreira,Curitiba,PR,Sul,P0002, Samsung Galaxy Tab S6 Lite,Smartphones e Tablets,1.0,1799.01,0.0354,2025-05-28,2025-05-28
ORD04527,2025-05-21,Cliente_094,Daniel Martins,Teresina,PI,Nordeste,P0007,Película para iPhone 14Pro Anti impacto,Acessórios Mobile,3.0,51.8,0.1897,2025-05-29,2025-05-29
ORD04528,2025-05-21,Cliente_108,Sr. Eduardo Moreira,Recife,PE,Nordeste,P0005,"Fone de Ouvido Sem Fio TWS, PHILIPS",Áudio,1.0,124.91,0.0852,2025-05-25,2025-05-24
ORD04529,2025-05-21,Cliente_123,Sra. Isabelly Oliveira,Ribeirão Preto,SP,Sudeste,P0012,"Soundbar Tomate MTS-2017, Bivolt",Áudio,2.0,769.9,0.0866,2025-05-26,2025-05-28
ORD04530,2025-05-21,Cliente_228,Gabrielly Santos,Santarém,PA,Norte,P0025,Webcam Logitech Full HD,Informática,3.0,329.9,0.0501,2025-05-28,2025-05-26
ORD04531,2025-05-21,Cliente_243,Laura da Cunha,Maringá,PR,Sul,P0018,"Monitor UHD Samsung 32""",Informática,1.0,1626.57,0.0367,2025-05-26,2025-05-26
ORD04532,2025-05-21,Cliente_364,Evelyn Azevedo,Fortaleza,CE,Nordeste,P0001,Samsung Galaxy A36,Smartphones e Tablets,2.0,1979.1,0.1124,2025-05-26,2025-05-26
ORD04533,2025-05-21,Cliente_394,Eduardo Oliveira,Ribeirão Preto,SP,Sudeste,P0017,ACER Notebook Gamer Nitro,Informática,3.0,4604.0,0.0752,2025-05-26,2025-05-26
ORD04534,2025-05-21,Cliente_406,Laís da Costa,Juiz de Fora,MG,Sudeste,P0011,"Soundbar Samsung com 2.1 canais, Dolby Digital",Áudio,2.0,1072.0,0.0566,2025-05-28,2025-05-27
ORD04535,,Cliente_469,Bryan Cardoso,Caicó,RN,Nordeste,P0001,Samsung Galaxy A36,Smartphones e Tablets,1.0,1979.1,0.2932,2025-05-25,2025-05-24
ORD04536,2025-05-21,Cliente_505,Leonardo Moura Cavalcanti,Caxias do Sul,RS,Sul,P0006,Fone de ouvido Sem Fio QCY T27,Áudio,2.0,129.86,0.0686,2025-05-23,2025-05-25
ORD04537,2025-05-21,Cliente_526,Larissa Alves,Juiz de Fora,MG,Sudeste,P0016,Fone de Ouvido Profissional EDIFIER WH950NB,Áudio,1.0,899.0,0.0313,2025-05-27,2025-05-27
ORD04538,2025-05-21,Cliente_528,Thiago Mata Mendes,Niterói,RJ,Sudeste,P0025,Webcam Logitech Full HD,Informática,3.0,329.9,0.1163,2025-05-25,2025-05-25
ORD04539,2025-05-22,Cliente_053,Pedro Moreira,Campinas,SP,Sudeste,P0015,Fone de Ouvido Profissional AKG K92,Áudio,2.0,428.99,0.1585,2025-05-27,2025-05-26
ORD04540,2025-05-22,Cliente_059,Srta. Laura Caldeira,Gravataí,RS,Sul,P0014,Projetor EPSON Powerlite Wide Screen,TV e Projeção,2.0,2742.13,0.0983,2025-05-28,2025-05-26
ORD04541,2025-05-22,Cliente_108,Sr. Eduardo Moreira,Recife,PE,Nordeste,P0010,"Smart TV LED 32""Samsung LED Tizen TV",TV e Projeção,1.0,1079.0,0.2632,2025-05-28,2025-05-27
ORD04542,2025-05-22,Cliente_108,Sr. Eduardo Moreira,Recife,PE,Nordeste,P0012,"Soundbar Tomate MTS-2017, Bivolt",Áudio,3.0,769.9,0.038,2025-05-29,2025-05-29
ORD04543,2025-05-22,Cliente_132,Pedro Miguel Rodrigues,São Bernardo do Campo,SP,Sudeste,P0009,Smart TV 32” Philco LED Roku TV ,TV e Projeção,1.0,949.0,0.043,2025-05-27,2025-05-24
ORD04544,2025-05-22,Cliente_137,Dra. Julia Castro,Rio de Janeiro,RJ,Sudeste,P0012,"Soundbar Tomate MTS-2017, Bivolt",Áudio,4.0,769.9,0.1037,2025-05-25,2025-05-25
ORD04545,2025-05-22,Cliente_170,Nicolas Vieira,Patos,PB,Nordeste,P0009,Smart TV 32” Philco LED Roku TV,TV e Projeção,4.0,949.0,0.0473,2025-05-29,2025-05-28
ORD04546,2025-05-22,Cliente_196,Fernando Costa,Vila Velha,ES,Sudeste,P0001,Samsung Galaxy A36,Smartphones e Tablets,2.0,1979.1,0.2129,2025-05-28,2025-05-28
ORD04547,2025-05-22,Cliente_206,João Miguel Azevedo,Estância,SE,Nordeste,P0025,Webcam Logitech Full HD,Informática,4.0,329.9,0.0542,2025-05-28,2025-05-26
ORD04548,2025-05-22,Cliente_209,Eduarda Nunes,Recife,PE,Nordeste,P0027,Caixa de Som Bluetooth JBL,Áudio,3.0,549.9,0.1212,2025-05-28,2025-06-01
ORD04549,2025-05-22,Cliente_227,Bruno Nascimento,Bayeux,PB,Nordeste,P0005,"Fone de Ouvido Sem Fio TWS, PHILIPS",Áudio,1.0,124.91,0.1134,2025-05-29,2025-05-28
ORD04550,2025-05-22,Cliente_236,Anthony Rezende,Timon,MA,Nordeste,P0009,Smart TV 32” Philco LED Roku TV,TV e Projeção,3.0,949.0,0.0429,2025-05-26,2025-05-27
ORD04551,2025-05-22,Cliente_238,Eloah Ribeiro,Florianópolis,SC,Sul,P0026,Cabo USB-C Trançado 2m,Acessórios Mobile,2.0,34.9,0.0379,2025-05-29,2025-05-28
ORD04552,2025-05-22,Cliente_243,Laura da Cunha,Maringá,PR,Sul,P0013,"Projetor Smart Epson EpiqVision, FULL HD",TV e Projeção,1.0,3049.99,0.0986,2025-05-25,2025-05-23
ORD04553,2025-05-22,Cliente_255,Anthony Pires,Caxias do Sul,RS,Sul,P0019,Mouse Redragon Wireless,Informática,4.0,165.99,0.1518,2025-05-26,2025-05-25
ORD04554,2025-05-22,Cliente_263,Sr. Cauã Carvalho,Uberlândia,MG,Sudeste,P0003,Carregador Turbo USB-C 30W,Acessórios Mobile,3.0,49.9,0.0879,2025-05-27,2025-05-25
ORD04555,2025-05-22,Cliente_290,Luiz Henrique Moraes,Laranjal do Jari,AP,Norte,P0012,"Soundbar Tomate MTS-2017, Bivolt",Áudio,3.0,769.9,0.0566,2025-05-29,2025-05-26
ORD04556,2025-05-22,Cliente_313,Noah Rodrigues,Ji-Paraná,RO,Norte,P0006,Fone de ouvido Sem Fio QCY T27,Áudio,2.0,129.86,0.0627,2025-05-28,2025-05-30
ORD04557,2025-05-22,Cliente_334,Dr. Rafael Castro,Caicó,RN,Nordeste,P0005,"Fone de Ouvido Sem Fio TWS, PHILIPS",Áudio,4.0,124.91,0.1609,2025-05-26,2025-05-28
ORD04558,2025-05-22,Cliente_360,Mariane Campos,Teresina,PI,Nordeste,P0009,Smart TV 32” Philco LED Roku TV,TV e Projeção,2.0,949.0,0.0417,2025-05-29,2025-05-28
ORD04559,2025-05-22,Cliente_361,Clara da Paz,Camaçari,BA,Nordeste,P0007,Película para iPhone 14Pro Anti impacto,Acessórios Mobile,3.0,51.8,0.1247,2025-05-27,2025-05-26
ORD04560,2025-05-22,Cliente_368,Bryan da Mota,Lagarto,SE,Nordeste,P0018,"Monitor UHD Samsung 32""",Informática,4.0,1626.57,0.1113,2025-05-26,2025-05-25
ORD04561,2025-05-22,Cliente_385,Helena Barros,Campinas,SP,Sudeste,P0011,"Soundbar Samsung com 2.1 canais, Dolby Digital",Áudio,1.0,1072.0,0.0199,2025-05-24,2025-05-26
ORD04562,2025-05-22,Cliente_394,Eduardo Oliveira,Ribeirão Preto,SP,Sudeste,P0006,Fone de ouvido Sem Fio QCY T27,Áudio,3.0,,0.0578,2025-05-26,2025-05-25
ORD04563,2025-05-22,Cliente_405,Amanda Fogaça,Linhares,ES,Sudeste,P0008,Película de Vidro 3D Galaxy A30s,Acessórios Mobile,2.0,17.9,0.11,2025-05-29,2025-05-30
ORD04564,2025-05-22,Cliente_414,Stephany Melo,Timon,MA,Nordeste,P0027,Caixa de Som Bluetooth JBL,Áudio,2.0,549.9,0.1104,2025-05-29,2025-05-27
ORD04565,2025-05-22,Cliente_424,João Pereira,Caxias do Sul,RS,Sul,P0024,Memória Kingston Fury 16GB DDR5,Informática,4.0,389.9,0.1129,2025-05-25,2025-05-29
ORD04566,2025-05-22,Cliente_514,Emanuella Luz Souza,Curitiba,PR,Sul,P0006,Fone de ouvido Sem Fio QCY T27,Áudio,3.0,129.86,0.0751,2025-05-28,2025-05-27
ORD04567,2025-05-22,Cliente_521,Lívia Ferreira,Gravataí,RS,Sul,P0011,"Soundbar Samsung com 2.1 canais, Dolby Digital",Áudio,,1072.0,0.0558,2025-05-24,2025-05-25
ORD04568,2025-05-23,Cliente_007,Helena Souza,Feira de Santana,BA,Nordeste,P0024,Memória Kingston Fury 16GB DDR5,Informática,4.0,389.9,0.1304,2025-05-30,2025-05-29
ORD04569,2025-05-23,Cliente_016,Sr. Thomas Nascimento,Tarauacá,AC,Norte,P0006,Fone de ouvido Sem Fio QCY T27,Áudio,,129.86,0.0584,2025-05-28,2025-05-27
ORD04570,2025-05-23,Cliente_049,Isis Pinto,Santarém,PA,Norte,P0004,Carregador Turbo Tipo-C 50w ,Acessórios Mobile,3.0,53.9,0.0566,2025-05-28,2025-05-27
ORD04571,2025-05-23,Cliente_091,Dra. Esther Silva,Belém,PA,Norte,P0027,Caixa de Som Bluetooth JBL,Áudio,3.0,549.9,0.1152,2025-05-29,2025-05-29
ORD04572,2025-05-23,Cliente_109,Gustavo Henrique Cunha,Cantá,RR,Norte,P0020,Teclado Mecanico Fizz,Informática,3.0,174.9,0.2881,2025-05-28,2025-05-27
ORD04573,2025-05-23,Cliente_120,Laís das Neves,Tarauacá,AC,Norte,P0010,"Smart TV LED 32""Samsung LED Tizen TV",TV e Projeção,2.0,1079.0,0.1025,2025-05-28,2025-05-28
ORD04574,2025-05-23,Cliente_127,Lucas Gabriel Jesus,Ji-Paraná,RO,Norte,P0026,Cabo USB-C Trançado 2m,Acessórios Mobile,4.0,34.9,0.0629,2025-05-30,2025-05-30
ORD04575,2025-05-23,Cliente_160,Vitória da Conceição,Santa Rita,PB,Nordeste,P0004,Carregador Turbo Tipo-C 50w,Acessórios Mobile,4.0,53.9,0.0688,2025-05-29,2025-06-01
ORD04576,2025-05-23,Cliente_165,Maria Fernanda Teixeira,Duque de Caxias,RJ,Sudeste,P0007,Película para iPhone 14Pro Anti impacto,Acessórios Mobile,2.0,51.8,0.0672,2025-05-29,2025-05-28
ORD04577,2025-05-23,Cliente_244,Maria Vitória Martins,Rio de Janeiro,RJ,Sudeste,P0017,ACER Notebook Gamer Nitro,Informática,2.0,4604.0,0.0761,2025-05-27,2025-06-01
ORD04578,2025-05-23,Cliente_247,João Moraes,Campinas,SP,Sudeste,P0027,Caixa de Som Bluetooth JBL,Áudio,1.0,549.9,0.0899,2025-05-27,2025-05-26
ORD04579,2025-05-23,Cliente_252,Sr. Isaac Melo,Itajaí,SC,Sul,P0002,Samsung Galaxy Tab S6 Lite,Smartphones e Tablets,2.0,1799.01,0.0356,2025-05-29,2025-06-02
ORD04580,2025-05-23,Cliente_266,Caroline Carvalho,Cruzeiro do Sul,AC,Norte,P0005,"Fone de Ouvido Sem Fio TWS, PHILIPS",Áudio,1.0,124.91,0.153,2025-05-29,2025-05-29
ORD04581,2025-05-23,Cliente_289,Noah Oliveira,Santana,AP,Norte,P0009,Smart TV 32” Philco LED Roku TV,TV e Projeção,3.0,949.0,0.0492,2025-06-01,2025-06-04
ORD04582,2025-05-23,Cliente_300,Dra. Maria Sophia Nogueira,Chapecó,SC,Sul,P0018,"Monitor UHD Samsung 32""",Informática ,1.0,1626.57,0.042,2025-05-27,2025-05-26
ORD04583,2025-05-23,Cliente_309,Dra. Ana Laura Pires,Itajaí,SC,Sul,P0004,Carregador Turbo Tipo-C 50w,Acessórios Mobile,4.0,53.9,0.0686,2025-05-27,2025-05-29
ORD04584,2025-05-23,Cliente_310,Sr. Breno Martins,Cascavel,PR,Sul,P0015,Fone de Ouvido Profissional AKG K92,Áudio,2.0,428.99,0.1279,2025-05-28,2025-05-27
ORD04585,2025-05-23,Cliente_344,Davi da Rocha,Duque de Caxias,RJ,Sudeste,P0017,ACER Notebook Gamer Nitro,Informática,1.0,4604.0,0.057,2025-05-27,2025-05-27
ORD04586,2025-05-23,Cliente_453,Maitê Moreira Viana,Itajaí,SC,Sul,P0009,Smart TV 32” Philco LED Roku TV,TV e Projeção,4.0,949.0,0.0232,2025-05-27,2025-05-24
ORD04587,2025-05-23,Cliente_492,Nathan Correia,Londrina,PR,Sul,P0005,"Fone de Ouvido Sem Fio TWS, PHILIPS",Áudio,1.0,124.91,0.182,2025-05-26,2025-05-25
ORD04588,2025-05-23,Cliente_527,Igor Porto Rodrigues,Teresina,PI,Nordeste,P0025,Webcam Logitech Full HD,Informática,3.0,329.9,0.0822,2025-05-29,2025-05-29
ORD04589,2025-05-23,Cliente_528,Thiago Mata Mendes,Niterói,RJ,Sudeste,P0010,"Smart TV LED 32""Samsung LED Tizen TV",TV e Projeção,2.0,1079.0,0.1403,2025-05-27,2025-05-27
ORD04590,2025-05-24,Cliente_024,Juliana Ferreira,Itacoatiara,AM,Norte,P0004,Carregador Turbo Tipo-C 50w,Acessórios Mobile,3.0,53.9,0.0662,2025-05-30,2025-05-29
ORD04591,,Cliente_029,Dr. Pedro Henrique da Cruz,São Paulo,SP,Sudeste,P0010,"Smart TV LED 32""Samsung LED Tizen TV",TV e Projeção,3.0,1079.0,0.0855,2025-05-29,2025-05-28
ORD04592,2025-05-24,Cliente_034,Clarice Barbosa,Ji-Paraná,RO,Norte,P0004,Carregador Turbo Tipo-C 50w,Acessórios Mobile,4.0,53.9,0.0603,2025-05-31,2025-05-30
ORD04593,2025-05-24,Cliente_040,Renan Silveira,Propriá,SE,Nordeste,P0020,Teclado Mecanico Fizz,Informática,1.0,174.9,0.1276,2025-05-27,2025-05-25
ORD04594,2025-05-24,Cliente_048 ,Sr. Gustavo Henrique Peixoto,Gravataí,RS,Sul,P0025,Webcam Logitech Full HD,Informática,3.0,329.9,0.1264,2025-05-29,2025-05-29
ORD04595,2025-05-24,Cliente_073,Evelyn Castro,Juazeiro,BA,Nordeste,P0018,"Monitor UHD Samsung 32""",Informática,1.0,1626.57,0.0364,2025-05-30,2025-05-30
ORD04596,,Cliente_126,Luiz Fernando da Costa,Juiz de Fora,MG,Sudeste,P0012,"Soundbar Tomate MTS-2017, Bivolt",Áudio,1.0,769.9,0.0335,2025-06-01,2025-05-30
ORD04597,2025-05-24,Cliente_154,Juan Duarte,São Paulo,SP,Sudeste,P0027,Caixa de Som Bluetooth JBL,Áudio,3.0,549.9,0.0705,2025-05-28,2025-05-25
ORD04598,2025-05-24,Cliente_167,Sophie da Cruz,Caucaia,CE,Nordeste,P0012,"Soundbar Tomate MTS-2017, Bivolt",Áudio,3.0,769.9,0.0986,2025-05-28,2025-05-29
ORD04599,2025-05-24,Cliente_172 ,Luiz Gustavo Rocha,Porto Alegre,RS,Sul,P0012,"Soundbar Tomate MTS-2017, Bivolt",Áudio,1.0,769.9,0.0365,2025-05-28,2025-05-26
ORD04600,2025-05-24,Cliente_202,Nicolas Viana,Niterói,RJ,Sudeste,P0007,Película para iPhone 14Pro Anti impacto,Acessórios Mobile,3.0,51.8,0.1745,2025-05-28,2025-05-28
ORD04601,2025-05-24,Cliente_228,Gabrielly Santos,Santarém,PA,Norte,P0024,Memória Kingston Fury 16GB DDR5,Informática,,389.9,0.0957,2025-05-29,2025-05-26
ORD04602,2025-05-24,Cliente_234,Leonardo Oliveira,Maringá,PR,Sul,P0014,Projetor EPSON Powerlite Wide Screen,TV e Projeção,1.0,2742.13,0.1112,2025-05-30,2025-05-30
ORD04603,2025-05-24,Cliente_234,Leonardo Oliveira,Maringá,PR,Sul,P0024,Memória Kingston Fury 16GB DDR5,Informática,4.0,,0.1039,2025-05-30,2025-05-29
ORD04604,2025-05-24,Cliente_245,Nina Azevedo,Castanhal,PA,Norte,P0004,Carregador Turbo Tipo-C 50w,Acessórios Mobile,1.0,53.9,0.135,2025-05-29,2025-05-29
ORD04605,2025-05-24,Cliente_309,Dra. Ana Laura Pires,Itajaí,SC,Sul,P0018,"Monitor UHD Samsung 32""",Informática,2.0,1626.57,0.0815,2025-05-29,2025-06-02
ORD04606,2025-05-24,Cliente_313,Noah Rodrigues,Ji-Paraná,RO,Norte,P0003,Carregador Turbo USB-C 30W,Acessórios Mobile,2.0,49.9,0.0549,2025-05-29,2025-05-29
ORD04607,2025-05-24,Cliente_330,Rebeca Farias,Cascavel,PR,Sul,P0007,Película para iPhone 14Pro Anti impacto,Acessórios Mobile,2.0,51.8,0.1351,2025-05-29,2025-05-29
ORD04608,2025-05-24,Cliente_340,Bruno Cardoso,Gravataí,RS,Sul,P0009,Smart TV 32” Philco LED Roku TV,TV e Projeção,4.0,949.0,0.0386,2025-05-27,2025-05-27
ORD04609,2025-05-24,Cliente_373,Sr. Cauê Martins,Gravataí,RS,Sul,P0002,Samsung Galaxy Tab S6 Lite,Smartphones e Tablets,2.0,1799.01,0.059,2025-05-30,2025-05-27
ORD04610,2025-05-24,Cliente_406,Laís da Costa,Juiz de Fora,MG,Sudeste,P0012," Soundbar Tomate MTS-2017, Bivolt",Áudio,3.0,769.9,0.108,2025-05-28,2025-06-01
ORD04611,2025-05-24,Cliente_490,Manuela Freitas Mota,Pico,PI,Nordeste,P0008,Película de Vidro 3D Galaxy A30s, Acessórios Mobile,2.0,17.9,0.2016,2025-05-29,2025-05-27
ORD04612,2025-05-24,Cliente_529,Vinicius Paz,Vila Velha,ES,Sudeste,P0008,Película de Vidro 3D Galaxy A30s,Acessórios Mobile,3.0,17.9,0.1612,2025-05-28,2025-05-29
ORD04613,2025-05-24,Cliente_546,Nicole Costa,Caracaraí,RR,Norte,P0011,"Soundbar Samsung com 2.1 canais, Dolby Digital",Áudio,3.0,1072.0,0.1023,2025-05-31,2025-05-28
ORD04614,2025-05-24,Cliente_546,Nicole Costa,Caracaraí,RR,Norte,P0021,SSD Crucial 1TB NVMe M.2,Informática,,449.0,0.0461,2025-05-26,2025-05-26
ORD04615,2025-05-25,Cliente_007,Helena Souza,Feira de Santana,BA,Nordeste,P0020,Teclado Mecanico Fizz,Informática,1.0,174.9,0.0568,2025-06-03,2025-06-03
ORD04616,2025-05-25,Cliente_011,Julia Ribeiro,Santa Maria,RS,Sul,P0002,Samsung Galaxy Tab S6 Lite,Smartphones e Tablets,1.0,1799.01,0.0532,2025-05-30,2025-05-31
ORD04617,2025-05-25,Cliente_014,Pedro Lucas Melo,Brasiléia,AC,Norte,P0006,Fone de ouvido Sem Fio QCY T27,Áudio,1.0,129.86,0.0524,2025-06-03,2025-06-02
ORD04618,2025-05-25,Cliente_021,Mirella Rodrigues,Ribeirão Preto,SP,Sudeste,P0002,Samsung Galaxy Tab S6 Lite,Smartphones e Tablets,1.0,1799.01,0.0289,2025-05-31,2025-05-31
ORD04619,2025-05-25,Cliente_027,Davi Lucas Gomes,Ribeirão Preto,SP,Sudeste,P0003,Carregador Turbo USB-C 30W,Acessórios Mobile,2.0,49.9,0.035,2025-05-27,2025-05-26
ORD04620,2025-05-25,Cliente_052,Ana Beatriz Freitas,Ponta Grossa,PR,Sul,P0020,Teclado Mecanico Fizz,Informática,1.0,174.9,0.1632,2025-05-29,2025-05-27
ORD04621,2025-05-25,Cliente_058,Sr. Nathan Peixoto,Itacoatiara,AM,Norte,P0001,Samsung Galaxy A36,Smartphones e Tablets,4.0,1979.1,0.35,2025-05-30,2025-05-29
ORD04622,2025-05-25,Cliente_135,Eduardo Pires,Contagem,MG,Sudeste,P0023,Tablet Lenovo Tab M11,Smartphones e Tablets,4.0,1399.9,0.1241,2025-05-30,2025-05-28
ORD04623,2025-05-25,Cliente_149,Manuela Santos,Caxias do Sul,RS,Sul,P0027,Caixa de Som Bluetooth JBL,Áudio,1.0,549.9,0.0388,2025-05-31,2025-05-30
ORD04624,2025-05-25,Cliente_172,Luiz Gustavo Rocha,Porto Alegre,RS,Sul,P0012,"Soundbar Tomate MTS-2017, Bivolt",Áudio,2.0,769.9,0.1184,2025-05-29,2025-05-26
ORD04625,2025-05-25,Cliente_176,Vinicius Ribeiro,São Bernardo do Campo,SP,Sudeste,P0002,Samsung Galaxy Tab S6 Lite,Smartphones e Tablets,,1799.01,0.0618,2025-05-30,2025-06-05
ORD04626,2025-05-25,Cliente_201,Dr. Bruno Cardoso,Aracaju,SE,Nordeste,P0026,Cabo USB-C Trançado 2m,Acessórios Mobile,1.0,34.9,0.0923,2025-05-31,2025-05-31
ORD04627,2025-05-25,Cliente_223,Felipe da Cunha,Tarauacá,AC,Norte,P0002,Samsung Galaxy Tab S6 Lite,Smartphones e Tablets,2.0,1799.01,0.0722,2025-05-30,2025-05-31
ORD04628,2025-05-25,Cliente_263,Sr. Cauã Carvalho,Uberlândia,MG,Sudeste,P0012,"Soundbar Tomate MTS-2017, Bivolt",Áudio,1.0,769.9,0.0526,2025-05-27,2025-05-28
ORD04629,2025-05-25,Cliente_264,Sr. Noah da Paz,Itacoatiara,AM,Norte,P0020,Teclado Mecanico Fizz,Informática,3.0,174.9,0.0873,2025-05-29,2025-05-29
ORD04630,2025-05-25,Cliente_267,Manuela Monteiro,Joinville,SC,Sul,P0007,Película para iPhone 14Pro Anti impacto,Acessórios Mobile,1.0,51.8,0.059,2025-05-28,2025-05-28
ORD04631,2025-05-25,Cliente_282,Dr. Luiz Felipe Lopes,Niterói,RJ,Sudeste,P0009,Smart TV 32” Philco LED Roku TV,TV e Projeção,3.0,949.0,0.038,2025-05-30,2025-05-27
ORD04632,2025-05-25,Cliente_295,Emanuella Lima,Florianópolis,SC,Sul,P0013,"Projetor Smart Epson EpiqVision, FULL HD",TV e Projeção,2.0,3049.99,0.0941,2025-05-30,2025-05-29
ORD04633,2025-05-25,Cliente_300,Dra. Maria Sophia Nogueira,Chapecó,SC,Sul,P0013,"Projetor Smart Epson EpiqVision, FULL HD",TV e Projeção,1.0,3049.99,0.0516,2025-05-29,2025-05-31
ORD04634,2025-05-25,Cliente_310,Sr. Breno Martins,Cascavel,PR,Sul,P0017,ACER Notebook Gamer Nitro,Informática,1.0,4604.0,0.0633,2025-05-31,2025-05-31
ORD04635,2025-05-25,Cliente_312,Juan Araújo,Bacabal,MA,Nordeste,P0027,Caixa de Som Bluetooth JBL,Áudio,3.0,549.9,0.0723,2025-05-29,2025-05-31
ORD04636,2025-05-25,Cliente_313,Noah Rodrigues,Ji-Paraná,RO,Norte,P0013,"Projetor Smart Epson EpiqVision, FULL HD",TV e Projeção,2.0,3049.99,0.1643,2025-05-30,2025-05-29
ORD04637,2025-05-25,Cliente_334,Dr. Rafael Castro,Caicó,RN,Nordeste,P0005,"Fone de Ouvido Sem Fio TWS, PHILIPS",Áudio,3.0,124.91,0.1572,2025-05-27,2025-05-28
ORD04638,2025-05-25,Cliente_340,Bruno Cardoso,Gravataí,RS,Sul,P0010,"Smart TV LED 32""Samsung LED Tizen TV",TV e Projeção,,1079.0,0.1148,2025-05-28,2025-05-28
ORD04639,2025-05-25,Cliente_343,Bruno Silva,Porto Nacional,TO,Norte,P0010,"Smart TV LED 32""Samsung LED Tizen TV",TV e Projeção,1.0,1079.0,0.0922,2025-06-03,2025-06-02
ORD04640,2025-05-25,Cliente_344,Davi da Rocha,Duque de Caxias,RJ,Sudeste,P0001,Samsung Galaxy A36,Smartphones e Tablets,1.0,1979.1,0.1133,2025-05-30,2025-05-29
ORD04641,2025-05-25,Cliente_361,Clara da Paz,Camaçari,BA,Nordeste,P0027,Caixa de Som Bluetooth JBL,Áudio,1.0,549.9,0.0968,2025-05-31,2025-05-30
ORD04642,2025-05-25,Cliente_366,Ana Laura Teixeira,Londrina,PR,Sul,P0015,Fone de Ouvido Profissional AKG K92,Áudio,1.0,428.99,0.1134,2025-05-31,2025-05-31
ORD04643,2025-05-25,Cliente_381,Fernanda Rocha,Ribeirão Preto,SP,Sudeste,P0001,Samsung Galaxy A36,Smartphones e Tablets,2.0,1979.1,0.1354,2025-05-30,2025-05-27
ORD04644,2025-05-25,cliente#382,Bryan Ribeiro,Cachoeiro de Itapemirim,ES,Sudeste,P0008,Película de Vidro 3D Galaxy A30s,Acessórios Mobile,4.0,17.9,0.2772,2025-05-31,2025-05-30
ORD04645,2025-05-25,Cliente_384,Brenda Monteiro,Santana,AP,Norte,P0008,Película de Vidro 3D Galaxy A30s,Acessórios Mobile,3.0,17.9,0.1174,2025-05-30,2025-06-04
ORD04646,2025-05-25,Cliente_406,Laís da Costa,Juiz de Fora,MG,Sudeste,P0020,Teclado Mecanico Fizz,Informática,2.0,174.9,0.1243,2025-05-31,2025-05-31
ORD04647,2025-05-25,Cliente_407,Daniel da Luz,Londrina,PR,Sul,P0014,Projetor EPSON Powerlite Wide Screen,TV e Projeção,3.0,2742.13,0.1215,2025-05-29,2025-05-27
ORD04648,2025-05-25,Cliente_424,João Pereira,Caxias do Sul,RS,Sul,P0019,Mouse Redragon Wireless,Informática,3.0,165.99,0.1239,2025-05-28,2025-06-01
ORD04649,2025-05-25,Cliente_499,Isabel Nogueira,Caicó,RN,Nordeste,P0018,"Monitor UHD Samsung 32""",Informática,1.0,1626.57,0.093,2025-05-31,2025-05-30
ORD04650,2025-05-25,Cliente_520,Isabella Fernandes,Santo André,SP,Sudeste,P0021,SSD Crucial 1TB NVMe M.2,Informática,3.0,449.0,0.0976,2025-05-29,2025-05-28
ORD04651,2025-05-26,Cliente_013,Luiza Silva,Natal,RN,Nordeste,P0008,Película de Vidro 3D Galaxy A30s ,Acessórios Mobile,2.0,17.9,0.0978,2025-06-01,2025-06-02
ORD04652,2025-05-26,Cliente_026,Ana Júlia Lima,Contagem,MG,Sudeste,P0017,ACER Notebook Gamer Nitro,Informática,2.0,4604.0,0.0555,2025-05-31,2025-05-30
ORD04653,2025-05-26,Cliente_115,Gabrielly da Conceição,Serra,ES,Sudeste,P0025,Webcam Logitech Full HD,Informática,4.0,329.9,0.2227,2025-05-30,2025-05-30
ORD04654,2025-05-26,Cliente_186,Dra. Helena Teixeira,Bom Jesus,PI,Nordeste,P0027,Caixa de Som Bluetooth JBL,Áudio,4.0,549.9,0.1015,2025-05-31,2025-05-30
ORD04655,2025-05-26,Cliente_279,Sofia Santos,Chapecó,SC,Sul,P0003,Carregador Turbo USB-C 30W,Acessórios Mobile,3.0,49.9,0.0709,2025-05-28,2025-05-27
ORD04656,2025-05-26,Cliente_336,Ana Lívia Dias,Feira de Santana,BA,Nordeste,P0012,"Soundbar Tomate MTS-2017, Bivolt",Áudio,4.0,769.9,0.0701,2025-06-01,2025-06-01
ORD04657,2025-05-26,Cliente_340,Bruno Cardoso,Gravataí,RS,Sul,P0016,Fone de Ouvido Profissional EDIFIER WH950NB,Áudio,1.0,899.0,0.0272,2025-05-31,2025-05-31
ORD04658,2025-05-26,Cliente_360,Mariane Campos,Teresina,PI,Nordeste,P0010,"Smart TV LED 32""Samsung LED Tizen TV",TV e Projeção,3.0,1079.0,0.0852,2025-05-31,2025-05-31
ORD04659,2025-05-26,Cliente_528,Thiago Mata Mendes,Niterói,RJ,Sudeste,P0015,Fone de Ouvido Profissional AKG K92,Áudio,2.0,428.99,0.0806,2025-05-29,2025-05-27
ORD04660,2025-05-27,Cliente_065,Letícia Porto,Santana,AP,Norte,P0023,Tablet Lenovo Tab M11,Smartphones e Tablets,1.0,1399.9,0.1374,2025-06-03,2025-06-01
ORD04661,2025-05-27,Cliente_083,Sophie Souza,Santo André,SP,Sudeste,P0016,Fone de Ouvido Profissional EDIFIER WH950NB,Áudio,3.0,899.0,0.0491,2025-06-03,2025-05-31
ORD04662,2025-05-27,Cliente_103,Emanuel Aragão,Manaus,AM,Norte,P0001,Samsung Galaxy A36,Smartphones e Tablets,2.0,1979.1,0.1414,2025-06-03,2025-06-02
ORD04663,2025-05-27,Cliente_170,Nicolas Vieira,Patos,PB,Nordeste,P0017,ACER Notebook Gamer Nitro,Informática,1.0,4604.0,0.0573,2025-05-30,2025-05-30
ORD04664,2025-05-27,Cliente_179,Ana Vitória da Rocha,São Paulo,SP,Sudeste,P0027,Caixa de Som Bluetooth JBL,Áudio,2.0,549.9,0.0923,2025-06-01,2025-05-29
ORD04665,2025-05-27, Cliente_218,Isabel Pereira,Vila Velha,ES,Sudeste,P0002,Samsung Galaxy Tab S6 Lite,Smartphones e Tablets,2.0,1799.01,0.0641,2025-06-02,2025-05-31
ORD04666,2025-05-27,Cliente_218,Isabel Pereira,Vila Velha,ES,Sudeste,P0007,Película para iPhone 14Pro Anti impacto,Acessórios Mobile,,51.8,0.0757,2025-05-30,2025-05-29
ORD04667,2025-05-27,Cliente_219,Natália da Luz,Cascavel,PR,Sul,P0007,Película para iPhone 14Pro Anti impacto,Acessórios Mobile,4.0,51.8,0.1068,2025-05-31,2025-05-30
ORD04668,2025-05-27,Cliente_247,João Moraes,Campinas,SP,Sudeste,P0027,Caixa de Som Bluetooth JBL,Áudio,3.0,549.9,0.0904,2025-06-02,2025-06-02
ORD04669,2025-05-27,Cliente_259,Melissa da Rocha,São Bernardo do Campo,SP,Sudeste,P0010,"Smart TV LED 32""Samsung LED Tizen TV",TV e Projeção,2.0,1079.0,0.155,2025-06-01,2025-06-01
ORD04670,2025-05-27,Cliente_285,Maria Vitória Jesus,Vitória da Conquista,BA,Nordeste,P0018,"Monitor UHD Samsung 32""",Informática,1.0,1626.57,0.0369,2025-06-02,2025-06-05
ORD04671,2025-05-27,Cliente_290,Luiz Henrique Moraes,Laranjal do Jari,AP,Norte,P0002,Samsung Galaxy Tab S6 Lite,Smartphones e Tablets,2.0,1799.01,0.0452,2025-05-29,2025-05-29
ORD04672,2025-05-27, Cliente_293,Luiza Teixeira,Santo André,SP,Sudeste,P0004,Carregador Turbo Tipo-C 50w,Acessórios Mobile,3.0,53.9,0.0702,2025-05-31,2025-05-31
ORD04673,2025-05-27,Cliente_300,Dra. Maria Sophia Nogueira,Chapecó,SC,Sul,P0025,Webcam Logitech Full HD,Informática,4.0,329.9,0.1019,2025-05-31,2025-05-28
ORD04674,2025-05-27,Cliente_312,Juan Araújo,Bacabal,MA,Nordeste,P0011,"Soundbar Samsung com 2.1 canais, Dolby Digital",Áudio,2.0,1072.0,0.0564,2025-05-29,2025-05-28
ORD04675,2025-05-27,Cliente_333,Isaac Lopes,Londrina,PR,Sul,P0010,"Smart TV LED 32""Samsung LED Tizen TV",TV e Projeção,2.0,1079.0,0.1133,2025-05-29,2025-05-29
ORD04676,2025-05-27,Cliente_340,Bruno Cardoso,Gravataí,RS,Sul,P0024,Memória Kingston Fury 16GB DDR5,Informática,4.0,389.9,0.0643,2025-06-02,2025-05-31
ORD04677,2025-05-27,Cliente_417,Francisco Nogueira,Ribeirão Preto,SP,Sudeste,P0016,Fone de Ouvido Profissional EDIFIER WH950NB,Áudio,3.0,899.0,0.0794,2025-05-31,2025-05-31
ORD04678,2025-05-27,Cliente_443,Leonardo Rezende,Caucaia,CE,Nordeste,P0018,"Monitor UHD Samsung 32""",Informática,4.0,1626.57,0.0645,2025-06-01,2025-06-03
ORD04679,2025-05-27,Cliente_457,Francisco Cardoso,Itajaí,SC,Sul,P0020,Teclado Mecanico Fizz,Informática,1.0,174.9,0.0729,2025-05-31,2025-06-04
ORD04680,2025-05-27,Cliente_475,Lorena Teixeira,Chapecó,SC,Sul,P0001,Samsung Galaxy A36,Smartphones e Tablets,1.0,1979.1,0.1258,2025-05-30,2025-05-30
ORD04681,2025-05-27,Cliente_499,Isabel Nogueira,Caicó,RN,Nordeste,P0021,SSD Crucial 1TB NVMe M.2,Informática,,449.0,0.0426,2025-06-02,2025-05-31
ORD04682,2025-05-27,Cliente_521,Lívia Ferreira,Gravataí,RS,Sul,P0004,Carregador Turbo Tipo-C 50w,Acessórios Mobile,4.0,53.9,0.0877,2025-05-29,2025-05-29
ORD04683,2025-05-27,Cliente_527,Igor Porto Rodrigues,Teresina,PI,Nordeste,P0007,Película para iPhone 14Pro Anti impacto,Acessórios Mobile,3.0,51.8,0.0595,2025-06-01,2025-06-06
ORD04684,2025-05-28,Cliente_025,Matheus Novaes,Joinville,SC,Sul,P0027,Caixa de Som Bluetooth JBL,Áudio,1.0,549.9,0.0725,2025-05-31,2025-05-30
ORD04685,2025-05-28,Cliente_076,Leandro da Costa,Rolim de Moura,RO,Norte,P0023,Tablet Lenovo Tab M11,Smartphones e Tablets,1.0,1399.9,0.0857,2025-06-04,2025-06-02
ORD04686,2025-05-28,Cliente_129,Pietra Gonçalves,Duque de Caxias,RJ,Sudeste,P0020,Teclado Mecanico Fizz,Informática,1.0,174.9,0.0963,2025-06-02,2025-05-31
ORD04687,2025-05-28,Cliente_143,Cecília Barros,Londrina,PR,Sul,P0016,Fone de Ouvido Profissional EDIFIER WH950NB,Áudio,2.0,899.0,0.0392,2025-06-02,2025-05-31
ORD04688,2025-05-28,Cliente_194,Pedro Gomes,Pelotas,RS,Sul,P0013,"Projetor Smart Epson EpiqVision, FULL HD",TV e Projeção,3.0,3049.99,0.0939,2025-06-02,2025-05-31
ORD04689,2025-05-28,Cliente_247,João Moraes,Campinas,SP,Sudeste,P0022,Smartphone Motorola Edge 50 Neo,Smartphones e Tablets,1.0,2299.9,0.1073,2025-05-30,2025-05-30
ORD04690,2025-05-28,Cliente_279,Sofia Santos,Chapecó,SC,Sul,P0026,Cabo USB-C Trançado 2m,Acessórios Mobile,4.0,34.9,0.0625,2025-06-01,2025-06-01
ORD04691,2025-05-28,Cliente_327,Sra. Maria Eduarda Cardoso,Vila Velha,ES,Sudeste,P0016,Fone de Ouvido Profissional EDIFIER WH950NB,Áudio,2.0,899.0,0.0232,2025-05-30,2025-06-01
ORD04692,2025-05-28,Cliente_337,Benício Fernandes,Castanhal,PA,Norte,P0008,Película de Vidro 3D Galaxy A30s,Acessórios Mobile,3.0,17.9,0.2634,2025-06-03,2025-06-05
ORD04693,2025-05-28,Cliente_350,Vicente Souza,Caicó,RN,Nordeste,P0019,Mouse Redragon Wireless,Informática,4.0,165.99,0.1494,2025-06-01,2025-05-31
ORD04694,2025-05-28,Cliente_437,Miguel Castro,Santo André,SP,Sudeste,P0027,Caixa de Som Bluetooth JBL,Áudio,4.0,549.9,0.1185,2025-06-02,2025-05-31
ORD04695,2025-05-28,cliente#478,Stella Nogueira Fernandes,Porto Nacional,TO,Norte,P0024,Memória Kingston Fury 16GB DDR5,Informática,4.0,389.9,0.2247,2025-06-04,2025-06-04
ORD04696,2025-05-28,Cliente_517,Letícia Cunha,Parnamirim,RN,Nordeste,P0012,"Soundbar Tomate MTS-2017, Bivolt",Áudio,3.0,769.9,0.1961,2025-05-31,2025-06-01
ORD04697,2025-05-29,Cliente_016,Sr. Thomas Nascimento,Tarauacá,AC,Norte,P0002,Samsung Galaxy Tab S6 Lite,Smartphones e Tablets,1.0,1799.01,0.0397,2025-06-05,2025-06-04
ORD04698,2025-05-29,Cliente_016,Sr. Thomas Nascimento,Tarauacá,AC,Norte,P0023,Tablet Lenovo Tab M11,Smartphones e Tablets,1.0,1399.9,0.1442,2025-06-03,2025-05-31
ORD04699,2025-05-29,Cliente_019 ,Gabriela da Paz,Uberlândia,MG,Sudeste,P0027,Caixa de Som Bluetooth JBL,Áudio,2.0,549.9,0.1201,2025-06-03,2025-06-02
ORD04700,2025-05-29,Cliente_048,Sr. Gustavo Henrique Peixoto,Gravataí,RS,Sul,P0014,Projetor EPSON Powerlite Wide Screen,TV e Projeção,2.0,2742.13,0.0778,2025-06-02,2025-06-01
ORD04701,2025-05-29,Cliente_050,Enzo Monteiro,Curitiba,PR,Sul,P0013,"Projetor Smart Epson EpiqVision, FULL HD",TV e Projeção,1.0,3049.99,0.0741,2025-06-02,2025-06-02
ORD04702,2025-05-29,Cliente_068,Stephany Moreira,Curitiba,PR,Sul,P0001,Samsung Galaxy A36,Smartphones e Tablets,2.0,1979.1,0.266,2025-06-04,2025-06-04
ORD04703,2025-05-29,Cliente_108,Sr. Eduardo Moreira,Recife,PE,Nordeste,P0012,"Soundbar Tomate MTS-2017, Bivolt",Áudio,1.0,769.9,0.1017,2025-06-03,2025-06-05
ORD04704,2025-05-29,Cliente_130,Isadora Rocha,Itajaí,SC,Sul,P0021,SSD Crucial 1TB NVMe M.2,Informática,1.0,449.0,0.0436,2025-05-31,2025-05-30
ORD04705,2025-05-29,Cliente_136,João Guilherme Rocha,Bom Jesus,PI,Nordeste,P0017,ACER Notebook Gamer Nitro,Informática,2.0,4604.0,0.082,2025-06-05,2025-06-05
ORD04706,,Cliente_158,Emanuel Ramos,Timon,MA,Nordeste,P0002,Samsung Galaxy Tab S6 Lite,Smartphones e Tablets,1.0,1799.01,0.0461,2025-06-02,2025-05-31
ORD04707,2025-05-29,Cliente_183,Ian Peixoto,Santo André,SP,Sudeste,P0025,Webcam Logitech Full HD,Informática,4.0,329.9,0.1124,2025-06-03,2025-05-31
ORD04708,2025-05-29,Cliente_215,Olivia Souza,Camaçari,BA,Nordeste,P0006,Fone de ouvido Sem Fio QCY T27,Áudio,3.0,129.86,0.0665,2025-06-01,2025-05-30
ORD04709,2025-05-29,Cliente_243,Laura da Cunha,Maringá,PR,Sul,P0004,Carregador Turbo Tipo-C 50w,Acessórios Mobile,3.0,53.9,0.0766,2025-06-02,2025-06-01
ORD04710,2025-05-29,Cliente_298,Clara Gomes,Fortaleza,CE,Nordeste,P0026,Cabo USB-C Trançado 2m,Acessórios Mobile,1.0,34.9,0.0747,2025-06-02,2025-06-01
ORD04711,2025-05-29,Cliente_335,Larissa Rodrigues,Floriano,PI,Nordeste,P0017,ACER Notebook Gamer Nitro, Informática,3.0,4604.0,0.067,2025-06-06,2025-06-04
ORD04712,2025-05-29,Cliente_500,Rodrigo Ramos,Rio de Janeiro,RJ,Sudeste,P0010,"Smart TV LED 32""Samsung LED Tizen TV",TV e Projeção,3.0,1079.0,0.2496,2025-06-02,2025-05-31
ORD04713,2025-05-30,Cliente_007,Helena Souza,Feira de Santana,BA,Nordeste,P0010,"Smart TV LED 32""Samsung LED Tizen TV",TV e Projeção,2.0,1079.0,0.0785,2025-06-04,2025-06-04
ORD04714,2025-05-30,Cliente_016,Sr. Thomas Nascimento,Tarauacá,AC,Norte,P0020,Teclado Mecanico Fizz,Informática,3.0,174.9,0.274,2025-06-06,2025-06-05
ORD04715,2025-05-30,Cliente_061,Dr. Emanuel Fogaça,Porto Nacional,TO,Norte,P0011,"Soundbar Samsung com 2.1 canais, Dolby Digital",Áudio,1.0,1072.0,0.0506,2025-06-05,2025-06-04
ORD04716,2025-05-30,Cliente_069,Levi da Rosa,Porto Nacional,TO,Norte,P0017,ACER Notebook Gamer Nitro,Informática,3.0,4604.0,0.0816,2025-06-03,2025-06-06
ORD04717,2025-05-30,Cliente_112,Maria Luiza das Neves,Linhares,ES,Sudeste,P0007,Película para iPhone 14Pro Anti impacto,Acessórios Mobile,2.0,51.8,0.0943,2025-06-03,2025-06-07
ORD04718,2025-05-30,Cliente_156,Lívia da Rocha,Cacoal,RO,Norte,P0025,Webcam Logitech Full HD,Informática,1.0,329.9,0.0966,2025-06-05,2025-06-05
ORD04719,2025-05-30,Cliente_164,Breno Rezende,Currais Novos,RN,Nordeste,P0024,Memória Kingston Fury 16GB DDR5,Informática,2.0,389.9,0.1021,2025-06-06,2025-06-06
ORD04720,2025-05-30,Cliente_165,Maria Fernanda Teixeira,Duque de Caxias,RJ,Sudeste,P0010,"Smart TV LED 32""Samsung LED Tizen TV",TV e Projeção,3.0,1079.0,0.1384,2025-06-05,2025-06-02
ORD04721,2025-05-30,cliente#185,Nina Jesus,Gurupi,TO,Norte,P0020,Teclado Mecanico Fizz,Informática,4.0,174.9,0.1051,2025-06-05,2025-06-07
ORD04722,2025-05-30,Cliente_205,Kevin Souza,Santa Rita,PB,Nordeste,P0010,"Smart TV LED 32""Samsung LED Tizen TV",TV e Projeção,1.0,1079.0,0.2227,2025-06-04,2025-06-04
ORD04723,2025-05-30,Cliente_216,Yasmin Costela,Pelotas,RS,Sul,P0020,Teclado Mecanico Fizz,Informática,3.0,174.9,0.1171,2025-06-04,2025-06-03
ORD04724,2025-05-30,Cliente_219,Natália da Luz,Cascavel,PR,Sul,P0011,"Soundbar Samsung com 2.1 canais, Dolby Digital",Áudio,3.0,1072.0,0.0293,2025-06-03,2025-06-04
ORD04725,2025-05-30,Cliente_225,Enzo Gabriel Ramos,Caxias,MA,Nordeste,P0005,"Fone de Ouvido Sem Fio TWS, PHILIPS",Áudio,1.0,124.91,0.3153,2025-06-05,2025-06-05
ORD04726,2025-05-30,Cliente_271,Rebeca Pires,Bom Jesus,PI,Nordeste,P0011,"Soundbar Samsung com 2.1 canais, Dolby Digital",Áudio,3.0,1072.0,0.0458,2025-06-05,2025-06-05
ORD04727,2025-05-30,Cliente_300,Dra. Maria Sophia Nogueira,Chapecó,SC,Sul,P0004,Carregador Turbo Tipo-C 50w,Acessórios Mobile,2.0,53.9,0.105,2025-06-01,2025-05-31
ORD04728,2025-05-30,Cliente_347,Murilo Cunha,Porto Nacional,TO,Norte,P0004,Carregador Turbo Tipo-C 50w,Acessórios Mobile,2.0,53.9,0.0629,2025-06-07,2025-06-05
ORD04729,2025-05-30,Cliente_403,Laís da Paz,João Pessoa,PB,Nordeste,P0010,"Smart TV LED 32""Samsung LED Tizen TV",TV e Projeção,2.0,,0.1134,2025-06-06,2025-06-04
ORD04730,2025-05-30,Cliente_420,Anthony Oliveira Cruz,Vitória,ES,Sudeste,P0008,Película de Vidro 3D Galaxy A30s,Acessórios Mobile,2.0,17.9,0.1449,2025-06-07,2025-06-07
ORD04731,2025-05-30,Cliente_448,Francisco Pires,Serra,ES,Sudeste,P0018,"Monitor UHD Samsung 32""",Informática,2.0,1626.57,0.0544,2025-06-04,2025-06-03
ORD04732,2025-05-30,Cliente_489,Bruno Caldeira,Duque de Caxias,RJ,Sudeste,P0013,"Projetor Smart Epson EpiqVision, FULL HD",TV e Projeção,1.0,3049.99,0.0692,2025-06-05,2025-06-04
ORD04733,2025-05-31,Cliente_008,Thales Pereira,Cascavel,PR,Sul,P0015,Fone de Ouvido Profissional AKG K92,Áudio,2.0,428.99,0.111,2025-06-05,2025-06-02
ORD04734,2025-05-31,Cliente_014,Pedro Lucas Melo,Brasiléia,AC,Norte,P0021,SSD Crucial 1TB NVMe M.2,Informática,4.0,449.0,0.0442,2025-06-06,2025-06-03
ORD04735,2025-05-31,Cliente_016,Sr. Thomas Nascimento,Tarauacá,AC,Norte,P0024,Memória Kingston Fury 16GB DDR5,Informática,1.0,389.9,0.0955,2025-06-04,2025-06-03
ORD04736,2025-05-31,Cliente_041,Miguel Nascimento,Ribeirão Preto,SP,Sudeste,P0012,"Soundbar Tomate MTS-2017, Bivolt",Áudio,4.0,769.9,0.0489,2025-06-06,2025-06-05
ORD04737,2025-05-31,Cliente_052,Ana Beatriz Freitas,Ponta Grossa,PR,Sul,P0001,Samsung Galaxy A36,Smartphones e Tablets,3.0,1979.1,0.1583,2025-06-03,2025-06-07
ORD04738,2025-05-31,Cliente_095,Catarina Nogueira,Blumenau,SC,Sul,P0015,Fone de Ouvido Profissional AKG K92,Áudio,2.0,428.99,0.1368,2025-06-05,2025-06-05
ORD04739,2025-05-31,Cliente182,Pedro Henrique Pinto,Parnaíba,PI,Nordeste,P0004,Carregador Turbo Tipo-C 50w,Acessórios Mobile,1.0,53.9,0.0651,2025-06-05,2025-06-05
ORD04740,2025-05-31,Cliente_199,João Guilherme Fogaça,Ananindeua,PA,Norte,P0011,"Soundbar Samsung com 2.1 canais, Dolby Digital",Áudio,1.0,1072.0,0.0422,2025-06-05,2025-06-06
ORD04741,2025-05-31,Cliente_207,Dr. Lucas Gabriel Sales,Niterói,RJ,Sudeste,P0008,Película de Vidro 3D Galaxy A30s,Acessórios Mobile,4.0,17.9,0.1537,2025-06-03,2025-06-02
ORD04742,2025-05-31,Cliente_243,Laura da Cunha,Maringá,PR,Sul,P0026,Cabo USB-C Trançado 2m,Acessórios Mobile,4.0,34.9,0.1009,2025-06-04,2025-06-03
ORD04743,2025-05-31,Cliente_254,Kevin Santos,Niterói,RJ,Sudeste,P0007,Película para iPhone 14Pro Anti impacto,Acessórios Mobile,4.0,51.8,0.2185,2025-06-04,2025-06-01
ORD04744,2025-05-31,Cliente_265,Gabrielly Azevedo,São Bernardo do Campo,SP,Sudeste,P0013,"Projetor Smart Epson EpiqVision, FULL HD",TV e Projeção,1.0,3049.99,0.0751,2025-06-05,2025-06-05
ORD04745,2025-05-31,Cliente_386,Diego Cavalcanti,Mucajaí,RR,Norte,P0016,Fone de Ouvido Profissional EDIFIER WH950NB,Áudio,2.0,899.0,0.0517,2025-06-05,2025-06-09
ORD04746,2025-05-31,Cliente_426,Evelyn Rezende,Joinville,SC,Sul,P0009,Smart TV 32” Philco LED Roku TV,TV e Projeção,,949.0,0.0228,2025-06-03,2025-06-05
ORD04747,2025-05-31,Cliente_436,Daniel Carvalho,Itajaí,SC,Sul,P0020,Teclado Mecanico Fizz,Informática,2.0,174.9,0.191,2025-06-04,2025-06-04
ORD04748,2025-05-31,Cliente_465,Antônio Campos,Feira de Santana,BA,Nordeste,P0020,Teclado Mecanico Fizz,Informática,1.0,174.9,0.2125,2025-06-06,2025-06-07
ORD04749,2025-05-31,Cliente_545,Felipe Cardoso,Florianópolis,SC,Sul,P0027,Caixa de Som Bluetooth JBL,Áudio,2.0,549.9,0.1048,2025-06-06,2025-06-04
ORD04750,2025-06-01,Cliente_002,Fernanda Lima,Vila Velha,ES,Sudeste,P0001,Samsung Galaxy A36,Smartphones e Tablets,3.0,1979.1,0.042,2025-06-05,2025-06-04
ORD04751,2025-06-01,Cliente_019,Gabriela da Paz,Uberlândia,MG,Sudeste,P0020,Teclado Mecanico Fizz,Informática,4.0,174.9,0.081,2025-06-05,2025-06-06
ORD04752,2025-06-01,Cliente_068,Stephany Moreira,Curitiba,PR,Sul,P0027,Caixa de Som Bluetooth JBL,Áudio,2.0,549.9,0.1572,2025-06-09,2025-06-09
ORD04753,2025-06-01,Cliente_094,Daniel Martins,Teresina,PI,Nordeste,P0005,"Fone de Ouvido Sem Fio TWS, PHILIPS",Áudio,3.0,124.91,0.0203,2025-06-04,2025-06-05
ORD04754,2025-06-01,Cliente_098,Thales Castro,Caxias do Sul,RS,Sul,P0020,Teclado Mecanico Fizz,Informática,2.0,174.9,0.0782,2025-06-06,2025-06-08
ORD04755,2025-06-01,Cliente_113,Sra. Camila Peixoto,Marabá,PA,Norte,P0015,Fone de Ouvido Profissional AKG K92,Áudio,1.0,428.99,0.0661,2025-06-06,2025-06-06
ORD04756,2025-06-01,Cliente_117,Dra. Maysa Fogaça,Propriá,SE,Nordeste,P0005,"Fone de Ouvido Sem Fio TWS, PHILIPS",Áudio,1.0,124.91,0.0177,2025-06-07,2025-06-06
ORD04757,2025-06-01,Cliente_151,Lorenzo Moura,Vitória da Conquista,BA,Nordeste,P0003,Carregador Turbo USB-C 30W,Acessórios Mobile,1.0,49.9,0.0345,2025-06-04,2025-06-08
ORD04758,2025-06-01,Cliente_164,Breno Rezende,Currais Novos,RN,Nordeste,P0013,"Projetor Smart Epson EpiqVision, FULL HD",TV e Projeção,1.0,3049.99,0.0747,2025-06-07,2025-06-05
ORD04759,2025-06-01,Cliente_178,Arthur Azevedo,Caxias,MA,Nordeste,P0017,ACER Notebook Gamer Nitro,Informática,1.0,4604.0,0.1041,2025-06-06,2025-06-05
ORD04760,2025-06-01,Cliente_204,Júlia da Mota,Santa Maria,RS,Sul,P0018,"Monitor UHD Samsung 32""",Informática,2.0,1626.57,0.2096,2025-06-08,2025-06-07
ORD04761,2025-06-01,Cliente_208,Vitor Araújo,Betim,MG,Sudeste,P0016,Fone de Ouvido Profissional EDIFIER WH950NB,Áudio,3.0,899.0,0.0219,2025-06-08,2025-06-12
ORD04762,2025-06-01,Cliente_215,Olivia Souza,Camaçari,BA,Nordeste,P0016,Fone de Ouvido Profissional EDIFIER WH950NB,Áudio,,899.0,0.0358,2025-06-07,2025-06-05
ORD04763,2025-06-01,Cliente_235,Yago Pires,Ponta Grossa,PR,Sul,P0027,Caixa de Som Bluetooth JBL,Áudio,2.0,549.9,0.1916,2025-06-06,2025-06-09
ORD04764,,Cliente_240,Esther Monteiro,Fortaleza,CE,Nordeste,P0001,Samsung Galaxy A36,Smartphones e Tablets,3.0,1979.1,0.0329,2025-06-03,2025-06-02
ORD04765,2025-06-01,Cliente_251,Dr. João Felipe Sales,Ribeirão Preto,SP,Sudeste,P0018,"Monitor UHD Samsung 32""",Informática,2.0,1626.57,0.0874,2025-06-05,2025-06-07
ORD04766,2025-06-01,Cliente_263,Sr. Cauã Carvalho,Uberlândia,MG,Sudeste,P0027,Caixa de Som Bluetooth JBL,Áudio,1.0,,0.1064,2025-06-06,2025-06-05
ORD04767,2025-06-01,Cliente_273,Leonardo Melo,Sobral,CE,Nordeste,P0017,ACER Notebook Gamer Nitro,Informática,3.0,4604.0,0.1751,2025-06-08,2025-06-07
ORD04768,2025-06-01,cliente#293,Luiza Teixeira,Santo André,SP,Sudeste,P0007,Película para iPhone 14Pro Anti impacto,Acessórios Mobile,3.0,51.8,0.0881,2025-06-05,2025-06-04
ORD04769,2025-06-01,Cliente_317,Catarina Ramos,Ferreira Gomes,AP,Norte,P0003,Carregador Turbo USB-C 30W, Acessórios Mobile,1.0,49.9,0.0539,2025-06-06,2025-06-08
ORD04770,2025-06-01,Cliente_363,Diego Costela,Ananindeua,PA,Norte,P0021,SSD Crucial 1TB NVMe M.2,Informática,4.0,449.0,0.0376,2025-06-06,2025-06-03
ORD04771,2025-06-01,Cliente_368,Bryan da Mota,Lagarto,SE,Nordeste,P0002,Samsung Galaxy Tab S6 Lite,Smartphones e Tablets,,1799.01,0.0474,2025-06-05,2025-06-05
ORD04772,2025-06-01,Cliente_375,Dra. Maria Julia Cardoso,Itajaí,SC,Sul,P0004,Carregador Turbo Tipo-C 50w,Acessórios Mobile,2.0,53.9,0.0375,2025-06-07,2025-06-06
ORD04773,2025-06-01,Cliente_386,Diego Cavalcanti,Mucajaí,RR,Norte,P0018,"Monitor UHD Samsung 32""",Informática,,1626.57,0.1135,2025-06-07,2025-06-06
ORD04774,2025-06-01,Cliente_450,Nathan Rosa,Maringá,PR,Sul,P0003,Carregador Turbo USB-C 30W,Acessórios Mobile,1.0,49.9,0.0417,2025-06-06,2025-06-03
ORD04775,2025-06-01,Cliente_475,Lorena Teixeira,Chapecó,SC,Sul,P0011,"Soundbar Samsung com 2.1 canais, Dolby Digital",Áudio,3.0,1072.0,0.0324,2025-06-04,2025-06-03
ORD04776,2025-06-01,Cliente_518,Heitor Barbosa Cruz,Mossoró,RN,Nordeste,P0010,"Smart TV LED 32""Samsung LED Tizen TV",TV e Projeção,3.0,1079.0,0.0161,2025-06-07,2025-06-06
ORD04777,2025-06-01,Cliente_533,Sophia Gonçalves Teixeira,Recife,PE,Nordeste,P0014,Projetor EPSON Powerlite Wide Screen,TV e Projeção,1.0,2742.13,0.1201,2025-06-05,2025-06-05
ORD04778,2025-06-02,Cliente_007,Helena Souza,Feira de Santana,BA,Nordeste,P0015,Fone de Ouvido Profissional AKG K92,Áudio,4.0,428.99,0.0582,2025-06-06,2025-06-05
ORD04779,2025-06-02,Cliente_008,Thales Pereira,Cascavel,PR,Sul,P0004,Carregador Turbo Tipo-C 50w,Acessórios Mobile,4.0,53.9,0.0382,2025-06-04,2025-06-03
ORD04780,2025-06-02,Cliente_019,Gabriela da Paz,Uberlândia,MG,Sudeste,P0010,"Smart TV LED 32""Samsung LED Tizen TV",TV e Projeção,1.0,1079.0,0.0183,2025-06-07,2025-06-05
ORD04781,2025-06-02,Cliente_019,Gabriela da Paz,Uberlândia,MG,Sudeste,P0012,"Soundbar Tomate MTS-2017, Bivolt",Áudio,2.0,769.9,0.0693,2025-06-06,2025-06-06
ORD04782,2025-06-02,Cliente_021,Mirella Rodrigues,Ribeirão Preto,SP,Sudeste,P0020,Teclado Mecanico Fizz,Informática,3.0,174.9,0.0636,2025-06-07,2025-06-08
ORD04783,2025-06-02,Cliente_036,Bryan Pires,Manacapuru,AM,Norte,P0013,"Projetor Smart Epson EpiqVision, FULL HD",TV e Projeção,2.0,3049.99,0.1704,2025-06-08,2025-06-13
ORD04784,2025-06-02,Cliente_056,Joana Rodrigues,Sobral,CE,Nordeste,P0025,Webcam Logitech Full HD,Informática,3.0,329.9,0.1009,2025-06-08,2025-06-06
ORD04785,2025-06-02,Cliente_078,Davi Costela,Currais Novos,RN,Nordeste,P0017,ACER Notebook Gamer Nitro,Informática,1.0,4604.0,0.1642,2025-06-09,2025-06-09
ORD04786,2025-06-02,Cliente_081,Sr. Heitor da Paz,Brasiléia,AC,Norte,P0027,Caixa de Som Bluetooth JBL,Áudio,4.0,549.9,0.2136,2025-06-08,2025-06-08
ORD04787,2025-06-02,Cliente_088,Bernardo Pereira,Olinda,PE,Nordeste,P0020,Teclado Mecanico Fizz,Informática,3.0,174.9,0.0633,2025-06-07,2025-06-07
ORD04788,2025-06-02,cliente_102,Dr. Miguel Cunha,Gravataí,RS,Sul,P0004,Carregador Turbo Tipo-C 50w,Acessórios Mobile,3.0,53.9,0.123,2025-06-06,2025-06-06
ORD04789,2025-06-02,Cliente_108,Sr. Eduardo Moreira,Recife,PE,Nordeste,P0002,Samsung Galaxy Tab S6 Lite, Smartphones e Tablets,3.0,1799.01,0.0549,2025-06-09,2025-06-08
ORD04790,2025-06-02,Cliente_117,Dra. Maysa Fogaça,Propriá,SE,Nordeste,P0001,Samsung Galaxy A36,Smartphones e Tablets,2.0,1979.1,0.0188,2025-06-06,2025-06-06
ORD04791,2025-06-02,Cliente_124,Srta. Ana Júlia Pereira,Santo André,SP,Sudeste,P0027,Caixa de Som Bluetooth JBL,Áudio,2.0,549.9,0.2041,2025-06-04,2025-06-07
ORD04792,2025-06-02,Cliente_191,Juliana Pereira,Ribeirão Preto,SP,Sudeste,P0025,Webcam Logitech Full HD,Informática,3.0,329.9,0.1636,2025-06-06,2025-06-06
ORD04793,2025-06-02,Cliente_199,João Guilherme Fogaça,Ananindeua,PA,Norte,P0019,Mouse Redragon Wireless,Informática,2.0,165.99,0.132,2025-06-07,2025-06-07
ORD04794,2025-06-02,Cliente_206,João Miguel Azevedo,Estância,SE,Nordeste,P0018,"Monitor UHD Samsung 32""",Informática,2.0,1626.57,0.1769,2025-06-09,2025-06-09
ORD04795,2025-06-02,Cliente_215,Olivia Souza,Camaçari,BA,Nordeste,P0013,"Projetor Smart Epson EpiqVision, FULL HD",TV e Projeção,3.0,3049.99,0.1203,2025-06-07,2025-06-06
ORD04796,2025-06-02,cliente_215,Olivia Souza,Camaçari,BA,Nordeste,P0026,Cabo USB-C Trançado 2m,Acessórios Mobile,2.0,34.9,0.0671,2025-06-08,2025-06-07
ORD04797,2025-06-02,Cliente_216,Yasmin Costela,Pelotas,RS,Sul,P0016,Fone de Ouvido Profissional EDIFIER WH950NB,Áudio,1.0,899.0,0.0127,2025-06-07,2025-06-07
ORD04798,2025-06-02,Cliente_236,Anthony Rezende,Timon,MA,Nordeste,P0005,"Fone de Ouvido Sem Fio TWS, PHILIPS",Áudio,1.0,124.91,0.0333,2025-06-08,2025-06-08
ORD04799,2025-06-02,Cliente_247,João Moraes,Campinas,SP,Sudeste,P0008,Película de Vidro 3D Galaxy A30s,Acessórios Mobile,1.0,17.9,0.0745,2025-06-05,2025-06-05
ORD04800,2025-06-02,Cliente_266,Caroline Carvalho,Cruzeiro do Sul,AC,Norte,P0010,"Smart TV LED 32""Samsung LED Tizen TV",TV e Projeção,1.0,1079.0,0.0081,2025-06-08,2025-06-06
ORD04801,2025-06-02,Cliente_272,Julia Freitas,Salvador,BA,Nordeste,P0001,Samsung Galaxy A36,Smartphones e Tablets,1.0,1979.1,0.0265,2025-06-10,2025-06-14
ORD04802,2025-06-02, Cliente_274,Sra. Emanuelly da Costa,Porto Nacional,TO,Norte,P0017,ACER Notebook Gamer Nitro, Informática,3.0,4604.0,0.0927,2025-06-08,2025-06-08
ORD04803,2025-06-02,Cliente_285,Maria Vitória Jesus,Vitória da Conquista,BA,Nordeste,P0027,Caixa de Som Bluetooth JBL,Áudio,2.0,549.9,0.1474,2025-06-08,2025-06-07
ORD04804,2025-06-02,Cliente_323,Dr. João Pedro Carvalho,Boa Vista,RR,Norte,P0020,Teclado Mecanico Fizz,Informática,3.0,174.9,0.1228,2025-06-05,2025-06-03
ORD04805,2025-06-02,Cliente_327,Sra. Maria Eduarda Cardoso,Vila Velha,ES,Sudeste,P0012,"Soundbar Tomate MTS-2017, Bivolt",Áudio,1.0,769.9,0.0397,2025-06-07,2025-06-06
ORD04806,2025-06-02,Cliente_331,Guilherme Cavalcanti,Juiz de Fora,MG,Sudeste,P0008,Película de Vidro 3D Galaxy A30s,Acessórios Mobile,4.0,17.9,0.1911,2025-06-06,2025-06-06
ORD04807,2025-06-02,Cliente_342,Vitor Gabriel Nascimento,Rio Branco,AC,Norte,P0021,SSD Crucial 1TB NVMe M.2,Informática,4.0,449.0,0.0449,2025-06-09,2025-06-07
ORD04808,2025-06-02,Cliente_355,Srta. Marina Rocha,Caucaia,CE,Nordeste,P0012,"Soundbar Tomate MTS-2017, Bivolt",Áudio,2.0,769.9,0.046,2025-06-04,2025-06-03
ORD04809,2025-06-02,Cliente_360,Mariane Campos,Teresina,PI,Nordeste,P0023,Tablet Lenovo Tab M11,Smartphones e Tablets,1.0,1399.9,0.0745,2025-06-06,2025-06-08
ORD04810,2025-06-02,Cliente_443,Leonardo Rezende,Caucaia,CE,Nordeste,P0024,Memória Kingston Fury 16GB DDR5,Informática,4.0,389.9,0.189,2025-06-07,2025-06-07
ORD04811,2025-06-02,Cliente_482,Vinicius Correia,Chapecó,SC,Sul,P0005,"Fone de Ouvido Sem Fio TWS, PHILIPS",Áudio,2.0,124.91,0.0337,2025-06-07,2025-06-09
ORD04812,2025-06-02,Cliente_489,Bruno Caldeira,Duque de Caxias,RJ,Sudeste,P0008,Película de Vidro 3D Galaxy A30s,Acessórios Mobile,2.0,17.9,0.0591,2025-06-08,2025-06-06
ORD04813,2025-06-03,Cliente_007,Helena Souza,Feira de Santana,BA,Nordeste,P0007,Película para iPhone 14Pro Anti impacto,Acessórios Mobile,1.0,51.8,0.1004,2025-06-05,2025-06-04
ORD04814,2025-06-03,Cliente_007,Helena Souza,Feira de Santana,BA,Nordeste,P0012,"Soundbar Tomate MTS-2017, Bivolt",Áudio,2.0,769.9,0.0572,2025-06-10,2025-06-09
ORD04815,2025-06-03,Cliente_008,Thales Pereira,Cascavel,PR,Sul,P0005,"Fone de Ouvido Sem Fio TWS, PHILIPS",Áudio,4.0,124.91,0.0282,2025-06-07,2025-06-06
ORD04816,2025-06-03,Cliente_010,Cauã da Rosa,Sobral,CE,Nordeste,P0020,Teclado Mecanico Fizz,Informática,2.0,174.9,0.0774,2025-06-10,2025-06-09
ORD04817,2025-06-03,Cliente_016,Sr. Thomas Nascimento,Tarauacá,AC,Norte,P0012,"Soundbar Tomate MTS-2017, Bivolt",Áudio,1.0,769.9,0.0566,2025-06-07,2025-06-04
ORD04818,2025-06-03,Cliente_043,Luiz Fernando Moura,Vilhena,RO,Norte,P0007,Película para iPhone 14Pro Anti impacto,Acessórios Mobile,2.0,51.8,0.1134,2025-06-08,2025-06-10
ORD04819,2025-06-03,Cliente_068,Stephany Moreira,Curitiba,PR,Sul,P0017,ACER Notebook Gamer Nitro,Informática,3.0,4604.0,0.1758,2025-06-06,2025-06-11
ORD04820,2025-06-03,Cliente_070,Pietra Rezende,Laranjal do Jari,AP,Norte,P0020,Teclado Mecanico Fizz,Informática,1.0,174.9,0.0703,2025-06-09,2025-06-08
ORD04821,2025-06-03,Cliente_075,Rafaela Peixoto,Ribeirão Preto,SP,Sudeste,P0007,Película para iPhone 14Pro Anti impacto,Acessórios Mobile,2.0,51.8,0.1616,2025-06-07,2025-06-06
ORD04822,2025-06-03,cliente_117,Dra. Maysa Fogaça,Propriá,SE,Nordeste,P0013,"Projetor Smart Epson EpiqVision, FULL HD",TV e Projeção,2.0,3049.99,0.112,2025-06-08,2025-06-10
ORD04823,2025-06-03,Cliente_134,Juan da Luz,Blumenau,SC,Sul,P0015,Fone de Ouvido Profissional AKG K92,Áudio,4.0,428.99,0.0461,2025-06-09,2025-06-12
ORD04824,2025-06-03,Cliente_154,Juan Duarte,São Paulo,SP,Sudeste,P0017,ACER Notebook Gamer Nitro,Informática,1.0,4604.0,0.1257,2025-06-08,2025-06-08
ORD04825,2025-06-03,Cliente_163,Thiago Rodrigues,São Luís,MA,Nordeste,P0010,"Smart TV LED 32""Samsung LED Tizen TV",TV e Projeção,4.0,1079.0,0.0441,2025-06-10,2025-06-13
ORD04826,2025-06-03,Cliente_174,Manuela Nogueira,Pelotas,RS,Sul,P0010,"Smart TV LED 32""Samsung LED Tizen TV",TV e Projeção,2.0,1079.0,0.0229,2025-06-07,2025-06-09
ORD04827,2025-06-03, Cliente_231,Maria Luiza Rezende,Maringá,PR,Sul,P0013,"Projetor Smart Epson EpiqVision, FULL HD",TV e Projeção,,,0.1303,2025-06-09,2025-06-09
ORD04828,2025-06-03,Cliente_285,Maria Vitória Jesus,Vitória da Conquista,BA,Nordeste,P0005,"Fone de Ouvido Sem Fio TWS, PHILIPS",Áudio,2.0,124.91,0.0274,2025-06-07,2025-06-04
ORD04829,2025-06-03,Cliente_298,Clara Gomes,Fortaleza,CE,Nordeste,P0005,"Fone de Ouvido Sem Fio TWS, PHILIPS",Áudio,2.0,124.91,0.0413,2025-06-10,2025-06-13
ORD04830,2025-06-03,Cliente_337,Benício Fernandes,Castanhal,PA,Norte,P0006,Fone de ouvido Sem Fio QCY T27,Áudio,2.0,129.86,0.055,2025-06-08,2025-06-13
ORD04831,2025-06-03,Cliente_340,Bruno Cardoso,Gravataí,RS,Sul,P0007,Película para iPhone 14Pro Anti impacto,Acessórios Mobile,2.0,51.8,0.1583,2025-06-07,2025-06-08
ORD04832,2025-06-03,Cliente_363,Diego Costela,Ananindeua,PA,Norte,P0018,"Monitor UHD Samsung 32""", Informática,2.0,1626.57,0.0557,2025-06-09,2025-06-09
ORD04833,2025-06-03,Cliente_379,Maitê da Conceição,Manaus,AM,Norte,P0002,Samsung Galaxy Tab S6 Lite,Smartphones e Tablets,3.0,1799.01,0.0291,2025-06-09,2025-06-06
ORD04834,2025-06-03,Cliente_381,Fernanda Rocha,Ribeirão Preto,SP,Sudeste,P0022,Smartphone Motorola Edge 50 Neo,Smartphones e Tablets,1.0,2299.9,0.062,2025-06-08,2025-06-07
ORD04835,2025-06-03,Cliente_405,Amanda Fogaça,Linhares,ES,Sudeste,P0007,Película para iPhone 14Pro Anti impacto,Acessórios Mobile,2.0,51.8,0.1825,2025-06-08,2025-06-07
ORD04836,2025-06-03,Cliente_406,Laís da Costa,Juiz de Fora,MG,Sudeste,P0022,Smartphone Motorola Edge 50 Neo,Smartphones e Tablets,4.0,2299.9,0.0538,2025-06-06,2025-06-07
ORD04837,2025-06-03,Cliente_412,Emanuella das Neves,Jaboatão dos Guararapes,PE,Nordeste,P0018,"Monitor UHD Samsung 32""",Informática,2.0,1626.57,0.1364,2025-06-06,2025-06-09
ORD04838,2025-06-03,Cliente_446,Fernanda Silveira Gomes,Blumenau,SC,Sul,P0016,Fone de Ouvido Profissional EDIFIER WH950NB,Áudio,2.0,899.0,0.0213,2025-06-06,2025-06-06
ORD04839,2025-06-03,Cliente_491,Thiago Teixeira Moreira,Ponta Grossa,PR,Sul,P0019,Mouse Redragon Wireless,Informática,3.0,165.99,0.1209,2025-06-06,2025-06-08
ORD04840,2025-06-03,Cliente_545,Felipe Cardoso,Florianópolis,SC,Sul,P0004,Carregador Turbo Tipo-C 50w,Acessórios Mobile,1.0,53.9,0.0407,2025-06-07,2025-06-06
ORD04841,2025-06-03,Cliente_550,Levi Duarte,Serra,ES,Sudeste,P0002,Samsung Galaxy Tab S6 Lite,Smartphones e Tablets,2.0,1799.01,0.057,2025-06-07,2025-06-08
ORD04842,2025-06-04,Cliente_008,Thales Pereira,Cascavel,PR,Sul,P0017,ACER Notebook Gamer Nitro,Informática,2.0,4604.0,0.0859,2025-06-07,2025-06-12
ORD04843,2025-06-04,Cliente_069,Levi da Rosa,Porto Nacional,TO,Norte,P0007,Película para iPhone 14Pro Anti impacto,Acessórios Mobile,3.0,51.8,0.1369,2025-06-10,2025-06-10
ORD04844,2025-06-04,Cliente_102,Dr. Miguel Cunha,Gravataí,RS,Sul,P0027,Caixa de Som Bluetooth JBL,Áudio,2.0,549.9,0.1474,2025-06-08,2025-06-08
ORD04845,2025-06-04,Cliente_109,Gustavo Henrique Cunha,Cantá,RR,Norte,P0001,Samsung Galaxy A36,Smartphones e Tablets,,1979.1,0.0341,2025-06-11,2025-06-12
ORD04846,2025-06-04,Cliente_122,Natália Silva,Cascavel,PR,Sul,P0008,Película de Vidro 3D Galaxy A30s,Acessórios Mobile,3.0,17.9,0.1669,2025-06-11,2025-06-10
ORD04847,2025-06-04,Cliente_135,Eduardo Pires,Contagem,MG,Sudeste,P0004,Carregador Turbo Tipo-C 50w,Acessórios Mobile,4.0,53.9,0.0456,2025-06-10,2025-06-07
ORD04848,2025-06-04,Cliente_158,Emanuel Ramos,Timon,MA,Nordeste,P0012,"Soundbar Tomate MTS-2017, Bivolt",Áudio,2.0,769.9,0.0555,2025-06-09,2025-06-11
ORD04849,2025-06-04,Cliente_264,Sr. Noah da Paz,Itacoatiara,AM,Norte,P0007,Película para iPhone 14Pro Anti impacto,Acessórios Mobile,3.0,51.8,0.0657,2025-06-08,2025-06-07
ORD04850,2025-06-04,Cliente_266,Caroline Carvalho,Cruzeiro do Sul,AC,Norte,P0015,Fone de Ouvido Profissional AKG K92,Áudio,4.0,428.99,0.0743,2025-06-08,2025-06-08
ORD04851,,Cliente_300,Dra. Maria Sophia Nogueira,Chapecó,SC,Sul,P0003,Carregador Turbo USB-C 30W,Acessórios Mobile,3.0,49.9,0.0598,2025-06-08,2025-06-07
ORD04852,2025-06-04,Cliente_311,Catarina Vieira,Natal,RN,Nordeste,P0006,Fone de ouvido Sem Fio QCY T27,Áudio,2.0,129.86,0.0776,2025-06-09,2025-06-10
ORD04853,2025-06-04,Cliente_330,Rebeca Farias,Cascavel,PR,Sul,P0005,"Fone de Ouvido Sem Fio TWS, PHILIPS",Áudio,2.0,124.91,0.0348,2025-06-07,2025-06-05
ORD04854,2025-06-04,Cliente_356,Matheus Ribeiro,Londrina,PR,Sul,P0014,Projetor EPSON Powerlite Wide Screen,TV e Projeção,1.0,2742.13,0.1711,2025-06-09,2025-06-14
ORD04855,2025-06-04,Cliente_357,Amanda Araújo,Araguaína,TO,Norte,P0002,Samsung Galaxy Tab S6 Lite,Smartphones e Tablets,1.0,1799.01,0.0516,2025-06-11,2025-06-11
ORD04856,2025-06-04,Cliente_372,Diego Silva,Caracaraí,RR,Norte,P0024,Memória Kingston Fury 16GB DDR5,Informática,2.0,389.9,0.1159,2025-06-09,2025-06-09
ORD04857,2025-06-04,Cliente_394,Eduardo Oliveira,Ribeirão Preto,SP,Sudeste,P0002,Samsung Galaxy Tab S6 Lite,Smartphones e Tablets,1.0,1799.01,0.0538,2025-06-09,2025-06-07
ORD04858,2025-06-04,Cliente_414,Stephany Melo,Timon,MA,Nordeste,P0002,Samsung Galaxy Tab S6 Lite,Smartphones e Tablets,1.0,1799.01,0.0275,2025-06-12,2025-06-12
ORD04859,2025-06-04,Cliente_434,Isadora Jesus Araújo,Caxias,MA,Nordeste,P0021,SSD Crucial 1TB NVMe M.2,Informática,3.0,449.0,0.0164,2025-06-07,2025-06-06
ORD04860,2025-06-04,Cliente_490,Manuela Freitas Mota,Pico,PI,Nordeste,P0011,"Soundbar Samsung com 2.1 canais, Dolby Digital",Áudio,1.0,1072.0,0.0249,2025-06-09,2025-06-09
ORD04861,2025-06-04,Cliente_492,Nathan Correia,Londrina,PR,Sul,P0010,"Smart TV LED 32""Samsung LED Tizen TV",TV e Projeção,3.0,1079.0,0.0246,2025-06-09,2025-06-11
ORD04862,2025-06-04,Cliente_529,Vinicius Paz,Vila Velha,ES,Sudeste,P0005,"Fone de Ouvido Sem Fio TWS, PHILIPS",Áudio,3.0,124.91,0.029,2025-06-07,2025-06-10
ORD04863,2025-06-05,Cliente_008,Thales Pereira,Cascavel,PR,Sul,P0007,Película para iPhone 14Pro Anti impacto,Acessórios Mobile,3.0,51.8,0.1205,2025-06-09,2025-06-07
ORD04864,2025-06-05,Cliente_008,Thales Pereira,Cascavel,PR,Sul,P0019,Mouse Redragon Wireless,Informática,1.0,165.99,0.2088,2025-06-09,2025-06-08
ORD04865,2025-06-05,Cliente_010,Cauã da Rosa,Sobral,CE,Nordeste,P0023,Tablet Lenovo Tab M11,Smartphones e Tablets,1.0,1399.9,0.0435,2025-06-10,2025-06-07
ORD04866,2025-06-05,Cliente_010,Cauã da Rosa,Sobral,CE,Nordeste,P0024,Memória Kingston Fury 16GB DDR5,Informática,2.0,389.9,0.0855,2025-06-09,2025-06-09
ORD04867,2025-06-05,Cliente_044,Dr. Pedro Porto,Londrina,PR,Sul,P0016,Fone de Ouvido Profissional EDIFIER WH950NB,Áudio,1.0,899.0,0.0144,2025-06-11,2025-06-11
ORD04868,2025-06-05,Cliente_058,Sr. Nathan Peixoto,Itacoatiara,AM,Norte,P0011,"Soundbar Samsung com 2.1 canais, Dolby Digital",Áudio,4.0,1072.0,0.0457,2025-06-14,2025-06-13
ORD04869,2025-06-05,Cliente_061,Dr. Emanuel Fogaça,Porto Nacional,TO,Norte,P0027,Caixa de Som Bluetooth JBL,Áudio,,549.9,0.1072,2025-06-11,2025-06-12
ORD04870,2025-06-05,Cliente_090!!,Caio Novaes,Blumenau,SC,Sul,P0002,Samsung Galaxy Tab S6 Lite,Smartphones e Tablets,1.0,1799.01,0.0243,2025-06-07,2025-06-11
ORD04871,2025-06-05,Cliente_104,Clarice Rezende,Blumenau,SC,Sul,P0023,Tablet Lenovo Tab M11,Smartphones e Tablets,,1399.9,0.0438,2025-06-10,2025-06-09
ORD04872,2025-06-05,Cliente_118,Bianca Pinto,Ponta Grossa,PR,Sul,P0002,Samsung Galaxy Tab S6 Lite,Smartphones e Tablets,2.0,1799.01,0.0627,2025-06-08,2025-06-06
ORD04873,2025-06-05,Cliente_192,Davi Lucas Pires,Chapecó,SC,Sul,P0004,Carregador Turbo Tipo-C 50w,Acessórios Mobile,2.0,53.9,0.068,2025-06-11,2025-06-09
ORD04874,2025-06-05,Cliente_195,Maria Luiza da Conceição,Belém,PA,Norte,P0027,Caixa de Som Bluetooth JBL,Áudio,3.0,549.9,0.3189,2025-06-10,2025-06-10
ORD04875,2025-06-05,Cliente_196,Fernando Costa,Vila Velha,ES,Sudeste,P0005,"Fone de Ouvido Sem Fio TWS, PHILIPS",Áudio,3.0,124.91,0.0241,2025-06-09,2025-06-06
ORD04876,2025-06-05,Cliente_206,João Miguel Azevedo,Estância,SE,Nordeste,P0026,Cabo USB-C Trançado 2m,Acessórios Mobile,4.0,34.9,0.0663,2025-06-12,2025-06-11
ORD04877,2025-06-05,Cliente_218,Isabel Pereira,Vila Velha,ES,Sudeste,P0010,"Smart TV LED 32""Samsung LED Tizen TV",TV e Projeção,1.0,1079.0,0.0193,2025-06-11,2025-06-11
ORD04878,2025-06-05,Cliente_244,Maria Vitória Martins,Rio de Janeiro,RJ,Sudeste,P0007,Película para iPhone 14Pro Anti impacto,Acessórios Mobile,3.0,51.8,0.2062,2025-06-11,2025-06-10
ORD04879,2025-06-05,Cliente_323,Dr. João Pedro Carvalho,Boa Vista,RR,Norte,P0013,"Projetor Smart Epson EpiqVision, FULL HD",TV e Projeção,,3049.99,0.2316,2025-06-09,2025-06-08
ORD04880,2025-06-05,Cliente_326,Emanuella Porto,Ferreira Gomes,AP,Norte,P0003,Carregador Turbo USB-C 30W,Acessórios Mobile,3.0,49.9,0.0331,2025-06-11,2025-06-11
ORD04881,2025-06-05,Cliente_411,Stephany Almeida,Santo André,SP,Sudeste,P0009,Smart TV 32” Philco LED Roku TV,TV e Projeção,1.0,949.0,0.0173,2025-06-11,2025-06-11
ORD04882,2025-06-05,Cliente_437,Miguel Castro,Santo André,SP,Sudeste,P0002,Samsung Galaxy Tab S6 Lite,Smartphones e Tablets,2.0,1799.01,0.0536,2025-06-10,2025-06-08
ORD04883,2025-06-05,Cliente_444,Davi Lima,Maringá,PR,Sul,P0017,ACER Notebook Gamer Nitro,Informática,1.0,4604.0,0.0921,2025-06-09,2025-06-12
ORD04884,2025-06-05,Cliente_484,Rafael Novaes Nogueira,Santa Maria,RS,Sul,P0021,SSD Crucial 1TB NVMe M.2,Informática,4.0,449.0,0.0188,2025-06-09,2025-06-09
ORD04885,2025-06-06,Cliente_008,Thales Pereira,Cascavel,PR,Sul,P0003,Carregador Turbo USB-C 30W,Acessórios Mobile,4.0,49.9,0.0344,2025-06-11,2025-06-11
ORD04886,2025-06-06,Cliente_009,Sofia Sales,Ponta Grossa,PR,Sul,P0007,Película para iPhone 14Pro Anti impacto,Acessórios Mobile,4.0,51.8,0.1818,2025-06-08,2025-06-07
ORD04887,2025-06-06,Cliente_010,Cauã da Rosa,Sobral,CE,Nordeste,P0016,Fone de Ouvido Profissional EDIFIER WH950NB,Áudio,1.0,899.0,0.0124,2025-06-08,2025-06-11
ORD04888,2025-06-06,Cliente_010,Cauã da Rosa,Sobral,CE,Nordeste,P0026,Cabo USB-C Trançado 2m,Acessórios Mobile,2.0,34.9,0.0611,2025-06-12,2025-06-13
ORD04889,2025-06-06,Cliente_040,Renan Silveira,Propriá,SE,Nordeste,P0013,"Projetor Smart Epson EpiqVision, FULL HD",TV e Projeção,2.0,3049.99,0.143,2025-06-14,2025-06-15
ORD04890,2025-06-06,Cliente-065,Letícia Porto,Santana,AP,Norte,P0013,"Projetor Smart Epson EpiqVision, FULL HD",TV e Projeção,3.0,3049.99,0.0833,2025-06-14,2025-06-15
ORD04891,2025-06-06,Cliente_068,Stephany Moreira,Curitiba,PR,Sul,P0015,Fone de Ouvido Profissional AKG K92,Áudio,4.0,428.99,0.064,2025-06-08,2025-06-08
ORD04892,2025-06-06,Cliente_074,Luiz Fernando Freitas,Duque de Caxias,RJ,Sudeste,P0016,Fone de Ouvido Profissional EDIFIER WH950NB,Áudio,1.0,899.0,0.0268,2025-06-08,2025-06-08
ORD04893,2025-06-06,Cliente_088,Bernardo Pereira,Olinda,PE,Nordeste,P0004,Carregador Turbo Tipo-C 50w,Acessórios Mobile,4.0,53.9,0.069,2025-06-10,2025-06-07
ORD04894,2025-06-06,Cliente_096,Dr. Luiz Henrique Pereira,Contagem,MG,Sudeste,P0013,"Projetor Smart Epson EpiqVision, FULL HD",TV e Projeção,2.0,3049.99,0.1397,2025-06-10,2025-06-10
ORD04895,2025-06-06,Cliente_096,Dr. Luiz Henrique Pereira,Contagem,MG,Sudeste,P0025,Webcam Logitech Full HD,Informática,4.0,329.9,0.2025,2025-06-12,2025-06-10
ORD04896,2025-06-06,Cliente_099,Srta. Maria Luiza Rocha,Blumenau,SC,Sul,P0013,"Projetor Smart Epson EpiqVision, FULL HD",TV e Projeção,2.0,3049.99,0.1375,2025-06-09,2025-06-09
ORD04897,2025-06-06,Cliente_103,Emanuel Aragão,Manaus,AM,Norte,P0025,Webcam Logitech Full HD,Informática,2.0,329.9,0.1446,2025-06-12,2025-06-11
ORD04898,2025-06-06,Cliente_117,Dra. Maysa Fogaça,Propriá,SE,Nordeste,P0016,Fone de Ouvido Profissional EDIFIER WH950NB,Áudio,1.0,899.0,0.0201,2025-06-12,2025-06-10
ORD04899,2025-06-06,Cliente_132,Pedro Miguel Rodrigues,São Bernardo do Campo,SP,Sudeste,P0017,ACER Notebook Gamer Nitro,Informática,2.0,4604.0,0.1573,2025-06-13,2025-06-13
ORD04900,2025-06-06,Cliente_136,João Guilherme Rocha,Bom Jesus,PI,Nordeste,P0003,Carregador Turbo USB-C 30W,Acessórios Mobile,3.0,49.9,0.0537,2025-06-13,2025-06-17
ORD04901,2025-06-06,Cliente_145,Manuela Lopes,Londrina,PR,Sul,P0001,Samsung Galaxy A36,Smartphones e Tablets,3.0,1979.1,0.0301,2025-06-13,2025-06-13
ORD04902,2025-06-06,Cliente_146,Levi Freitas,Ji-Paraná,RO,Norte,P0013,"Projetor Smart Epson EpiqVision, FULL HD",TV e Projeção,1.0,3049.99,0.1332,2025-06-12,2025-06-12
ORD04903,2025-06-06,Cliente_148,Sr. Kaique da Mota,Feira de Santana,BA,Nordeste,P0013,"Projetor Smart Epson EpiqVision, FULL HD",TV e Projeção,1.0,3049.99,0.0496,2025-06-12,2025-06-11
ORD04904,2025-06-06,Cliente_150,Srta. Gabrielly Cardoso,Serra,ES,Sudeste,P0015,Fone de Ouvido Profissional AKG K92,Áudio,1.0,428.99,0.0604,2025-06-09,2025-06-08
ORD04905,2025-06-06,Cliente_154,Juan Duarte,São Paulo,SP,Sudeste,P0012,"Soundbar Tomate MTS-2017, Bivolt",Áudio,4.0,769.9,0.0744,2025-06-12,2025-06-14
ORD04906,2025-06-06,Cliente_156,Lívia da Rocha,Cacoal,RO,Norte,P0003,Carregador Turbo USB-C 30W,Acessórios Mobile,3.0,49.9,0.0385,2025-06-12,2025-06-16
ORD04907,2025-06-06,Cliente_165,Maria Fernanda Teixeira,Duque de Caxias,RJ,Sudeste,P0017,ACER Notebook Gamer Nitro,Informática,2.0,4604.0,0.1076,2025-06-12,2025-06-14
ORD04908,2025-06-06,Cliente-167,Sophie da Cruz,Caucaia,CE,Nordeste,P0001,Samsung Galaxy A36,Smartphones e Tablets,3.0,1979.1,0.0318,2025-06-13,2025-06-15
ORD04909,2025-06-06,Cliente_167,Sophie da Cruz,Caucaia,CE,Nordeste,P0015,Fone de Ouvido Profissional AKG K92,Áudio,4.0,428.99,0.0499,2025-06-10,2025-06-10
ORD04910,2025-06-06,Cliente_175,Srta. Gabriela Caldeira,Rio Branco,AC,Norte,P0006,Fone de ouvido Sem Fio QCY T27,Áudio,2.0,129.86,0.0514,2025-06-13,2025-06-11
ORD04911,2025-06-06,Cliente_186,Dra. Helena Teixeira,Bom Jesus,PI,Nordeste,P0016,Fone de Ouvido Profissional EDIFIER WH950NB,Áudio,4.0,899.0,0.0149,2025-06-11,2025-06-10
ORD04912,2025-06-06,Cliente_195,Maria Luiza da Conceição,Belém,PA,Norte,P0012,"Soundbar Tomate MTS-2017, Bivolt",Áudio,1.0,769.9,0.0374,2025-06-12,2025-06-13
ORD04913,2025-06-06,Cliente_213,Sra. Daniela Lima,São Bernardo do Campo,SP,Sudeste,P0015,Fone de Ouvido Profissional AKG K92,Áudio,2.0,428.99,0.0982,2025-06-10,2025-06-09
ORD04914,2025-06-06,Cliente_216,Yasmin Costela,Pelotas,RS,Sul,P0027,Caixa de Som Bluetooth JBL,Áudio,4.0,549.9,0.1102,2025-06-11,2025-06-13
ORD04915,2025-06-06,Cliente_218,Isabel Pereira,Vila Velha,ES,Sudeste,P0007,Película para iPhone 14Pro Anti impacto,Acessórios Mobile,4.0,51.8,0.1187,2025-06-12,2025-06-09
ORD04916,2025-06-06,Cliente_219,Natália da Luz,Cascavel,PR,Sul,P0017,ACER Notebook Gamer Nitro,Informática,1.0,4604.0,0.128,2025-06-09,2025-06-08
ORD04917,2025-06-06,Cliente_222,João Gabriel Nunes,Vitória,ES,Sudeste,P0004,Carregador Turbo Tipo-C 50w,Acessórios Mobile,3.0,53.9,0.0324,2025-06-09,2025-06-08
ORD04918,2025-06-06,Cliente_227,Bruno Nascimento,Bayeux,PB,Nordeste,P0020,Teclado Mecanico Fizz,Informática,4.0,174.9,0.0385,2025-06-13,2025-06-17
ORD04919,2025-06-06,Cliente_229,Thiago da Paz,Uberlândia,MG,Sudeste,P0005,"Fone de Ouvido Sem Fio TWS, PHILIPS",Áudio,2.0,124.91,0.0276,2025-06-10,2025-06-07
ORD04920,2025-06-06,Cliente_235!!,Yago Pires,Ponta Grossa,PR,Sul,P0013,"Projetor Smart Epson EpiqVision, FULL HD",TV e Projeção,3.0,3049.99,0.1034,2025-06-11,2025-06-10
ORD04921,2025-06-06,Cliente_244,Maria Vitória Martins,Rio de Janeiro,RJ,Sudeste,P0020,Teclado Mecanico Fizz,Informática,2.0,174.9,0.0517,2025-06-09,2025-06-11
ORD04922,2025-06-06,Cliente_247,João Moraes,Campinas,SP,Sudeste,P0004,Carregador Turbo Tipo-C 50w,Acessórios Mobile,4.0,53.9,0.0465,2025-06-13,2025-06-12
ORD04923,2025-06-06,Cliente_261,Maria Sophia Caldeira,Pico,PI,Nordeste,P0020,Teclado Mecanico Fizz,Informática,2.0,174.9,0.0402,2025-06-12,2025-06-10
ORD04924,2025-06-06, Cliente_263,Sr. Cauã Carvalho,Uberlândia,MG,Sudeste,P0012,"Soundbar Tomate MTS-2017, Bivolt",Áudio,2.0,769.9,0.0428,2025-06-10,2025-06-09
ORD04925,2025-06-06,Cliente_271,Rebeca Pires,Bom Jesus,PI,Nordeste,P0008,Película de Vidro 3D Galaxy A30s,Acessórios Mobile,2.0,17.9,0.0678,2025-06-13,2025-06-15
ORD04926,2025-06-06,Cliente_276,Dra. Rafaela Peixoto,Betim,MG,Sudeste,P0025,Webcam Logitech Full HD,Informática,3.0,329.9,0.2511,2025-06-10,2025-06-08
ORD04927,2025-06-06,Cliente_300,Dra. Maria Sophia Nogueira,Chapecó,SC,Sul,P0001,Samsung Galaxy A36,Smartphones e Tablets,1.0,1979.1,0.0226,2025-06-11,2025-06-15
ORD04928,2025-06-06,Cliente_309,Dra. Ana Laura Pires,Itajaí,SC,Sul,P0015,Fone de Ouvido Profissional AKG K92,Áudio,4.0,428.99,0.1158,2025-06-09,2025-06-09
ORD04929,2025-06-06,Cliente_314,Nina Ramos,Laranjal do Jari,AP,Norte,P0018,"Monitor UHD Samsung 32""",Informática,1.0,1626.57,0.1314,2025-06-11,2025-06-11
ORD04930,2025-06-06,Cliente_325,Fernanda da Costa,Joinville,SC,Sul,P0027,Caixa de Som Bluetooth JBL,Áudio,4.0,549.9,0.3301,2025-06-10,2025-06-07
ORD04931,2025-06-06,Cliente_326,Emanuella Porto,Ferreira Gomes,AP,Norte,P0001,Samsung Galaxy A36,Smartphones e Tablets,1.0,1979.1,0.0254,2025-06-11,2025-06-11
ORD04932,2025-06-06,Cliente_336,Ana Lívia Dias,Feira de Santana,BA,Nordeste,P0008,Película de Vidro 3D Galaxy A30s, Acessórios Mobile,2.0,17.9,0.0717,2025-06-10,2025-06-10
ORD04933,2025-06-06,Cliente_337,Benício Fernandes,Castanhal,PA,Norte,P0027,Caixa de Som Bluetooth JBL,Áudio,2.0,549.9,0.1144,2025-06-11,2025-06-11
ORD04934,2025-06-06,Cliente_341,Alana Cardoso,Timon,MA,Nordeste,P0006,Fone de ouvido Sem Fio QCY T27,Áudio,4.0,129.86,0.0579,2025-06-13,2025-06-13
ORD04935,2025-06-06,Cliente_356,Matheus Ribeiro,Londrina,PR,Sul,P0019,Mouse Redragon Wireless,Informática,4.0,165.99,0.1969,2025-06-08,2025-06-07
ORD04936,2025-06-06,Cliente_363,Diego Costela,Ananindeua,PA,Norte,P0008,Película de Vidro 3D Galaxy A30s,Acessórios Mobile,1.0,17.9,0.1286,2025-06-12,2025-06-15
ORD04937,2025-06-06,Cliente_369,Nicolas Pires,Contagem,MG,Sudeste,P0025,Webcam Logitech Full HD,Informática,4.0,329.9,0.13,2025-06-12,2025-06-12
ORD04938,2025-06-06,Cliente_394,Eduardo Oliveira,Ribeirão Preto,SP,Sudeste,P0016,Fone de Ouvido Profissional EDIFIER WH950NB,Áudio,2.0,899.0,0.0527,2025-06-11,2025-06-11
ORD04939,2025-06-06,Cliente_398,Sr. Luiz Miguel Mendes,Rio de Janeiro,RJ,Sudeste,P0020,Teclado Mecanico Fizz,Informática,3.0,174.9,0.0832,2025-06-10,2025-06-08
ORD04940,2025-06-06,Cliente_399,Laís da Luz,Mossoró,RN,Nordeste,P0020,Teclado Mecanico Fizz ,Informática,2.0,174.9,0.0493,2025-06-13,2025-06-13
ORD04941,2025-06-06,Cliente_401,Luna Almeida,Juiz de Fora,MG,Sudeste,P0027, Caixa de Som Bluetooth JBL,Áudio,3.0,549.9,0.0736,2025-06-10,2025-06-08
ORD04942,2025-06-06,Cliente_432,Davi Gomes Nogueira,Uberlândia,MG,Sudeste,P0001,Samsung Galaxy A36,Smartphones e Tablets,1.0,1979.1,0.0187,2025-06-10,2025-06-10
ORD04943,2025-06-06,Cliente_441,Alana Fernandes,Betim,MG,Sudeste,P0002,Samsung Galaxy Tab S6 Lite,Smartphones e Tablets,2.0,1799.01,0.0382,2025-06-09,2025-06-07
ORD04944,2025-06-06,Cliente_478,Stella Nogueira Fernandes,Porto Nacional,TO,Norte,P0009,Smart TV 32” Philco LED Roku TV,TV e Projeção,1.0,949.0,0.0097,2025-06-10,2025-06-10
ORD04945,2025-06-06,Cliente_520,Isabella Fernandes,Santo André,SP,Sudeste,P0024,Memória Kingston Fury 16GB DDR5,Informática,3.0,389.9,0.0812,2025-06-12,2025-06-14
ORD04946,2025-06-06,Cliente_542,Milena Pereira,Floriano,PI,Nordeste,P0016,Fone de Ouvido Profissional EDIFIER WH950NB,Áudio,4.0,899.0,0.0244,2025-06-12,2025-06-11
ORD04947,2025-06-06,Cliente_542,Milena Pereira,Floriano,PI,Nordeste,P0027,Caixa de Som Bluetooth JBL,Áudio,2.0,549.9,0.1966,2025-06-14,2025-06-14
ORD04948,2025-06-06,Cliente544,Luiz Silva,Florianópolis,SC,Sul,P0015,Fone de Ouvido Profissional AKG K92,Áudio,4.0,428.99,0.0972,2025-06-13,2025-06-12
ORD04949,2025-06-06,Cliente_545,Felipe Cardoso,Florianópolis,SC,Sul,P0013,"Projetor Smart Epson EpiqVision, FULL HD",TV e Projeção,1.0,3049.99,0.1344,2025-06-14,2025-06-11
ORD04950,2025-06-06,Cliente_545,Felipe Cardoso,Florianópolis,SC,Sul,P0015,Fone de Ouvido Profissional AKG K92,Áudio,4.0,428.99,0.055,2025-06-12,2025-06-10
ORD04951,2025-06-06,Cliente_545,Felipe Cardoso,Florianópolis,SC,Sul,P0017,ACER Notebook Gamer Nitro,Informática,2.0,4604.0,0.0777,2025-06-11,2025-06-09
ORD04952,2025-06-06,Cliente_545,Felipe Cardoso,Florianópolis,SC,Sul,P0025,Webcam Logitech Full HD,Informática,1.0,329.9,0.2312,2025-06-08,2025-06-07
ORD04953,2025-06-06,Cliente_546,Nicole Costa,Caracaraí,RR,Norte,P0005,"Fone de Ouvido Sem Fio TWS, PHILIPS",Áudio,2.0,124.91,0.0322,2025-06-12,2025-06-14
ORD04954,2025-06-06,Cliente_550,Levi Duarte,Serra,ES,Sudeste,P0011,"Soundbar Samsung com 2.1 canais, Dolby Digital",Áudio,3.0,1072.0,0.0304,2025-06-09,2025-06-08
ORD04955,2025-06-07,Cliente_008,Thales Pereira,Cascavel,PR,Sul,P0025,Webcam Logitech Full HD,Informática,1.0,329.9,0.0671,2025-06-12,2025-06-12
ORD04956,2025-06-07,Cliente_016,Sr. Thomas Nascimento,Tarauacá,AC,Norte,P0006,Fone de ouvido Sem Fio QCY T27,Áudio,,129.86,0.0222,2025-06-12,2025-06-12
ORD04957,2025-06-07,Cliente-030,João Lucas da Costa,Joinville,SC,Sul,P0015,Fone de Ouvido Profissional AKG K92,Áudio,2.0,428.99,0.055,2025-06-11,2025-06-10
ORD04958,2025-06-07,Cliente_045,Juan Mendes,Ji-Paraná,RO,Norte,P0016,Fone de Ouvido Profissional EDIFIER WH950NB,Áudio,1.0,899.0,0.0292,2025-06-11,2025-06-12
ORD04959,2025-06-07, Cliente_045 ,Juan Mendes,Ji-Paraná,RO,Norte,P0020,Teclado Mecanico Fizz,Informática,2.0,174.9,0.0799,2025-06-14,2025-06-14
ORD04960,2025-06-07,Cliente_050,Enzo Monteiro,Curitiba,PR,Sul,P0016,Fone de Ouvido Profissional EDIFIER WH950NB,Áudio,1.0,,0.0154,2025-06-11,2025-06-11
ORD04961,2025-06-07,Cliente_065,Letícia Porto,Santana,AP,Norte,P0012,"Soundbar Tomate MTS-2017, Bivolt",Áudio,3.0,769.9,0.0438,2025-06-14,2025-06-14
ORD04962,2025-06-07,Cliente_114,Evelyn da Paz,Mucajaí,RR,Norte,P0010,"Smart TV LED 32""Samsung LED Tizen TV",TV e Projeção,2.0,1079.0,0.0279,2025-06-14,2025-06-14
ORD04963,2025-06-07,Cliente_125,Marina Cardoso,Palmas,TO,Norte,P0010,"Smart TV LED 32""Samsung LED Tizen TV",TV e Projeção,3.0,1079.0,0.0175,2025-06-14,2025-06-13
ORD04964,2025-06-07,Cliente_132,Pedro Miguel Rodrigues,São Bernardo do Campo,SP,Sudeste,P0015,Fone de Ouvido Profissional AKG K92,Áudio,,428.99,0.0567,2025-06-14,2025-06-17
ORD04965,2025-06-07,Cliente_136,João Guilherme Rocha,Bom Jesus,PI,Nordeste,P0009,Smart TV 32” Philco LED Roku TV,TV e Projeção,1.0,949.0,0.0153,2025-06-13,2025-06-12
ORD04966,2025-06-07,Cliente_136,João Guilherme Rocha,Bom Jesus,PI,Nordeste,P0015,Fone de Ouvido Profissional AKG K92,Áudio,2.0,428.99,0.049,2025-06-14,2025-06-14
ORD04967,2025-06-07,Cliente_175,Srta. Gabriela Caldeira,Rio Branco,AC,Norte,P0016,Fone de Ouvido Profissional EDIFIER WH950NB,Áudio,1.0,899.0,0.0097,2025-06-14,2025-06-19
ORD04968,2025-06-07,Cliente_217,Otávio Sales,Porto Nacional,TO,Norte,P0027,Caixa de Som Bluetooth JBL,Áudio,4.0,549.9,0.1059,2025-06-11,2025-06-14
ORD04969,2025-06-07,Cliente_220,Larissa da Paz,Caucaia,CE,Nordeste,P0008,Película de Vidro 3D Galaxy A30s,Acessórios Mobile,2.0,17.9,0.1068,2025-06-14,2025-06-14
ORD04970,2025-06-07,Cliente_222,João Gabriel Nunes,Vitória,ES,Sudeste,P0012,"Soundbar Tomate MTS-2017, Bivolt",Áudio,1.0,769.9,0.0777,2025-06-12,2025-06-09
ORD04971,2025-06-07,Cliente_241,Matheus Ribeiro,Curitiba,PR,Sul,P0017,ACER Notebook Gamer Nitro,Informática,1.0,4604.0,0.1252,2025-06-09,2025-06-08
ORD04972,2025-06-07,Cliente_256,Daniela Fogaça,Florianópolis,SC,Sul,P0025,Webcam Logitech Full HD,Informática,1.0,329.9,0.1607,2025-06-14,2025-06-13
ORD04973,2025-06-07,Cliente_261,Maria Sophia Caldeira,Pico,PI,Nordeste,P0004,Carregador Turbo Tipo-C 50w,Acessórios Mobile,2.0,53.9,0.0655,2025-06-13,2025-06-12
ORD04974,2025-06-07,Cliente_263,Sr. Cauã Carvalho,Uberlândia,MG,Sudeste,P0015,Fone de Ouvido Profissional AKG K92,Áudio,,428.99,0.1337,2025-06-12,2025-06-16
ORD04975,2025-06-07,Cliente_264,Sr. Noah da Paz,Itacoatiara,AM,Norte,P0025,Webcam Logitech Full HD,Informática,1.0,329.9,0.1073,2025-06-10,2025-06-10
ORD04976,2025-06-07,Cliente_275,Marina Caldeira,Porto Alegre,RS,Sul,P0010,"Smart TV LED 32""Samsung LED Tizen TV",TV e Projeção,3.0,1079.0,0.0208,2025-06-11,2025-06-11
ORD04977,2025-06-07,Cliente_281,Letícia da Luz,Campina Grande,PB,Nordeste,P0018,"Monitor UHD Samsung 32""",Informática,2.0,1626.57,0.2083,2025-06-14,2025-06-19
ORD04978,2025-06-07,Cliente_300,Dra. Maria Sophia Nogueira,Chapecó,SC,Sul,P0011,"Soundbar Samsung com 2.1 canais, Dolby Digital",Áudio,1.0,1072.0,0.0329,2025-06-09,2025-06-08
ORD04979,2025-06-07,Cliente_312,Juan Araújo,Bacabal,MA,Nordeste,P0012,"Soundbar Tomate MTS-2017, Bivolt",Áudio,2.0,769.9,0.062,2025-06-10,2025-06-10
ORD04980,2025-06-07,Cliente_314,Nina Ramos,Laranjal do Jari,AP,Norte,P0020,Teclado Mecanico Fizz,Informática,2.0,174.9,0.0875,2025-06-13,2025-06-13
ORD04981,2025-06-07,Cliente_328,Luiza Lopes,Olinda,PE,Nordeste,P0007,Película para iPhone 14Pro Anti impacto,Acessórios Mobile,4.0,51.8,0.1936,2025-06-13,2025-06-13
ORD04982,2025-06-07,Cliente_337,Benício Fernandes,Castanhal,PA,Norte,P0012,"Soundbar Tomate MTS-2017, Bivolt",Áudio,1.0,769.9,0.0492,2025-06-12,2025-06-12
ORD04983,2025-06-07,Cliente_337,Benício Fernandes,Castanhal,PA,Norte,P0018,"Monitor UHD Samsung 32""",Informática,2.0,1626.57,0.0905,2025-06-10,2025-06-09
ORD04984,2025-06-07,Cliente_357,Amanda Araújo,Araguaína,TO,Norte,P0015,Fone de Ouvido Profissional AKG K92,Áudio,,428.99,0.082,2025-06-11,2025-06-13
ORD04985,2025-06-07,Cliente_361,Clara da Paz,Camaçari,BA,Nordeste,P0012,"Soundbar Tomate MTS-2017, Bivolt",Áudio,1.0,769.9,0.0488,2025-06-11,2025-06-12
ORD04986,2025-06-07,Cliente_372,Diego Silva,Caracaraí,RR,Norte,P0015,Fone de Ouvido Profissional AKG K92,Áudio,2.0,428.99,0.0598,2025-06-14,2025-06-15
ORD04987,2025-06-07,Cliente_391,Sr. Nathan Farias,Rio de Janeiro,RJ,Sudeste,P0007,Película para iPhone 14Pro Anti impacto,Acessórios Mobile,4.0,51.8,0.28,2025-06-11,2025-06-09
ORD04988,2025-06-07,Cliente_407,Daniel da Luz,Londrina,PR,Sul,P0013,"Projetor Smart Epson EpiqVision, FULL HD",TV e Projeção,3.0,3049.99,0.121,2025-06-12,2025-06-11
ORD04989,2025-06-07,Cliente_411,Stephany Almeida,Santo André,SP,Sudeste,P0004,Carregador Turbo Tipo-C 50w,Acessórios Mobile,4.0,53.9,0.025,2025-06-11,2025-06-10
ORD04990,2025-06-07,Cliente_413,Raul Rezende,Sobral,CE,Nordeste,P0004,Carregador Turbo Tipo-C 50w,Acessórios Mobile,4.0,53.9,0.0264,2025-06-13,2025-06-12
ORD04991,2025-06-07,Cliente_415,Dra. Ana Carolina da Rocha,Maringá,PR,Sul,P0001,Samsung Galaxy A36,Smartphones e Tablets,2.0,1979.1,0.0316,2025-06-11,2025-06-14
ORD04992,2025-06-07,Cliente_428,Miguel Carvalho,Maringá,PR,Sul,P0026,Cabo USB-C Trançado 2m,Acessórios Mobile,3.0,34.9,0.0565,2025-06-12,2025-06-10
ORD04993,2025-06-07,Cliente_446,Fernanda Silveira Gomes,Blumenau,SC,Sul,P0017,ACER Notebook Gamer Nitro,Informática,2.0,4604.0,0.1431,2025-06-13,2025-06-10
ORD04994,2025-06-07,Cliente_491,Thiago Teixeira Moreira,Ponta Grossa,PR,Sul,P0013,"Projetor Smart Epson EpiqVision, FULL HD",TV e Projeção,1.0,3049.99,0.0896,2025-06-11,2025-06-13
ORD04995,2025-06-07,Cliente_499,Isabel Nogueira,Caicó,RN,Nordeste,P0020,Teclado Mecanico Fizz,Informática,4.0,174.9,0.0825,2025-06-11,2025-06-11
ORD04996,2025-06-07,Cliente_534,Luana Moreira,Estância,SE,Nordeste,P0027,Caixa de Som Bluetooth JBL,Áudio,3.0,549.9,0.1968,2025-06-14,2025-06-14
ORD04997,2025-06-08,Cliente_030,João Lucas da Costa,Joinville,SC,Sul,P0004,Carregador Turbo Tipo-C 50w,Acessórios Mobile,3.0,53.9,0.0656,2025-06-13,2025-06-13
ORD04998,2025-06-08,Cliente_041,Miguel Nascimento,Ribeirão Preto,SP,Sudeste,P0013,"Projetor Smart Epson EpiqVision, FULL HD",TV e Projeção,1.0,3049.99,0.1267,2025-06-11,2025-06-11
ORD04999,2025-06-08,Cliente_065,Letícia Porto,Santana,AP,Norte,P0004,Carregador Turbo Tipo-C 50w,Acessórios Mobile,3.0,53.9,0.0652,2025-06-16,2025-06-16
ORD05000,2025-06-08,Cliente_066,Antônio Moraes,Cascavel,PR,Sul,P0001,Samsung Galaxy A36,Smartphones e Tablets,4.0,1979.1,0.0266,2025-06-12,2025-06-12
ORD05001,2025-06-08,Cliente_076,Leandro da Costa,Rolim de Moura,RO,Norte,P0017,ACER Notebook Gamer Nitro,Informática,2.0,4604.0,0.0894,2025-06-15,2025-06-18
ORD05002,2025-06-08,Cliente_096,Dr. Luiz Henrique Pereira,Contagem,MG,Sudeste,P0011,"Soundbar Samsung com 2.1 canais, Dolby Digital",Áudio,3.0,1072.0,0.029,2025-06-13,2025-06-13
ORD05003,2025-06-08,Cliente_140,Ana Vitória Barbosa,Niterói,RJ,Sudeste,P0019,Mouse Redragon Wireless,Informática,4.0,165.99,0.259,2025-06-13,2025-06-14
ORD05004,2025-06-08,Cliente_145,Manuela Lopes,Londrina,PR,Sul,P0002,Samsung Galaxy Tab S6 Lite,Smartphones e Tablets,,1799.01,0.0383,2025-06-13,2025-06-13
ORD05005,2025-06-08,Cliente_161,Murilo Monteiro,Currais Novos,RN,Nordeste,P0004,Carregador Turbo Tipo-C 50w,Acessórios Mobile,4.0,53.9,0.0521,2025-06-13,2025-06-14
ORD05006,2025-06-08,Cliente_176,Vinicius Ribeiro,São Bernardo do Campo,SP,Sudeste,P0013,"Projetor Smart Epson EpiqVision, FULL HD",TV e Projeção,1.0,3049.99,0.0798,2025-06-12,2025-06-14
ORD05007,2025-06-08,Cliente_182,Pedro Henrique Pinto,Parnaíba,PI,Nordeste,P0023,Tablet Lenovo Tab M11,Smartphones e Tablets,1.0,1399.9,0.0293,2025-06-14,2025-06-12
ORD05008,2025-06-08,Cliente_231,Maria Luiza Rezende,Maringá,PR,Sul,P0027,Caixa de Som Bluetooth JBL,Áudio,2.0,549.9,0.0522,2025-06-13,2025-06-13
ORD05009,2025-06-08,Cliente_243,Laura da Cunha,Maringá,PR,Sul,P0023,Tablet Lenovo Tab M11,Smartphones e Tablets,,1399.9,0.0411,2025-06-11,2025-06-12
ORD05010,2025-06-08,Cliente_248,Dr. João Guilherme da Rosa,Duque de Caxias,RJ,Sudeste,P0027,Caixa de Som Bluetooth JBL,Áudio,2.0,549.9,0.1219,2025-06-12,2025-06-10
ORD05011,2025-06-08,Cliente_264,Sr. Noah da Paz,Itacoatiara,AM,Norte,P0008,Película de Vidro 3D Galaxy A30s,Acessórios Mobile,2.0,17.9,0.1012,2025-06-16,2025-06-16
ORD05012,2025-06-08,Cliente_266,Caroline Carvalho,Cruzeiro do Sul,AC,Norte,P0014,Projetor EPSON Powerlite Wide Screen,TV e Projeção,1.0,2742.13,0.0937,2025-06-15,2025-06-20
ORD05013,2025-06-08,Cliente_340,Bruno Cardoso,Gravataí,RS,Sul,P0027,Caixa de Som Bluetooth JBL,Áudio,3.0,549.9,0.1579,2025-06-11,2025-06-10
ORD05014,2025-06-08,Cliente_347,Murilo Cunha,Porto Nacional,TO,Norte,P0015,Fone de Ouvido Profissional AKG K92,Áudio,2.0,428.99,0.0714,2025-06-16,2025-06-14
ORD05015,2025-06-08,Cliente_361,Clara da Paz,Camaçari,BA,Nordeste,P0027,Caixa de Som Bluetooth JBL,Áudio,2.0,549.9,0.1218,2025-06-13,2025-06-13
ORD05016,2025-06-08,Cliente_421,Kaique Oliveira Aragão,Campinas,SP,Sudeste,P0016,Fone de Ouvido Profissional EDIFIER WH950NB,Áudio,4.0,899.0,0.027,2025-06-11,2025-06-10
ORD05017,2025-06-08,Cliente_476,Gabriela Rodrigues Melo,Uberlândia,MG,Sudeste,P0004,Carregador Turbo Tipo-C 50w,Acessórios Mobile,4.0,53.9,0.0848,2025-06-14,2025-06-13
ORD05018,2025-06-08,Cliente_528,Thiago Mata Mendes,Niterói,RJ,Sudeste,P0016,Fone de Ouvido Profissional EDIFIER WH950NB,Áudio,3.0,899.0,0.0365,2025-06-12,2025-06-10
ORD05019,2025-06-09,Cliente_030,João Lucas da Costa,Joinville,SC,Sul,P0002,Samsung Galaxy Tab S6 Lite,Smartphones e Tablets,3.0,1799.01,0.0552,2025-06-14,2025-06-12
ORD05020,2025-06-09,Cliente_034,Clarice Barbosa,Ji-Paraná,RO,Norte,P0002,Samsung Galaxy Tab S6 Lite,Smartphones e Tablets,1.0,1799.01,0.0616,2025-06-13,2025-06-10
ORD05021,2025-06-09,Cliente_085,Dra. Maria Sophia Ramos,Maringá,PR,Sul,P0015,Fone de Ouvido Profissional AKG K92,Áudio,4.0,428.99,0.1271,2025-06-13,2025-06-17
ORD05022,2025-06-09,Cliente_106,Nicolas Costela,Contagem,MG,Sudeste,P0027,Caixa de Som Bluetooth JBL,Áudio,3.0,549.9,0.1483,2025-06-13,2025-06-12
ORD05023,2025-06-09,Cliente_117,Dra. Maysa Fogaça,Propriá,SE,Nordeste,P0007,Película para iPhone 14Pro Anti impacto,Acessórios Mobile,3.0,51.8,0.1283,2025-06-16,2025-06-16
ORD05024,2025-06-09,Cliente_121,Kamilly Pereira,Pelotas,RS,Sul,P0020,Teclado Mecanico Fizz,Informática,3.0,174.9,0.0523,2025-06-12,2025-06-11
ORD05025,2025-06-09,Cliente_121,Kamilly Pereira,Pelotas,RS,Sul,P0021,SSD Crucial 1TB NVMe M.2,Informática,3.0,449.0,0.0187,2025-06-14,2025-06-18
ORD05026,2025-06-09,Cliente_226,Milena da Conceição,Caruaru,PE,Nordeste,P0013,"Projetor Smart Epson EpiqVision, FULL HD",TV e Projeção,1.0,3049.99,0.117,2025-06-15,2025-06-16
ORD05027,2025-06-09,Cliente_324,João Guilherme Araújo,Nova Iguaçu,RJ,Sudeste,P0006,Fone de ouvido Sem Fio QCY T27,Áudio,2.0,129.86,0.0497,2025-06-16,2025-06-16
ORD05028,2025-06-09,Cliente_337,Benício Fernandes,Castanhal,PA,Norte,P0006,Fone de ouvido Sem Fio QCY T27,Áudio,1.0,129.86,0.0388,2025-06-16,2025-06-21
ORD05029,2025-06-09,Cliente_343,Bruno Silva,Porto Nacional,TO,Norte,P0004,Carregador Turbo Tipo-C 50w,Acessórios Mobile,4.0,53.9,0.0314,2025-06-13,2025-06-16
ORD05030,2025-06-09,Cliente_354,Pedro Miguel Mendes,Macapá,AP,Norte,P0005,"Fone de Ouvido Sem Fio TWS, PHILIPS",Áudio,,124.91,0.0385,2025-06-13,2025-06-13
ORD05031,2025-06-09,Cliente_360,Mariane Campos,Teresina,PI,Nordeste,P0012,"Soundbar Tomate MTS-2017, Bivolt",Áudio,2.0,769.9,0.0564,2025-06-14,2025-06-16
ORD05032,2025-06-09,Cliente_409,Eloah Silva,Sobral,CE,Nordeste,P0027,Caixa de Som Bluetooth JBL,Áudio,4.0,549.9,0.1458,2025-06-15,2025-06-16
ORD05033,2025-06-09,Cliente_411,Stephany Almeida,Santo André,SP,Sudeste,P0009,Smart TV 32” Philco LED Roku TV,TV e Projeção,4.0,949.0,0.0164,2025-06-14,2025-06-15
ORD05034,2025-06-09,Cliente_435,Augusto Silveira,Cachoeiro de Itapemirim,ES,Sudeste,P0013,"Projetor Smart Epson EpiqVision, FULL HD",TV e Projeção,1.0,3049.99,0.1143,2025-06-12,2025-06-12
ORD05035,2025-06-09,Cliente_464,Esther Nunes Ribeiro,Florianópolis,SC,Sul,P0020,Teclado Mecanico Fizz,Informática,2.0,174.9,0.0806,2025-06-13,2025-06-13
ORD05036,2025-06-09,Cliente_512,Kaique Mata,Camaçari,BA,Nordeste,P0015,Fone de Ouvido Profissional AKG K92,Áudio,4.0,428.99,0.0672,2025-06-13,2025-06-12
ORD05037,,Cliente_550,Levi Duarte,Serra,ES,Sudeste,P0016,Fone de Ouvido Profissional EDIFIER WH950NB,Áudio,3.0,899.0,0.0196,2025-06-14,2025-06-14
ORD05038,2025-06-10,Cliente_039,Bruna Almeida,Gravataí,RS,Sul,P0027,Caixa de Som Bluetooth JBL,Áudio,2.0,549.9,0.0884,2025-06-16,2025-06-15
ORD05039,2025-06-10,Cliente_090,Caio Novaes,Blumenau,SC,Sul,P0006,Fone de ouvido Sem Fio QCY T27,Áudio,,,0.0697,2025-06-13,2025-06-12
ORD05040,2025-06-10,Cliente_095,Catarina Nogueira,Blumenau,SC,Sul,P0022,Smartphone Motorola Edge 50 Neo,Smartphones e Tablets,2.0,2299.9,0.0498,2025-06-13,2025-06-15
ORD05041,2025-06-10,Cliente_111,João Vitor Campos,Crato,CE,Nordeste,P0027,Caixa de Som Bluetooth JBL,Áudio,2.0,549.9,0.1816,2025-06-17,2025-06-18
ORD05042,2025-06-10,Cliente_123,Sra. Isabelly Oliveira,Ribeirão Preto,SP,Sudeste,P0012,"Soundbar Tomate MTS-2017, Bivolt",Áudio,4.0,769.9,0.0469,2025-06-13,2025-06-15
ORD05043,2025-06-10,Cliente_128,Kamilly Correia,Curitiba,PR,Sul,P0026,Cabo USB-C Trançado 2m,Acessórios Mobile,4.0,34.9,0.0691,2025-06-16,2025-06-15
ORD05044,2025-06-10,Cliente_138,Pedro Nascimento,Uberlândia,MG,Sudeste,P0015,Fone de Ouvido Profissional AKG K92,Áudio,1.0,428.99,0.0615,2025-06-13,2025-06-13
ORD05045,2025-06-10,Cliente_154,Juan Duarte,São Paulo,SP,Sudeste,P0004,Carregador Turbo Tipo-C 50w,Acessórios Mobile,3.0,53.9,0.0509,2025-06-13,2025-06-11
ORD05046,2025-06-10,Cliente_165,Maria Fernanda Teixeira,Duque de Caxias,RJ,Sudeste,P0010,"Smart TV LED 32""Samsung LED Tizen TV",TV e Projeção,2.0,1079.0,0.013,2025-06-14,2025-06-13
ORD05047,2025-06-10,Cliente_194,Pedro Gomes,Pelotas,RS,Sul,P0010," Smart TV LED 32""Samsung LED Tizen TV",TV e Projeção,1.0,1079.0,0.0119,2025-06-14,2025-06-13
ORD05048,2025-06-10,Cliente_196,Fernando Costa,Vila Velha,ES,Sudeste,P0010,"Smart TV LED 32""Samsung LED Tizen TV",TV e Projeção,2.0,1079.0,0.0151,2025-06-15,2025-06-17
ORD05049,2025-06-10,Cliente_202,Nicolas Viana,Niterói,RJ,Sudeste,P0011,"Soundbar Samsung com 2.1 canais, Dolby Digital",Áudio,2.0,1072.0,0.0284,2025-06-16,2025-06-16
ORD05050,2025-06-10,Cliente_215,Olivia Souza,Camaçari,BA,Nordeste,P0027,Caixa de Som Bluetooth JBL,Áudio,4.0,549.9,0.1712,2025-06-17,2025-06-19
ORD05051,2025-06-10,Cliente_219,Natália da Luz,Cascavel,PR,Sul,P0026,Cabo USB-C Trançado 2m,Acessórios Mobile,2.0,34.9,0.0463,2025-06-14,2025-06-16
ORD05052,,Cliente_240,Esther Monteiro,Fortaleza,CE,Nordeste,P0015,Fone de Ouvido Profissional AKG K92,Áudio,4.0,428.99,0.0329,2025-06-16,2025-06-21
ORD05053,2025-06-10,Cliente_255,Anthony Pires,Caxias do Sul,RS,Sul,P0013,"Projetor Smart Epson EpiqVision, FULL HD",TV e Projeção,1.0,3049.99,0.0955,2025-06-13,2025-06-12
ORD05054,2025-06-10,Cliente_293,Luiza Teixeira,Santo André,SP,Sudeste,P0021,SSD Crucial 1TB NVMe M.2,Informática,3.0,449.0,0.0205,2025-06-17,2025-06-18
ORD05055,2025-06-10,Cliente_312,Juan Araújo,Bacabal,MA,Nordeste,P0016,Fone de Ouvido Profissional EDIFIER WH950NB,Áudio,1.0,899.0,0.0164,2025-06-16,2025-06-16
ORD05056,2025-06-10,Cliente_314,Nina Ramos,Laranjal do Jari,AP,Norte,P0012,"Soundbar Tomate MTS-2017, Bivolt",Áudio,4.0,769.9,0.0678,2025-06-17,2025-06-15
ORD05057,2025-06-10,Cliente_317,Catarina Ramos,Ferreira Gomes,AP,Norte,P0004,Carregador Turbo Tipo-C 50w,Acessórios Mobile,4.0,53.9,0.0363,2025-06-17,2025-06-17
ORD05058,2025-06-10,Cliente_337,Benício Fernandes,Castanhal,PA,Norte,P0009,Smart TV 32” Philco LED Roku TV,TV e Projeção,3.0,949.0,0.0118,2025-06-16,2025-06-17
ORD05059,2025-06-10,Cliente_342,Vitor Gabriel Nascimento,Rio Branco,AC,Norte,P0026,Cabo USB-C Trançado 2m,Acessórios Mobile,4.0,34.9,0.0517,2025-06-15,2025-06-14
ORD05060,2025-06-10,Cliente_368,Bryan da Mota,Lagarto,SE,Nordeste,P0027,Caixa de Som Bluetooth JBL,Áudio,1.0,549.9,0.1217,2025-06-16,2025-06-16
ORD05061,2025-06-10,Cliente_394,Eduardo Oliveira,Ribeirão Preto,SP,Sudeste,P0019,Mouse Redragon Wireless,Informática,4.0,165.99,0.2057,2025-06-16,2025-06-14
ORD05062,2025-06-10,Cliente_400,Ana Sophia da Rosa,Floriano,PI,Nordeste,P0020,Teclado Mecanico Fizz,Informática,3.0,174.9,0.0893,2025-06-17,2025-06-22
ORD05063,2025-06-10,Cliente_408,Maria Julia Duarte,Marabá,PA,Norte,P0013,"Projetor Smart Epson EpiqVision, FULL HD",TV e Projeção,1.0,3049.99,0.1956,2025-06-17,2025-06-16
ORD05064,2025-06-10,Cliente_418,Benício Monteiro,Nova Iguaçu,RJ,Sudeste,P0021,SSD Crucial 1TB NVMe M.2,Informática,3.0,449.0,0.0248,2025-06-15,2025-06-13
ORD05065,2025-06-10,Cliente_446,Fernanda Silveira Gomes,Blumenau,SC,Sul,P0013,"Projetor Smart Epson EpiqVision, FULL HD",TV e Projeção,1.0,3049.99,0.0787,2025-06-15,2025-06-14
ORD05066,2025-06-10,Cliente_466,Enzo Rodrigues,Santo André,SP,Sudeste,P0017,ACER Notebook Gamer Nitro,Informática,2.0,4604.0,0.1632,2025-06-16,2025-06-17
ORD05067,2025-06-10,Cliente_471,Luiza Dias,Porto Alegre,RS,Sul,P0002,Samsung Galaxy Tab S6 Lite,Smartphones e Tablets,1.0,1799.01,0.0336,2025-06-17,2025-06-18
ORD05068,2025-06-10,Cliente_483,Melissa Gomes,Blumenau,SC,Sul,P0025,Webcam Logitech Full HD,Informática,,329.9,0.1174,2025-06-15,2025-06-14
ORD05069,2025-06-10,Cliente_484,Rafael Novaes Nogueira,Santa Maria,RS,Sul,P0008,Película de Vidro 3D Galaxy A30s,Acessórios Mobile,1.0,17.9,0.0703,2025-06-12,2025-06-17
ORD05070,2025-06-10,Cliente_488,Raul Teixeira Luz,Serra,ES,Sudeste,P0012,"Soundbar Tomate MTS-2017, Bivolt",Áudio,1.0,769.9,0.0636,2025-06-15,2025-06-15
ORD05071,2025-06-10,Cliente_490,Manuela Freitas Mota,Pico,PI,Nordeste,P0017,ACER Notebook Gamer Nitro,Informática,1.0,4604.0,0.0952,2025-06-18,2025-06-17
ORD05072,2025-06-10,Cliente_499,Isabel Nogueira,Caicó,RN,Nordeste,P0002,Samsung Galaxy Tab S6 Lite,Smartphones e Tablets,1.0,1799.01,0.0569,2025-06-15,2025-06-16
ORD05073,2025-06-10,Cliente_499,Isabel Nogueira,Caicó,RN,Nordeste,P0015,Fone de Ouvido Profissional AKG K92,Áudio,4.0,428.99,0.0845,2025-06-14,2025-06-14
ORD05074,2025-06-10,Cliente_523,Lucas Moreira,Curitiba,PR,Sul,P0027,Caixa de Som Bluetooth JBL,Áudio,1.0,549.9,0.1682,2025-06-14,2025-06-13
ORD05075,2025-06-11,Cliente_021,Mirella Rodrigues,Ribeirão Preto,SP,Sudeste,P0004,Carregador Turbo Tipo-C 50w,Acessórios Mobile,4.0,53.9,0.0726,2025-06-17,2025-06-16
ORD05076,2025-06-11,Cliente_022,Lívia Gomes,Vitória,ES,Sudeste,P0021,SSD Crucial 1TB NVMe M.2,Informática,3.0,449.0,0.0156,2025-06-18,2025-06-18
ORD05077,2025-06-11,Cliente_100,Beatriz Costa,Bom Jesus,PI,Nordeste,P0024,Memória Kingston Fury 16GB DDR5,Informática,3.0,389.9,0.0918,2025-06-15,2025-06-14
ORD05078,2025-06-11,Cliente_106,Nicolas Costela,Contagem,MG,Sudeste,P0018,"Monitor UHD Samsung 32""",Informática,1.0,1626.57,0.2451,2025-06-13,2025-06-12
ORD05079,2025-06-11,Cliente_123,Sra. Isabelly Oliveira,Ribeirão Preto,SP,Sudeste,P0020,Teclado Mecanico Fizz,Informática,3.0,174.9,0.1462,2025-06-15,2025-06-14
ORD05080,2025-06-11,Cliente_156,Lívia da Rocha,Cacoal,RO,Norte,P0015,Fone de Ouvido Profissional AKG K92,Áudio,1.0,428.99,0.0388,2025-06-20,2025-06-20
ORD05081,2025-06-11,Cliente_175,Srta. Gabriela Caldeira,Rio Branco,AC,Norte,P0005,"Fone de Ouvido Sem Fio TWS, PHILIPS",Áudio,4.0,124.91,0.0254,2025-06-14,2025-06-12
ORD05082,2025-06-11,Cliente_188,Ana Beatriz Barbosa,Estância,SE,Nordeste,P0027,Caixa de Som Bluetooth JBL,Áudio,2.0,549.9,0.2399,2025-06-16,2025-06-15
ORD05083,2025-06-11,Cliente_212,Letícia Carvalho,Juiz de Fora,MG,Sudeste,P0001,Samsung Galaxy A36,Smartphones e Tablets,1.0,1979.1,0.0321,2025-06-14,2025-06-14
ORD05084,2025-06-11,Cliente_236,Anthony Rezende,Timon,MA,Nordeste,P0011,"Soundbar Samsung com 2.1 canais, Dolby Digital",Áudio,3.0,1072.0,0.0225,2025-06-17,2025-06-21
ORD05085,2025-06-11,Cliente_251,Dr. João Felipe Sales,Ribeirão Preto,SP,Sudeste,P0012,"Soundbar Tomate MTS-2017, Bivolt",Áudio,1.0,769.9,0.0511,2025-06-15,2025-06-14
ORD05086,2025-06-11,Cliente_256,Daniela Fogaça,Florianópolis,SC,Sul,P0019,Mouse Redragon Wireless,Informática,2.0,165.99,0.1735,2025-06-14,2025-06-12
ORD05087,2025-06-11,Cliente_273,Leonardo Melo,Sobral,CE,Nordeste,P0004,Carregador Turbo Tipo-C 50w,Acessórios Mobile,1.0,53.9,0.0367,2025-06-15,2025-06-14
ORD05088,,Cliente_278,Bianca Pereira,Porto Nacional,TO,Norte,P0004,Carregador Turbo Tipo-C 50w,Acessórios Mobile,4.0,53.9,0.0519,2025-06-14,2025-06-14
ORD05089,2025-06-11,Cliente_285,Maria Vitória Jesus,Vitória da Conquista,BA,Nordeste,P0007,Película para iPhone 14Pro Anti impacto,Acessórios Mobile,3.0,51.8,0.0824,2025-06-18,2025-06-17
ORD05090,2025-06-11,Cliente_300,Dra. Maria Sophia Nogueira,Chapecó,SC,Sul,P0024,Memória Kingston Fury 16GB DDR5,Informática,4.0,389.9,0.1609,2025-06-15,2025-06-15
ORD05091,2025-06-11,Cliente_309,Dra. Ana Laura Pires,Itajaí,SC,Sul,P0027,Caixa de Som Bluetooth JBL,Áudio,1.0,549.9,0.2132,2025-06-15,2025-06-15
ORD05092,2025-06-11,Cliente_386,Diego Cavalcanti,Mucajaí,RR,Norte,P0001,Samsung Galaxy A36,Smartphones e Tablets,2.0,1979.1,0.0281,2025-06-15,2025-06-14
ORD05093,2025-06-11,Cliente_397,Isabella Gonçalves,Vitória,ES,Sudeste,P0006,Fone de ouvido Sem Fio QCY T27,Áudio,4.0,129.86,0.0436,2025-06-14,2025-06-13
ORD05094,2025-06-11,Cliente_406,Laís da Costa,Juiz de Fora,MG,Sudeste,P0014,Projetor EPSON Powerlite Wide Screen,TV e Projeção,2.0,2742.13,0.1327,2025-06-17,2025-06-15
ORD05095,2025-06-11,Cliente_408,Maria Julia Duarte,Marabá,PA,Norte,P0027,Caixa de Som Bluetooth JBL,Áudio,3.0,,0.1442,2025-06-19,2025-06-19
ORD05096,2025-06-11,Cliente_434,Isadora Jesus Araújo,Caxias,MA,Nordeste,P0020,Teclado Mecanico Fizz,Informática,2.0,174.9,0.0498,2025-06-16,2025-06-25
ORD05097,2025-06-11,Cliente_447,Augusto Dias Correia,Maringá,PR,Sul,P0025,Webcam Logitech Full HD,Informática,2.0,329.9,0.0701,2025-06-14,2025-06-12
ORD05098,2025-06-11,Cliente_464,Esther Nunes Ribeiro,Florianópolis,SC,Sul,P0026,Cabo USB-C Trançado 2m,Acessórios Mobile,4.0,34.9,0.0546,2025-06-14,2025-06-15
ORD05099,2025-06-11,Cliente_468,Bianca Correia,Betim,MG,Sudeste,P0005,"Fone de Ouvido Sem Fio TWS, PHILIPS",Áudio,3.0,124.91,0.0288,2025-06-17,2025-06-19
ORD05100,2025-06-11,Cliente_511,Giovanna Jesus Campos,Santa Maria,RS,Sul,P0027,Caixa de Som Bluetooth JBL,Áudio,1.0,549.9,0.1315,2025-06-18,2025-06-19
ORD05101,2025-06-12,Cliente_007,Helena Souza,Feira de Santana,BA,Nordeste,P0011,"Soundbar Samsung com 2.1 canais, Dolby Digital",Áudio,3.0,1072.0,0.0319,2025-06-16,2025-06-16
ORD05102,2025-06-12,Cliente_019,Gabriela da Paz,Uberlândia,MG,Sudeste,P0015,Fone de Ouvido Profissional AKG K92,Áudio,3.0,428.99,0.0675,2025-06-16,2025-06-13
ORD05103,2025-06-12,Cliente_050,Enzo Monteiro,Curitiba,PR,Sul,P0007,Película para iPhone 14Pro Anti impacto,Acessórios Mobile,3.0,51.8,0.1556,2025-06-17,2025-06-17
ORD05104,2025-06-12,Cliente_060,Kaique Gomes,São Bernardo do Campo,SP,Sudeste,P0007,Película para iPhone 14Pro Anti impacto,Acessórios Mobile,3.0,51.8,0.2726,2025-06-18,2025-06-18
ORD05105,2025-06-12,Cliente_064,Anthony Aragão,Cachoeiro de Itapemirim,ES,Sudeste,P0011,"Soundbar Samsung com 2.1 canais, Dolby Digital",Áudio,3.0,1072.0,0.0249,2025-06-19,2025-06-21
ORD05106,2025-06-12,Cliente_065,Letícia Porto,Santana,AP,Norte,P0012,"Soundbar Tomate MTS-2017, Bivolt",Áudio,2.0,769.9,0.0681,2025-06-17,2025-06-17
ORD05107,2025-06-12,Cliente_071,Bárbara Correia,Mazagão,AP,Norte,P0004,Carregador Turbo Tipo-C 50w,Acessórios Mobile,3.0,53.9,0.051,2025-06-19,2025-06-21
ORD05108,2025-06-12,Cliente_101 ,Francisco Barbosa,Pelotas,RS,Sul,P0015,Fone de Ouvido Profissional AKG K92,Áudio,2.0,428.99,0.0673,2025-06-16,2025-06-16
ORD05109,2025-06-12,Cliente_101,Francisco Barbosa,Pelotas,RS,Sul,P0018,"Monitor UHD Samsung 32""",Informática,2.0,1626.57,0.1232,2025-06-16,2025-06-20
ORD05110,2025-06-12,Cliente_134,Juan da Luz,Blumenau,SC,Sul,P0013,"Projetor Smart Epson EpiqVision, FULL HD",TV e Projeção,1.0,3049.99,0.1094,2025-06-17,2025-06-16
ORD05111,2025-06-12,Cliente_135,Eduardo Pires,Contagem,MG,Sudeste,P0007,Película para iPhone 14Pro Anti impacto,Acessórios Mobile,1.0,51.8,0.1033,2025-06-20,2025-06-19
ORD05112,2025-06-12,Cliente_154,Juan Duarte,São Paulo,SP,Sudeste,P0020,Teclado Mecanico Fizz,Informática,3.0,174.9,0.0631,2025-06-15,2025-06-15
ORD05113,2025-06-12,Cliente_157,Stella Barbosa,Cachoeiro de Itapemirim,ES,Sudeste,P0027,Caixa de Som Bluetooth JBL,Áudio,3.0,549.9,0.0661,2025-06-18,2025-06-22
ORD05114,2025-06-12,Cliente_158,Emanuel Ramos,Timon,MA,Nordeste,P0002,Samsung Galaxy Tab S6 Lite,Smartphones e Tablets,3.0,1799.01,0.041,2025-06-16,2025-06-16
ORD05115,2025-06-12,Cliente_166,Pietro Jesus,Porto Velho,RO,Norte,P0020,Teclado Mecanico Fizz,Informática,4.0,174.9,0.1037,2025-06-17,2025-06-16
ORD05116,2025-06-12,Cliente_173,Vitor Pinto,Cascavel,PR,Sul,P0027,Caixa de Som Bluetooth JBL,Áudio,1.0,549.9,0.1211,2025-06-14,2025-06-13
ORD05117,2025-06-12,Cliente_179,Ana Vitória da Rocha,São Paulo,SP,Sudeste,P0016,Fone de Ouvido Profissional EDIFIER WH950NB,Áudio,4.0,899.0,0.0163,2025-06-15,2025-06-15
ORD05118,2025-06-12,Cliente_194,Pedro Gomes,Pelotas,RS,Sul,P0005,"Fone de Ouvido Sem Fio TWS, PHILIPS",Áudio,1.0,124.91,0.0458,2025-06-14,2025-06-13
ORD05119,2025-06-12,Cliente_209,Eduarda Nunes,Recife,PE,Nordeste,P0022,Smartphone Motorola Edge 50 Neo,Smartphones e Tablets,3.0,2299.9,0.0658,2025-06-17,2025-06-16
ORD05120,2025-06-12,Cliente_243,Laura da Cunha,Maringá,PR,Sul,P0020,Teclado Mecanico Fizz,Informática,4.0,174.9,0.0829,2025-06-19,2025-06-18
ORD05121,2025-06-12,Cliente_259,Melissa da Rocha,São Bernardo do Campo,SP,Sudeste,P0007,Película para iPhone 14Pro Anti impacto,Acessórios Mobile,3.0,51.8,0.1209,2025-06-16,2025-06-15
ORD05122,2025-06-12,Cliente_290,Luiz Henrique Moraes,Laranjal do Jari,AP,Norte,P0024,Memória Kingston Fury 16GB DDR5,Informática,4.0,389.9,0.2113,2025-06-17,2025-06-18
ORD05123,2025-06-12,Cliente_294,Larissa Teixeira,Ferreira Gomes,AP,Norte,P0022,Smartphone Motorola Edge 50 Neo,Smartphones e Tablets,1.0,2299.9,0.056,2025-06-20,2025-06-17
ORD05124,2025-06-12,Cliente_297,Letícia Campos,Boa Vista,RR,Norte,P0016,Fone de Ouvido Profissional EDIFIER WH950NB,Áudio,1.0,899.0,0.0145,2025-06-18,2025-06-15
ORD05125,2025-06-12,Cliente_311,Catarina Vieira,Natal,RN,Nordeste,P0020,Teclado Mecanico Fizz,Informática,4.0,174.9,0.0536,2025-06-17,2025-06-16
ORD05126,,Cliente_322,Ana Vitória Costela,Caxias do Sul,RS,Sul,P0002,Samsung Galaxy Tab S6 Lite,Smartphones e Tablets,1.0,1799.01,0.0364,2025-06-18,2025-06-18
ORD05127,2025-06-12,Cliente_323,Dr. João Pedro Carvalho,Boa Vista,RR,Norte,P0025,Webcam Logitech Full HD,Informática,3.0,329.9,0.2343,2025-06-18,2025-06-17
ORD05128,2025-06-12,Cliente_328,Luiza Lopes,Olinda,PE,Nordeste,P0021,SSD Crucial 1TB NVMe M.2,Informática,3.0,449.0,0.0251,2025-06-16,2025-06-16
ORD05129,2025-06-12,Cliente_336,Ana Lívia Dias,Feira de Santana,BA,Nordeste,P0010,"Smart TV LED 32""Samsung LED Tizen TV",TV e Projeção,4.0,1079.0,0.0174,2025-06-19,2025-06-23
ORD05130,2025-06-12,Cliente_337,Benício Fernandes,Castanhal,PA,Norte,P0001,Samsung Galaxy A36,Smartphones e Tablets,1.0,1979.1,0.0269,2025-06-16,2025-06-16
ORD05131,2025-06-12,Cliente_355,Srta. Marina Rocha,Caucaia,CE,Nordeste,P0023,Tablet Lenovo Tab M11,Smartphones e Tablets,2.0,1399.9,0.0567,2025-06-16,2025-06-18
ORD05132,2025-06-12,Cliente_434,Isadora Jesus Araújo,Caxias,MA,Nordeste,P0019,Mouse Redragon Wireless ,Informática,4.0,165.99,0.35,2025-06-19,2025-06-19
ORD05133,2025-06-12,Cliente-436,Daniel Carvalho,Itajaí,SC,Sul,P0009,Smart TV 32” Philco LED Roku TV,TV e Projeção,1.0,949.0,0.0187,2025-06-15,2025-06-16
ORD05134,2025-06-12,Cliente_436,Daniel Carvalho,Itajaí,SC,Sul,P0026,Cabo USB-C Trançado 2m,Acessórios Mobile,4.0,34.9,0.0748,2025-06-15,2025-06-14
ORD05135,2025-06-12,Cliente_453,Maitê Moreira Viana,Itajaí,SC,Sul,P0007,Película para iPhone 14Pro Anti impacto,Acessórios Mobile,2.0,51.8,0.1526,2025-06-14,2025-06-13
ORD05136,2025-06-12,Cliente_471,Luiza Dias,Porto Alegre,RS,Sul,P0002,Samsung Galaxy Tab S6 Lite,Smartphones e Tablets,3.0,1799.01,0.0388,2025-06-17,2025-06-16
ORD05137,2025-06-12,Cliente_491,Thiago Teixeira Moreira,Ponta Grossa,PR,Sul,P0002,Samsung Galaxy Tab S6 Lite,Smartphones e Tablets,3.0,1799.01,0.0449,2025-06-15,2025-06-15
ORD05138,2025-06-12,Cliente_499,Isabel Nogueira,Caicó,RN,Nordeste,P0001,Samsung Galaxy A36,Smartphones e Tablets,2.0,1979.1,0.0129,2025-06-16,2025-06-17
ORD05139,2025-06-12,Cliente_509,Sophie Almeida,Cascavel,PR,Sul,P0019,Mouse Redragon Wireless,Informática,4.0,165.99,0.218,2025-06-15,2025-06-14
ORD05140,2025-06-12,Cliente_520,Isabella Fernandes,Santo André,SP,Sudeste,P0007,Película para iPhone 14Pro Anti impacto,Acessórios Mobile,3.0,51.8,0.1042,2025-06-19,2025-06-18
ORD05141,2025-06-12,Cliente_546 ,Nicole Costa,Caracaraí,RR,Norte,P0025,Webcam Logitech Full HD,Informática,1.0,329.9,0.058,2025-06-18,2025-06-18
ORD05142,2025-06-13,Cliente_008,Thales Pereira,Cascavel,PR,Sul,P0020,Teclado Mecanico Fizz,Informática,,174.9,0.0548,2025-06-18,2025-06-18
ORD05143,2025-06-13,Cliente_016,Sr. Thomas Nascimento,Tarauacá,AC,Norte,P0013,"Projetor Smart Epson EpiqVision, FULL HD",TV e Projeção,2.0,3049.99,0.094,2025-06-21,2025-06-21
ORD05144,2025-06-13,Cliente_027,Davi Lucas Gomes,Ribeirão Preto,SP,Sudeste,P0002,Samsung Galaxy Tab S6 Lite,Smartphones e Tablets,2.0,1799.01,0.0452,2025-06-19,2025-06-20
ORD05145,2025-06-13,Cliente_027,Davi Lucas Gomes,Ribeirão Preto,SP,Sudeste,P0027,Caixa de Som Bluetooth JBL,Áudio,4.0,549.9,0.1189,2025-06-16,2025-06-14
ORD05146,2025-06-13,Cliente_036,Bryan Pires,Manacapuru,AM,Norte,P0016,Fone de Ouvido Profissional EDIFIER WH950NB,Áudio,,899.0,0.0201,2025-06-17,2025-06-16
ORD05147,2025-06-13,Cliente_040,Renan Silveira,Propriá,SE,Nordeste,P0005,"Fone de Ouvido Sem Fio TWS, PHILIPS",Áudio,3.0,124.91,0.0356,2025-06-19,2025-06-19
ORD05148,2025-06-13,Cliente_043,Luiz Fernando Moura,Vilhena,RO,Norte,P0012,"Soundbar Tomate MTS-2017, Bivolt",Áudio,2.0,,0.0269,2025-06-20,2025-06-19
ORD05149,2025-06-13,Cliente_058,Sr. Nathan Peixoto,Itacoatiara,AM,Norte,P0005,"Fone de Ouvido Sem Fio TWS, PHILIPS",Áudio,1.0,124.91,0.0323,2025-06-20,2025-06-18
ORD05150,2025-06-13,Cliente_069,Levi da Rosa,Porto Nacional,TO,Norte,P0021,SSD Crucial 1TB NVMe M.2,Informática,4.0,449.0,0.0296,2025-06-20,2025-06-17
ORD05151,2025-06-13,Cliente_089,André Souza,Ponta Grossa,PR,Sul,P0007,Película para iPhone 14Pro Anti impacto,Acessórios Mobile,3.0,51.8,0.066,2025-06-18,2025-06-15
ORD05152,2025-06-13,Cliente_096,Dr. Luiz Henrique Pereira,Contagem,MG,Sudeste,P0009,Smart TV 32” Philco LED Roku TV,TV e Projeção,3.0,949.0,0.0085,2025-06-17,2025-06-17
ORD05153,2025-06-13,Cliente_109,Gustavo Henrique Cunha,Cantá,RR,Norte,P0008,Película de Vidro 3D Galaxy A30s,Acessórios Mobile,2.0,17.9,0.1775,2025-06-20,2025-06-18
ORD05154,2025-06-13,Cliente_114,Evelyn da Paz,Mucajaí,RR,Norte,P0013,"Projetor Smart Epson EpiqVision, FULL HD",TV e Projeção,1.0,3049.99,0.1302,2025-06-18,2025-06-18
ORD05155,2025-06-13,Cliente_166,Pietro Jesus,Porto Velho,RO,Norte,P0005,"Fone de Ouvido Sem Fio TWS, PHILIPS",Áudio,2.0,124.91,0.0223,2025-06-18,2025-06-18
ORD05156,2025-06-13,Cliente_177,Dra. Heloísa da Paz,São Paulo,SP,Sudeste,P0007,Película para iPhone 14Pro Anti impacto,Acessórios Mobile,2.0,51.8,0.1672,2025-06-18,2025-06-16
ORD05157,2025-06-13,Cliente_194,Pedro Gomes,Pelotas,RS,Sul,P0012,"Soundbar Tomate MTS-2017, Bivolt",Áudio,2.0,769.9,0.0447,2025-06-20,2025-06-19
ORD05158,2025-06-13,Cliente_199,João Guilherme Fogaça,Ananindeua,PA,Norte,P0015,Fone de Ouvido Profissional AKG K92,Áudio,4.0,428.99,0.0719,2025-06-18,2025-06-23
ORD05159,2025-06-13,Cliente_204,Júlia da Mota,Santa Maria,RS,Sul,P0006,Fone de ouvido Sem Fio QCY T27,Áudio,1.0,129.86,0.0815,2025-06-16,2025-06-14
ORD05160,2025-06-13,Cliente208,Vitor Araújo,Betim,MG,Sudeste,P0011,"Soundbar Samsung com 2.1 canais, Dolby Digital",Áudio,3.0,1072.0,0.0529,2025-06-18,2025-06-18
ORD05161,2025-06-13,Cliente_215,Olivia Souza,Camaçari,BA,Nordeste,P0026,Cabo USB-C Trançado 2m,Acessórios Mobile,4.0,34.9,0.0474,2025-06-18,2025-06-17
ORD05162,2025-06-13,Cliente_220,Larissa da Paz,Caucaia,CE,Nordeste,P0027,Caixa de Som Bluetooth JBL,Áudio,2.0,549.9,0.169,2025-06-17,2025-06-16
ORD05163,2025-06-13,Cliente_301,Sarah Melo,Curitiba,PR,Sul,P0007,Película para iPhone 14Pro Anti impacto,Acessórios Mobile,2.0,51.8,0.2203,2025-06-18,2025-06-15
ORD05164,2025-06-13,Cliente_329,Sra. Daniela Aragão,Duque de Caxias,RJ,Sudeste,P0015,Fone de Ouvido Profissional AKG K92 ,Áudio,3.0,428.99,0.0727,2025-06-19,2025-06-17
ORD05165,2025-06-13,Cliente_334,Dr. Rafael Castro,Caicó,RN,Nordeste,P0020,Teclado Mecanico Fizz,Informática,1.0,174.9,0.0802,2025-06-17,2025-06-17
ORD05166,2025-06-13,Cliente_376,Eduarda Melo,Serra,ES,Sudeste,P0020,Teclado Mecanico Fizz,Informática,2.0,174.9,0.0678,2025-06-18,2025-06-15
ORD05167,2025-06-13,Cliente_394,Eduardo Oliveira,Ribeirão Preto,SP,Sudeste,P0025,Webcam Logitech Full HD,Informática,4.0,329.9,0.1183,2025-06-17,2025-06-17
ORD05168,2025-06-13,cliente#406,Laís da Costa,Juiz de Fora,MG,Sudeste,P0020,Teclado Mecanico Fizz,Informática,3.0,174.9,0.0595,2025-06-18,2025-06-16
ORD05169,2025-06-13,Cliente_439,Stella Cunha,Nova Iguaçu,RJ,Sudeste,P0020,Teclado Mecanico Fizz,Informática,2.0,174.9,0.0801,2025-06-20,2025-06-23
ORD05170,2025-06-13,Cliente_446,Fernanda Silveira Gomes,Blumenau,SC,Sul,P0020,Teclado Mecanico Fizz,Informática,,174.9,0.1,2025-06-19,2025-06-18
ORD05171,2025-06-13,Cliente_452,Arthur Silveira,Porto Nacional,TO,Norte,P0007,Película para iPhone 14Pro Anti impacto,Acessórios Mobile,4.0,51.8,0.1484,2025-06-17,2025-06-16
ORD05172,2025-06-13,Cliente_453,Maitê Moreira Viana,Itajaí,SC,Sul,P0016,Fone de Ouvido Profissional EDIFIER WH950NB,Áudio,1.0,899.0,0.0176,2025-06-16,2025-06-15
ORD05173,2025-06-13,Cliente_483,Melissa Gomes,Blumenau,SC,Sul,P0027,Caixa de Som Bluetooth JBL,Áudio,1.0,549.9,0.1093,2025-06-15,2025-06-15
ORD05174,2025-06-13,Cliente_545,Felipe Cardoso,Florianópolis,SC,Sul,P0026,Cabo USB-C Trançado 2m,Acessórios Mobile,4.0,34.9,0.0722,2025-06-17,2025-06-17
ORD05175,2025-06-14,Cliente_006,Miguel Cardoso,Juazeiro,BA,Nordeste,P0004,Carregador Turbo Tipo-C 50w,Acessórios Mobile,2.0,53.9,0.0504,2025-06-21,2025-06-19
ORD05176,2025-06-14,Cliente_008,Thales Pereira,Cascavel,PR,Sul,P0013,"Projetor Smart Epson EpiqVision, FULL HD",TV e Projeção,3.0,3049.99,0.0487,2025-06-16,2025-06-18
ORD05177,,Cliente_023,Dr. Nathan Cunha,São Bernardo do Campo,SP,Sudeste,P0020,Teclado Mecanico Fizz,Informática,3.0,174.9,0.0722,2025-06-19,2025-06-18
ORD05178,2025-06-14,Cliente_027,Davi Lucas Gomes,Ribeirão Preto,SP,Sudeste,P0013,"Projetor Smart Epson EpiqVision, FULL HD",TV e Projeção,1.0,3049.99,0.045,2025-06-18,2025-06-19
ORD05179,2025-06-14,Cliente_046,Dra. Emanuella Sales,Cruzeiro do Sul,AC,Norte,P0020,Teclado Mecanico Fizz,Informática,2.0,174.9,0.0473,2025-06-16,2025-06-21
ORD05180,2025-06-14,Cliente_052,Ana Beatriz Freitas,Ponta Grossa,PR,Sul,P0023,Tablet Lenovo Tab M11,Smartphones e Tablets,2.0,1399.9,0.0543,2025-06-18,2025-06-18
ORD05181,2025-06-14,Cliente_067,Nicole Dias,Uberlândia,MG,Sudeste,P0024,Memória Kingston Fury 16GB DDR5,Informática,1.0,389.9,0.0555,2025-06-19,2025-06-20
ORD05182,2025-06-14,Cliente_075,Rafaela Peixoto,Ribeirão Preto,SP,Sudeste,P0004,Carregador Turbo Tipo-C 50w,Acessórios Mobile,4.0,53.9,0.0561,2025-06-18,2025-06-18
ORD05183,2025-06-14,Cliente_075,Rafaela Peixoto,Ribeirão Preto,SP,Sudeste,P0013,"Projetor Smart Epson EpiqVision, FULL HD",TV e Projeção,1.0,3049.99,0.05,2025-06-16,2025-06-16
ORD05184,2025-06-14,Cliente_076,Leandro da Costa,Rolim de Moura,RO,Norte,P0018,"Monitor UHD Samsung 32""",Informática,,1626.57,0.1143,2025-06-20,2025-06-23
ORD05185,2025-06-14,Cliente_081,Sr. Heitor da Paz,Brasiléia,AC,Norte,P0016,Fone de Ouvido Profissional EDIFIER WH950NB,Áudio,,899.0,0.0355,2025-06-22,2025-06-27
ORD05186,2025-06-14,Cliente_082,Felipe Gomes,Caicó,RN,Nordeste,P0010,"Smart TV LED 32""Samsung LED Tizen TV",TV e Projeção,1.0,1079.0,0.0359,2025-06-19,2025-06-18
ORD05187,2025-06-14,Cliente_092,Isaac Correia,Linhares,ES,Sudeste,P0027,Caixa de Som Bluetooth JBL,Áudio,2.0,549.9,0.1307,2025-06-17,2025-06-16
ORD05188,2025-06-14,Cliente_105,Ana Laura Teixeira,São Luís,MA,Nordeste,P0007,Película para iPhone 14Pro Anti impacto,Acessórios Mobile,1.0,51.8,0.0918,2025-06-19,2025-06-21
ORD05189,2025-06-14,Cliente_108,Sr. Eduardo Moreira,Recife,PE,Nordeste,P0015,Fone de Ouvido Profissional AKG K92,Áudio,1.0,428.99,0.0615,2025-06-18,2025-06-17
ORD05190,2025-06-14,Cliente_110!!,Rafaela Carvalho,Betim,MG,Sudeste,P0007,Película para iPhone 14Pro Anti impacto,Acessórios Mobile,4.0,51.8,0.2012,2025-06-19,2025-06-17
ORD05191,2025-06-14,Cliente_114,Evelyn da Paz,Mucajaí,RR,Norte,P0006,Fone de ouvido Sem Fio QCY T27,Áudio,,129.86,0.0551,2025-06-19,2025-06-18
ORD05192,2025-06-14,Cliente_114,Evelyn da Paz,Mucajaí,RR,Norte,P0020,Teclado Mecanico Fizz,Informática,4.0,174.9,0.0835,2025-06-17,2025-06-16
ORD05193,2025-06-14,Cliente_136,João Guilherme Rocha,Bom Jesus,PI,Nordeste,P0001,Samsung Galaxy A36, Smartphones e Tablets,3.0,1979.1,0.0342,2025-06-19,2025-06-20
ORD05194,2025-06-14,Cliente_145,Manuela Lopes,Londrina,PR,Sul,P0001,Samsung Galaxy A36,Smartphones e Tablets,1.0,1979.1,0.0326,2025-06-20,2025-06-20
ORD05195,2025-06-14,Cliente_145,Manuela Lopes,Londrina,PR,Sul,P0015,Fone de Ouvido Profissional AKG K92,Áudio,4.0,428.99,0.0629,2025-06-17,2025-06-17
ORD05196,2025-06-14,Cliente_154,Juan Duarte,São Paulo,SP,Sudeste,P0020,Teclado Mecanico Fizz,Informática,1.0,174.9,0.0396,2025-06-16,2025-06-16
ORD05197,2025-06-14,Cliente_158,Emanuel Ramos,Timon,MA,Nordeste,P0021,SSD Crucial 1TB NVMe M.2,Informática,1.0,449.0,0.0463,2025-06-16,2025-06-16
ORD05198,2025-06-14,Cliente_161,Murilo Monteiro,Currais Novos,RN,Nordeste,P0014,Projetor EPSON Powerlite Wide Screen,TV e Projeção,3.0,2742.13,0.1422,2025-06-18,2025-06-18
ORD05199,2025-06-14,Cliente_194,Pedro Gomes,Pelotas,RS,Sul,P0004,Carregador Turbo Tipo-C 50w,Acessórios Mobile,4.0,53.9,0.0698,2025-06-20,2025-06-18
ORD05200,2025-06-14,Cliente_198,Sr. André Castro,Lagarto,SE,Nordeste,P0003,Carregador Turbo USB-C 30W,Acessórios Mobile,4.0,49.9,0.0374,2025-06-20,2025-06-20
ORD05201,2025-06-14,Cliente_209,Eduarda Nunes,Recife,PE,Nordeste,P0023,Tablet Lenovo Tab M11,Smartphones e Tablets,2.0,1399.9,0.0567,2025-06-20,2025-06-20
ORD05202,2025-06-14,Cliente_218,Isabel Pereira,Vila Velha,ES,Sudeste,P0024,Memória Kingston Fury 16GB DDR5,Informática,4.0,389.9,0.1165,2025-06-18,2025-06-16
ORD05203,2025-06-14,Cliente_231,Maria Luiza Rezende,Maringá,PR,Sul,P0022,Smartphone Motorola Edge 50 Neo,Smartphones e Tablets,2.0,2299.9,0.0285,2025-06-17,2025-06-16
ORD05204,2025-06-14,Cliente_237,Bryan Moreira,Serra,ES,Sudeste,P0021,SSD Crucial 1TB NVMe M.2,Informática,4.0,449.0,0.0335,2025-06-19,2025-06-17
ORD05205,2025-06-14,Cliente_247,João Moraes,Campinas,SP,Sudeste,P0016,Fone de Ouvido Profissional EDIFIER WH950NB,Áudio,2.0,899.0,0.0096,2025-06-19,2025-06-20
ORD05206,2025-06-14,Cliente_256,Daniela Fogaça,Florianópolis,SC,Sul,P0021,SSD Crucial 1TB NVMe M.2,Informática,,449.0,0.027,2025-06-16,2025-06-16
ORD05207,2025-06-14,Cliente_259,Melissa da Rocha,São Bernardo do Campo,SP,Sudeste,P0027,Caixa de Som Bluetooth JBL,Áudio,3.0,549.9,0.1562,2025-06-18,2025-06-23
ORD05208,2025-06-14,Cliente_261,Maria Sophia Caldeira,Pico,PI,Nordeste,P0017,ACER Notebook Gamer Nitro,Informática,2.0,4604.0,0.1574,2025-06-21,2025-06-20
ORD05209,2025-06-14,Cliente_262,Maria Eduarda Peixoto,Sobral,CE,Nordeste,P0007,Película para iPhone 14Pro Anti impacto,Acessórios Mobile,4.0,51.8,0.089,2025-06-22,2025-06-27
ORD05210,2025-06-14,Cliente_263,Sr. Cauã Carvalho,Uberlândia,MG,Sudeste,P0020,Teclado Mecanico Fizz,Informática,2.0,174.9,0.0451,2025-06-22,2025-06-22
ORD05211,2025-06-14,Cliente_265,Gabrielly Azevedo,São Bernardo do Campo,SP,Sudeste,P0005,"Fone de Ouvido Sem Fio TWS, PHILIPS",Áudio,3.0,124.91,0.0385,2025-06-17,2025-06-16
ORD05212,2025-06-14,Cliente_265,Gabrielly Azevedo,São Bernardo do Campo,SP,Sudeste,P0016,Fone de Ouvido Profissional EDIFIER WH950NB,Áudio,2.0,899.0,0.0164,2025-06-20,2025-06-30
ORD05213,2025-06-14,Cliente_266,Caroline Carvalho,Cruzeiro do Sul,AC,Norte,P0002,Samsung Galaxy Tab S6 Lite,Smartphones e Tablets,2.0,1799.01,0.0771,2025-06-19,2025-06-18
ORD05214,2025-06-14,Cliente_285,Maria Vitória Jesus,Vitória da Conquista,BA,Nordeste,P0018,"Monitor UHD Samsung 32""",Informática,2.0,1626.57,0.206,2025-06-20,2025-06-20
ORD05215,2025-06-14,Cliente_297,Letícia Campos,Boa Vista,RR,Norte,P0010,"Smart TV LED 32""Samsung LED Tizen TV",TV e Projeção,1.0,1079.0,0.0224,2025-06-20,2025-06-18
ORD05216,2025-06-14,Cliente_315,Calebe Gonçalves,Currais Novos,RN,Nordeste,P0001,Samsung Galaxy A36,Smartphones e Tablets,3.0,1979.1,0.0315,2025-06-18,2025-06-17
ORD05217,2025-06-14,Cliente_319,Catarina Silva,Tarauacá,AC,Norte,P0015,Fone de Ouvido Profissional AKG K92,Áudio,2.0,428.99,0.0802,2025-06-20,2025-06-19
ORD05218,,Cliente330,Rebeca Farias,Cascavel,PR,Sul,P0005,"Fone de Ouvido Sem Fio TWS, PHILIPS",Áudio,,124.91,0.0638,2025-06-19,2025-06-19
ORD05219,2025-06-14,Cliente_330,Rebeca Farias,Cascavel,PR,Sul,P0021,SSD Crucial 1TB NVMe M.2,Informática,3.0,449.0,0.0332,2025-06-20,2025-06-19
ORD05220,2025-06-14,Cliente_371,Ana Luiza Nunes,Joinville,SC,Sul,P0012,"Soundbar Tomate MTS-2017, Bivolt",Áudio,2.0,769.9,0.0797,2025-06-21,2025-06-21
ORD05221,2025-06-14,Cliente_379,Maitê da Conceição,Manaus,AM,Norte,P0002,Samsung Galaxy Tab S6 Lite,Smartphones e Tablets,2.0,1799.01,0.0573,2025-06-18,2025-06-18
ORD05222,2025-06-14,Cliente_379,Maitê da Conceição,Manaus,AM,Norte,P0027,Caixa de Som Bluetooth JBL,Áudio,4.0,549.9,0.2554,2025-06-21,2025-06-21
ORD05223,2025-06-14,Cliente_380,Ana Clara das Neves,Bayeux,PB,Nordeste,P0026,Cabo USB-C Trançado 2m,Acessórios Mobile,2.0,34.9,0.0414,2025-06-18,2025-06-17
ORD05224,2025-06-14,Cliente_381,Fernanda Rocha,Ribeirão Preto,SP,Sudeste,P0001,Samsung Galaxy A36,Smartphones e Tablets,4.0,1979.1,0.0216,2025-06-20,2025-06-20
ORD05225,2025-06-14,Cliente_383,Antônio Melo,Currais Novos,RN,Nordeste,P0016,Fone de Ouvido Profissional EDIFIER WH950NB,Áudio,2.0,899.0,0.0162,2025-06-20,2025-06-19
ORD05226,2025-06-14,Cliente_394,Eduardo Oliveira,Ribeirão Preto,SP,Sudeste,P0017,ACER Notebook Gamer Nitro,Informática,4.0,4604.0,0.1379,2025-06-20,2025-06-19
ORD05227,2025-06-14,Cliente_397,Isabella Gonçalves,Vitória,ES,Sudeste,P0004,Carregador Turbo Tipo-C 50w,Acessórios Mobile,2.0,53.9,0.0567,2025-06-18,2025-06-17
ORD05228,2025-06-14,Cliente_438,Sabrina Teixeira,Cachoeiro de Itapemirim,ES,Sudeste,P0020,Teclado Mecanico Fizz,Informática,2.0,174.9,0.0443,2025-06-19,2025-06-22
ORD05229,2025-06-14,Cliente_439,Stella Cunha,Nova Iguaçu,RJ,Sudeste,P0012,"Soundbar Tomate MTS-2017, Bivolt",Áudio,2.0,769.9,0.0619,2025-06-16,2025-06-21
ORD05230,2025-06-14,Cliente_442,Gabriela Novaes,Londrina,PR,Sul,P0027,Caixa de Som Bluetooth JBL,Áudio,,549.9,0.0892,2025-06-21,2025-06-20
ORD05231,2025-06-14,Cliente_446,Fernanda Silveira Gomes,Blumenau,SC,Sul,P0007,Película para iPhone 14Pro Anti impacto,Acessórios Mobile,4.0,51.8,0.1292,2025-06-17,2025-06-16
ORD05232,2025-06-14,Cliente_459,Nina Costela,Duque de Caxias,RJ,Sudeste,P0027,Caixa de Som Bluetooth JBL,Áudio,1.0,549.9,0.0984,2025-06-18,2025-06-18
ORD05233,2025-06-14,Cliente_475,Lorena Teixeira,Chapecó,SC,Sul,P0005,"Fone de Ouvido Sem Fio TWS, PHILIPS",Áudio,3.0,124.91,0.0634,2025-06-19,2025-06-18
ORD05234,2025-06-14,Cliente_507,Cecília Pinto,Crato,CE,Nordeste,P0027,Caixa de Som Bluetooth JBL,Áudio,2.0,549.9,0.2566,2025-06-20,2025-06-19
ORD05235,2025-06-14,Cliente_528,Thiago Mata Mendes,Niterói,RJ,Sudeste,P0007,Película para iPhone 14Pro Anti impacto,Acessórios Mobile,3.0,51.8,0.0893,2025-06-16,2025-06-16
ORD05236,2025-06-14,Cliente_545,Felipe Cardoso,Florianópolis,SC,Sul,P0009,Smart TV 32” Philco LED Roku TV,TV e Projeção,1.0,949.0,0.0142,2025-06-19,2025-06-18
ORD05237,2025-06-15,Cliente_011,Julia Ribeiro,Santa Maria,RS,Sul,P0008,Película de Vidro 3D Galaxy A30s,Acessórios Mobile,4.0,17.9,0.1311,2025-06-18,2025-06-16
ORD05238,2025-06-15,Cliente_016,Sr. Thomas Nascimento,Tarauacá,AC,Norte,P0002,Samsung Galaxy Tab S6 Lite,Smartphones e Tablets,2.0,1799.01,0.0371,2025-06-21,2025-06-24
ORD05239,2025-06-15,Cliente_016,Sr. Thomas Nascimento,Tarauacá,AC,Norte,P0014,Projetor EPSON Powerlite Wide Screen,TV e Projeção,1.0,2742.13,0.1498,2025-06-20,2025-06-19
ORD05240,2025-06-15,Cliente_053,Pedro Moreira,Campinas,SP,Sudeste,P0012,"Soundbar Tomate MTS-2017, Bivolt",Áudio,1.0,769.9,0.0471,2025-06-18,2025-06-19
ORD05241,2025-06-15,Cliente_056,Joana Rodrigues,Sobral,CE,Nordeste,P0002,Samsung Galaxy Tab S6 Lite,Smartphones e Tablets,1.0,1799.01,0.0341,2025-06-21,2025-06-22
ORD05242,2025-06-15,Cliente_061,Dr. Emanuel Fogaça,Porto Nacional,TO,Norte,P0021,SSD Crucial 1TB NVMe M.2,Informática,2.0,449.0,0.0142,2025-06-22,2025-06-22
ORD05243,2025-06-15,Cliente_065,Letícia Porto,Santana,AP,Norte,P0018,"Monitor UHD Samsung 32""",Informática,2.0,1626.57,0.1432,2025-06-21,2025-06-20
ORD05244,2025-06-15,Cliente_068,Stephany Moreira,Curitiba,PR,Sul,P0010,"Smart TV LED 32""Samsung LED Tizen TV",TV e Projeção,3.0,1079.0,0.0206,2025-06-19,2025-06-21
ORD05245,2025-06-15,Cliente_081,Sr. Heitor da Paz,Brasiléia,AC,Norte,P0021,SSD Crucial 1TB NVMe M.2,Informática,3.0,449.0,0.0337,2025-06-21,2025-06-24
ORD05246,2025-06-15,Cliente_082,Felipe Gomes,Caicó,RN,Nordeste,P0007,Película para iPhone 14Pro Anti impacto,Acessórios Mobile,4.0,51.8,0.1068,2025-06-22,2025-06-21
ORD05247,2025-06-15,Cliente_082,Felipe Gomes,Caicó,RN,Nordeste,P0018,"Monitor UHD Samsung 32""",Informática,2.0,1626.57,0.092,2025-06-21,2025-06-19
ORD05248,2025-06-15,Cliente_084,Natália Souza,Porto Alegre,RS,Sul,P0021,SSD Crucial 1TB NVMe M.2,Informática,4.0,449.0,0.0341,2025-06-20,2025-06-24
ORD05249,2025-06-15,Cliente_090,Caio Novaes,Blumenau,SC,Sul,P0013,"Projetor Smart Epson EpiqVision, FULL HD",TV e Projeção,1.0,3049.99,0.178,2025-06-19,2025-06-21
ORD05250,2025-06-15,Cliente_118,Bianca Pinto,Ponta Grossa,PR,Sul,P0018,"Monitor UHD Samsung 32""",Informática,,1626.57,0.1381,2025-06-21,2025-06-20
ORD05251,2025-06-15,Cliente_172,Luiz Gustavo Rocha,Porto Alegre,RS,Sul,P0020,Teclado Mecanico Fizz,Informática,3.0,174.9,0.1186,2025-06-19,2025-06-18
ORD05252,2025-06-15,Cliente_182,Pedro Henrique Pinto,Parnaíba,PI,Nordeste,P0018,"Monitor UHD Samsung 32""",Informática,2.0,1626.57,0.0726,2025-06-22,2025-06-24
ORD05253,2025-06-15,Cliente_185,Nina Jesus,Gurupi,TO,Norte,P0018,"Monitor UHD Samsung 32""",Informática,1.0,1626.57,0.0965,2025-06-21,2025-06-21
ORD05254,2025-06-15,Cliente_205,Kevin Souza,Santa Rita,PB,Nordeste,P0007,Película para iPhone 14Pro Anti impacto,Acessórios Mobile,3.0,51.8,0.1132,2025-06-21,2025-06-19
ORD05255,2025-06-15,Cliente_216,Yasmin Costela,Pelotas,RS,Sul,P0017,ACER Notebook Gamer Nitro,Informática,2.0,4604.0,0.1081,2025-06-20,2025-06-20
ORD05256,2025-06-15,Cliente_216,Yasmin Costela,Pelotas,RS,Sul,P0018,"Monitor UHD Samsung 32""",Informática,1.0,1626.57,0.0999,2025-06-22,2025-06-20
ORD05257,2025-06-15,Cliente_219,Natália da Luz,Cascavel,PR,Sul,P0010,"Smart TV LED 32""Samsung LED Tizen TV",TV e Projeção,2.0,1079.0,0.0197,2025-06-19,2025-06-20
ORD05258,2025-06-15,Cliente_223,Felipe da Cunha,Tarauacá,AC,Norte,P0016,Fone de Ouvido Profissional EDIFIER WH950NB,Áudio,1.0,899.0,0.0085,2025-06-18,2025-06-18
ORD05259,2025-06-15,Cliente_238,Eloah Ribeiro,Florianópolis,SC,Sul,P0007,Película para iPhone 14Pro Anti impacto,Acessórios Mobile,2.0,51.8,0.0683,2025-06-18,2025-06-16
ORD05260,2025-06-15,Cliente_243,Laura da Cunha,Maringá,PR,Sul,P0018,"Monitor UHD Samsung 32""",Informática,2.0,1626.57,0.216,2025-06-19,2025-06-18
ORD05261,2025-06-15,Cliente_255,Anthony Pires,Caxias do Sul,RS,Sul,P0016,Fone de Ouvido Profissional EDIFIER WH950NB,Áudio,1.0,899.0,0.0151,2025-06-20,2025-06-20
ORD05262,2025-06-15,Cliente_257,Dr. Matheus Castro,Camaçari,BA,Nordeste,P0018,"Monitor UHD Samsung 32""",Informática,1.0,1626.57,0.1094,2025-06-21,2025-06-18
ORD05263,2025-06-15,Cliente_261,Maria Sophia Caldeira,Pico,PI,Nordeste,P0011,"Soundbar Samsung com 2.1 canais, Dolby Digital",Áudio,3.0,1072.0,0.0332,2025-06-21,2025-06-21
ORD05264,2025-06-15,Cliente-289,Noah Oliveira,Santana,AP,Norte,P0005,"Fone de Ouvido Sem Fio TWS, PHILIPS",Áudio,1.0,124.91,0.0339,2025-06-21,2025-06-18
ORD05265,2025-06-15,Cliente_340,Bruno Cardoso,Gravataí,RS,Sul,P0012,"Soundbar Tomate MTS-2017, Bivolt",Áudio,3.0,769.9,0.0281,2025-06-17,2025-06-16
ORD05266,2025-06-15,Cliente_357,Amanda Araújo,Araguaína,TO,Norte,P0021,SSD Crucial 1TB NVMe M.2,Informática,2.0,449.0,0.0239,2025-06-22,2025-06-22
ORD05267,2025-06-15,Cliente_387,Manuela Rezende,Chapecó,SC,Sul,P0027,Caixa de Som Bluetooth JBL,Áudio,2.0,549.9,0.244,2025-06-19,2025-06-23
ORD05268,2025-06-15,Cliente_389,Kevin Oliveira,Londrina,PR,Sul,P0005,"Fone de Ouvido Sem Fio TWS, PHILIPS",Áudio,2.0,124.91,0.0279,2025-06-20,2025-06-22
ORD05269,2025-06-15,Cliente_398,Sr. Luiz Miguel Mendes,Rio de Janeiro,RJ,Sudeste,P0020,Teclado Mecanico Fizz,Informática,2.0,174.9,0.0891,2025-06-20,2025-06-20
ORD05270,2025-06-15,Cliente_405,Amanda Fogaça,Linhares,ES,Sudeste,P0001,Samsung Galaxy A36,Smartphones e Tablets,1.0,1979.1,0.0429,2025-06-17,2025-06-21
ORD05271,2025-06-15,Cliente_424,João Pereira,Caxias do Sul,RS,Sul,P0027,Caixa de Som Bluetooth JBL,Áudio,4.0,549.9,0.1835,2025-06-19,2025-06-19
ORD05272,2025-06-15,Cliente_449,Yuri Rocha,Pelotas,RS,Sul,P0011,"Soundbar Samsung com 2.1 canais, Dolby Digital",Áudio,3.0,1072.0,0.0304,2025-06-21,2025-06-19
ORD05273,2025-06-15,Cliente_450,Nathan Rosa,Maringá,PR,Sul,P0016,Fone de Ouvido Profissional EDIFIER WH950NB,Áudio,4.0,899.0,0.0256,2025-06-17,2025-06-17
ORD05274,2025-06-15,Cliente_456,Samuel Rocha,Londrina,PR,Sul,P0012,"Soundbar Tomate MTS-2017, Bivolt",Áudio,1.0,769.9,0.0389,2025-06-21,2025-06-26
ORD05275,2025-06-15,Cliente_457,Francisco Cardoso,Itajaí,SC,Sul,P0004,Carregador Turbo Tipo-C 50w,Acessórios Mobile,4.0,53.9,0.0477,2025-06-19,2025-06-18
ORD05276,2025-06-15,Cliente_466,Enzo Rodrigues,Santo André,SP,Sudeste,P0022,Smartphone Motorola Edge 50 Neo,Smartphones e Tablets,2.0,2299.9,0.053,2025-06-18,2025-06-17
ORD05277,2025-06-15,Cliente_483,Melissa Gomes,Blumenau,SC,Sul,P0006,Fone de ouvido Sem Fio QCY T27,Áudio,3.0,129.86,0.0396,2025-06-20,2025-06-19
ORD05278,2025-06-15,Cliente_528,Thiago Mata Mendes,Niterói,RJ,Sudeste,P0027,Caixa de Som Bluetooth JBL,Áudio,3.0,549.9,0.1616,2025-06-18,2025-06-18
ORD05279,2025-06-16,Cliente_015,Sr. João Gabriel Silveira,Olinda,PE,Nordeste,P0011,"Soundbar Samsung com 2.1 canais, Dolby Digital",Áudio,1.0,1072.0,0.0326,2025-06-21,2025-06-20
ORD05280,2025-06-16,Cliente_019,Gabriela da Paz,Uberlândia,MG,Sudeste,P0020,Teclado Mecanico Fizz,Informática,2.0,174.9,0.0507,2025-06-20,2025-06-20
ORD05281,2025-06-16,Cliente_025,Matheus Novaes,Joinville,SC,Sul,P0025,Webcam Logitech Full HD,Informática,3.0,329.9,0.0859,2025-06-20,2025-06-22
ORD05282,2025-06-16,Cliente_050,Enzo Monteiro,Curitiba,PR,Sul,P0006,Fone de ouvido Sem Fio QCY T27,Áudio,2.0,129.86,0.054,2025-06-19,2025-06-17
ORD05283,2025-06-16,Cliente_058,Sr. Nathan Peixoto,Itacoatiara,AM,Norte,P0027,Caixa de Som Bluetooth JBL,Áudio,2.0,549.9,0.0601,2025-06-22,2025-06-20
ORD05284,2025-06-16,Cliente_065,Letícia Porto,Santana,AP,Norte,P0024,Memória Kingston Fury 16GB DDR5,Informática,4.0,389.9,0.1318,2025-06-23,2025-06-23
ORD05285,2025-06-16,Cliente_087,Dr. Pietro Silva,Pico,PI,Nordeste,P0015,Fone de Ouvido Profissional AKG K92,Áudio,,428.99,0.029,2025-06-21,2025-06-24
ORD05286,2025-06-16,Cliente_089,André Souza,Ponta Grossa,PR,Sul,P0020,Teclado Mecanico Fizz,Informática,4.0,174.9,0.1022,2025-06-20,2025-06-25
ORD05287,2025-06-16,Cliente_117,Dra. Maysa Fogaça,Propriá,SE,Nordeste,P0001,Samsung Galaxy A36,Smartphones e Tablets,1.0,1979.1,0.0331,2025-06-23,2025-06-22
ORD05288,,Cliente_122,Natália Silva,Cascavel,PR,Sul,P0027,Caixa de Som Bluetooth JBL,Áudio,1.0,549.9,0.0748,2025-06-18,2025-06-21
ORD05289,2025-06-16,Cliente_131,Yuri Silveira,Santa Maria,RS,Sul,P0020,Teclado Mecanico Fizz ,Informática,3.0,174.9,0.062,2025-06-21,2025-06-23
ORD05290,2025-06-16,Cliente_135,Eduardo Pires,Contagem,MG,Sudeste,P0001,Samsung Galaxy A36,Smartphones e Tablets,2.0,1979.1,0.0216,2025-06-20,2025-06-20
ORD05291,2025-06-16,Cliente_143,Cecília Barros,Londrina,PR,Sul,P0003,Carregador Turbo USB-C 30W,Acessórios Mobile,3.0,49.9,0.0355,2025-06-19,2025-06-17
ORD05292,2025-06-16,Cliente_151,Lorenzo Moura,Vitória da Conquista,BA,Nordeste,P0027,Caixa de Som Bluetooth JBL,Áudio,3.0,549.9,0.2373,2025-06-23,2025-06-22
ORD05293,2025-06-16,Cliente_156,Lívia da Rocha,Cacoal,RO,Norte,P0015,Fone de Ouvido Profissional AKG K92,Áudio,4.0,428.99,0.0455,2025-06-23,2025-06-23
ORD05294,2025-06-16,Cliente_161,Murilo Monteiro,Currais Novos,RN,Nordeste,P0020,Teclado Mecanico Fizz,Informática,4.0,174.9,0.0633,2025-06-22,2025-06-20
ORD05295,2025-06-16,Cliente_170,Nicolas Vieira,Patos,PB,Nordeste,P0001,Samsung Galaxy A36,Smartphones e Tablets,1.0,1979.1,0.0457,2025-06-22,2025-06-22
ORD05296,2025-06-16,Cliente_171,Vitor Gabriel Fernandes,Ferreira Gomes,AP,Norte,P0021,SSD Crucial 1TB NVMe M.2,Informática,,449.0,0.0098,2025-06-22,2025-06-22
ORD05297,2025-06-16,Cliente_172,Luiz Gustavo Rocha,Porto Alegre,RS,Sul,P0002,Samsung Galaxy Tab S6 Lite,Smartphones e Tablets,2.0,1799.01,0.0618,2025-06-20,2025-06-20
ORD05298,2025-06-16,Cliente_173,Vitor Pinto,Cascavel,PR,Sul,P0018,"Monitor UHD Samsung 32""",Informática,3.0,1626.57,0.2424,2025-06-22,2025-06-20
ORD05299,2025-06-16,Cliente_177,Dra. Heloísa da Paz,São Paulo,SP,Sudeste,P0027,Caixa de Som Bluetooth JBL,Áudio,1.0,549.9,0.1335,2025-06-20,2025-06-20
ORD05300,2025-06-16,Cliente_179,Ana Vitória da Rocha,São Paulo,SP,Sudeste,P0025,Webcam Logitech Full HD,Informática,2.0,,0.063,2025-06-22,2025-06-22
ORD05301,2025-06-16,Cliente_201,Dr. Bruno Cardoso,Aracaju,SE,Nordeste,P0008,Película de Vidro 3D Galaxy A30s,Acessórios Mobile,3.0,17.9,0.1107,2025-06-23,2025-06-22
ORD05302,2025-06-16,Cliente_201,Dr. Bruno Cardoso,Aracaju,SE,Nordeste,P0012,"Soundbar Tomate MTS-2017, Bivolt",Áudio,3.0,769.9,0.0424,2025-06-23,2025-06-23
ORD05303,2025-06-16, Cliente_215,Olivia Souza,Camaçari,BA,Nordeste,P0004,Carregador Turbo Tipo-C 50w,Acessórios Mobile,1.0,53.9,0.0434,2025-06-23,2025-06-27
ORD05304,2025-06-16,Cliente_243,Laura da Cunha,Maringá,PR,Sul,P0001,Samsung Galaxy A36,Smartphones e Tablets,3.0,1979.1,0.0629,2025-06-21,2025-06-18
ORD05305,2025-06-16,Cliente_248,Dr. João Guilherme da Rosa,Duque de Caxias,RJ,Sudeste,P0020,Teclado Mecanico Fizz,Informática,2.0,174.9,0.0674,2025-06-19,2025-06-24
ORD05306,2025-06-16,Cliente_255,Anthony Pires,Caxias do Sul,RS,Sul,P0022,Smartphone Motorola Edge 50 Neo,Smartphones e Tablets,2.0,2299.9,0.0432,2025-06-18,2025-06-18
ORD05307,2025-06-16,Cliente_260,Ana Vitória Monteiro,Ribeirão Preto,SP,Sudeste,P0027,Caixa de Som Bluetooth JBL,Áudio,4.0,549.9,0.0919,2025-06-21,2025-06-21
ORD05308,2025-06-16,Cliente_285,Maria Vitória Jesus,Vitória da Conquista,BA,Nordeste,P0001,Samsung Galaxy A36,Smartphones e Tablets,2.0,1979.1,0.0268,2025-06-22,2025-06-22
ORD05309,2025-06-16,Cliente_285!!,Maria Vitória Jesus,Vitória da Conquista,BA,Nordeste,P0008,Película de Vidro 3D Galaxy A30s,Acessórios Mobile,2.0,17.9,0.1322,2025-06-20,2025-06-21
ORD05310,2025-06-16,Cliente_285,Maria Vitória Jesus,Vitória da Conquista,BA,Nordeste,P0008,Película de Vidro 3D Galaxy A30s,Acessórios Mobile,1.0,17.9,0.095,2025-06-19,2025-06-17
ORD05311,2025-06-16,Cliente_290,Luiz Henrique Moraes,Laranjal do Jari,AP,Norte,P0011,"Soundbar Samsung com 2.1 canais, Dolby Digital",Áudio,3.0,1072.0,0.0393,2025-06-23,2025-06-23
ORD05312,2025-06-16,Cliente_292,Melissa da Conceição,Maringá,PR,Sul,P0007,Película para iPhone 14Pro Anti impacto,Acessórios Mobile,2.0,51.8,0.1989,2025-06-20,2025-06-19
ORD05313,2025-06-16,Cliente_292,Melissa da Conceição,Maringá,PR,Sul,P0026,Cabo USB-C Trançado 2m,Acessórios Mobile,4.0,34.9,0.1042,2025-06-20,2025-06-18
ORD05314,2025-06-16,Cliente_296,Dra. Sophie da Luz,Caruaru,PE,Nordeste,P0004,Carregador Turbo Tipo-C 50w,Acessórios Mobile,4.0,53.9,0.0356,2025-06-22,2025-06-22
ORD05315,2025-06-16,Cliente_305,Ana Julia Pires,Uberlândia,MG,Sudeste,P0016,Fone de Ouvido Profissional EDIFIER WH950NB,Áudio,1.0,899.0,0.0218,2025-06-22,2025-06-21
ORD05316,2025-06-16,Cliente_317,Catarina Ramos,Ferreira Gomes,AP,Norte,P0021,SSD Crucial 1TB NVMe M.2,Informática,3.0,449.0,0.0145,2025-06-24,2025-06-23
ORD05317,2025-06-16,Cliente_330,Rebeca Farias,Cascavel,PR,Sul,P0012,"Soundbar Tomate MTS-2017, Bivolt",Áudio,1.0,769.9,0.06,2025-06-22,2025-06-19
ORD05318,2025-06-16,Cliente_378,Natália Novaes,Caxias,MA,Nordeste,P0018,"Monitor UHD Samsung 32""",Informática,1.0,1626.57,0.1026,2025-06-23,2025-06-23
ORD05319,2025-06-16,Cliente_426,Evelyn Rezende,Joinville,SC,Sul,P0022,Smartphone Motorola Edge 50 Neo,Smartphones e Tablets,2.0,2299.9,0.0505,2025-06-18,2025-06-17
ORD05320,2025-06-16,Cliente_455,Lucas Dias Novaes,Florianópolis,SC,Sul,P0012,"Soundbar Tomate MTS-2017, Bivolt",Áudio,3.0,769.9,0.0562,2025-06-18,2025-06-18
ORD05321,,Cliente_459,Nina Costela,Duque de Caxias,RJ,Sudeste,P0016,Fone de Ouvido Profissional EDIFIER WH950NB,Áudio,4.0,899.0,0.0338,2025-06-20,2025-06-20
ORD05322,2025-06-16,Cliente_473,Thomas Nogueira Correia,Londrina,PR,Sul,P0016,Fone de Ouvido Profissional EDIFIER WH950NB,Áudio,4.0,899.0,0.034,2025-06-19,2025-06-19
ORD05323,2025-06-16,Cliente_537,Rodrigo Barbosa Fogaça,Rio de Janeiro,RJ,Sudeste,P0023,Tablet Lenovo Tab M11,Smartphones e Tablets,2.0,1399.9,0.0756,2025-06-18,2025-06-18
ORD05324,2025-06-16,Cliente539,Arthur Costela,Brasiléia,AC,Norte,P0015,Fone de Ouvido Profissional AKG K92,Áudio,2.0,428.99,0.0574,2025-06-20,2025-06-20
ORD05325,2025-06-17,Cliente_034,Clarice Barbosa,Ji-Paraná,RO,Norte,P0006,Fone de ouvido Sem Fio QCY T27,Áudio,3.0,129.86,0.0402,2025-06-22,2025-06-24
ORD05326,2025-06-17,Cliente_036,Bryan Pires,Manacapuru,AM,Norte,P0007,Película para iPhone 14Pro Anti impacto,Acessórios Mobile,4.0,51.8,0.1817,2025-06-25,2025-06-27
ORD05327,2025-06-17,Cliente_059,Srta. Laura Caldeira,Gravataí,RS,Sul,P0006, Fone de ouvido Sem Fio QCY T27,Áudio,1.0,129.86,0.0562,2025-06-20,2025-06-21
ORD05328,2025-06-17,Cliente_064,Anthony Aragão,Cachoeiro de Itapemirim,ES,Sudeste,P0006,Fone de ouvido Sem Fio QCY T27,Áudio,1.0,129.86,0.0682,2025-06-21,2025-06-20
ORD05329,2025-06-17,Cliente_100,Beatriz Costa,Bom Jesus,PI,Nordeste,P0007,Película para iPhone 14Pro Anti impacto,Acessórios Mobile,4.0,51.8,0.0859,2025-06-22,2025-06-22
ORD05330,2025-06-17,Cliente_143,Cecília Barros,Londrina,PR,Sul,P0027,Caixa de Som Bluetooth JBL,Áudio,2.0,549.9,0.1486,2025-06-23,2025-06-22
ORD05331,2025-06-17,Cliente_146,Levi Freitas,Ji-Paraná,RO,Norte,P0017,ACER Notebook Gamer Nitro,Informática,2.0,4604.0,0.0838,2025-06-21,2025-06-22
ORD05332,2025-06-17,Cliente_149,Manuela Santos,Caxias do Sul,RS,Sul,P0018,"Monitor UHD Samsung 32""",Informática,1.0,1626.57,0.1448,2025-06-20,2025-06-19
ORD05333,2025-06-17,Cliente_152,Dr. Emanuel Costela,Cachoeiro de Itapemirim,ES,Sudeste,P0003,Carregador Turbo USB-C 30W,Acessórios Mobile,4.0,49.9,0.0226,2025-06-20,2025-06-20
ORD05334,2025-06-17,Cliente_194,Pedro Gomes,Pelotas,RS,Sul,P0008,Película de Vidro 3D Galaxy A30s,Acessórios Mobile,4.0,17.9,0.0774,2025-06-23,2025-06-27
ORD05335,2025-06-17,Cliente_208,Vitor Araújo,Betim,MG,Sudeste,P0020,Teclado Mecanico Fizz,Informática,1.0,174.9,0.0354,2025-06-20,2025-06-18
ORD05336,2025-06-17,Cliente_230,Maria Nogueira,Bayeux,PB,Nordeste,P0021,SSD Crucial 1TB NVMe M.2,Informática,2.0,449.0,0.0288,2025-06-23,2025-06-24
ORD05337,2025-06-17,Cliente_247,João Moraes,Campinas,SP,Sudeste,P0008,Película de Vidro 3D Galaxy A30s,Acessórios Mobile,3.0,17.9,0.1703,2025-06-19,2025-06-22
ORD05338,2025-06-17,Cliente_247,João Moraes,Campinas,SP,Sudeste,P0013,"Projetor Smart Epson EpiqVision, FULL HD",TV e Projeção,2.0,3049.99,0.1303,2025-06-21,2025-06-20
ORD05339,2025-06-17,Cliente_275,Marina Caldeira,Porto Alegre,RS,Sul,P0020,Teclado Mecanico Fizz,Informática,2.0,174.9,0.0587,2025-06-22,2025-06-21
ORD05340,2025-06-17,Cliente_304,Guilherme da Cunha,Tocantinópolis,TO,Norte,P0004,Carregador Turbo Tipo-C 50w,Acessórios Mobile,4.0,53.9,0.0322,2025-06-22,2025-06-22
ORD05341,2025-06-17,Cliente_330,Rebeca Farias,Cascavel,PR,Sul,P0018,"Monitor UHD Samsung 32""",Informática,1.0,1626.57,0.1118,2025-06-20,2025-06-20
ORD05342,2025-06-17,Cliente_342,Vitor Gabriel Nascimento,Rio Branco,AC,Norte,P0020,Teclado Mecanico Fizz,Informática,3.0,174.9,0.0541,2025-06-25,2025-06-29
ORD05343,2025-06-17,Cliente_356,Matheus Ribeiro,Londrina,PR,Sul,P0022,Smartphone Motorola Edge 50 Neo,Smartphones e Tablets,3.0,2299.9,0.0553,2025-06-22,2025-06-21
ORD05344,2025-06-17,Cliente_357,Amanda Araújo,Araguaína,TO,Norte,P0011,"Soundbar Samsung com 2.1 canais, Dolby Digital",Áudio,4.0,1072.0,0.0595,2025-06-24,2025-06-25
ORD05345,2025-06-17,Cliente_417,Francisco Nogueira,Ribeirão Preto,SP,Sudeste,P0013,"Projetor Smart Epson EpiqVision, FULL HD",TV e Projeção,1.0,3049.99,0.2453,2025-06-24,2025-06-22
ORD05346,2025-06-17,Cliente_432,Davi Gomes Nogueira,Uberlândia,MG,Sudeste,P0012,"Soundbar Tomate MTS-2017, Bivolt",Áudio,2.0,769.9,0.0457,2025-06-22,2025-06-21
ORD05347,2025-06-17,Cliente_434,Isadora Jesus Araújo,Caxias,MA,Nordeste,P0009,Smart TV 32” Philco LED Roku TV,TV e Projeção,2.0,949.0,0.0144,2025-06-19,2025-06-21
ORD05348,2025-06-17,Cliente_469,Bryan Cardoso,Caicó,RN,Nordeste,P0011,"Soundbar Samsung com 2.1 canais, Dolby Digital",Áudio,1.0,1072.0,0.0223,2025-06-25,2025-06-24
ORD05349,2025-06-17,Cliente_486,Otávio Pereira Conceição,Ananindeua,PA,Norte,P0009,Smart TV 32” Philco LED Roku TV,TV e Projeção,1.0,949.0,0.0064,2025-06-21,2025-06-20
ORD05350,2025-06-18,Cliente_014,Pedro Lucas Melo,Brasiléia,AC,Norte,P0027,Caixa de Som Bluetooth JBL,Áudio,4.0,549.9,0.1341,2025-06-25,2025-06-23
ORD05351,2025-06-18,Cliente_019,Gabriela da Paz,Uberlândia,MG,Sudeste,P0006,Fone de ouvido Sem Fio QCY T27,Áudio,2.0,129.86,0.0255,2025-06-23,2025-06-23
ORD05352,2025-06-18,Cliente_021,Mirella Rodrigues,Ribeirão Preto,SP,Sudeste,P0015,Fone de Ouvido Profissional AKG K92,Áudio,4.0,428.99,0.0479,2025-06-21,2025-06-21
ORD05353,2025-06-18,Cliente_069,Levi da Rosa,Porto Nacional,TO,Norte,P0011,"Soundbar Samsung com 2.1 canais, Dolby Digital",Áudio,4.0,1072.0,0.0251,2025-06-23,2025-06-21
ORD05354,2025-06-18,Cliente_075,Rafaela Peixoto,Ribeirão Preto,SP,Sudeste,P0020,Teclado Mecanico Fizz,Informática,3.0,174.9,0.0794,2025-06-23,2025-06-21
ORD05355,2025-06-18,Cliente_079,Lucas Gabriel Jesus,Laranjal do Jari,AP,Norte,P0008,Película de Vidro 3D Galaxy A30s,Acessórios Mobile,2.0,17.9,0.2863,2025-06-25,2025-06-25
ORD05356,2025-06-18,Cliente_122,Natália Silva,Cascavel,PR,Sul,P0006,Fone de ouvido Sem Fio QCY T27,Áudio,1.0,129.86,0.0644,2025-06-23,2025-06-23
ORD05357,2025-06-18,Cliente_151,Lorenzo Moura,Vitória da Conquista,BA,Nordeste,P0020,Teclado Mecanico Fizz,Informática,2.0,174.9,0.0678,2025-06-24,2025-06-22
ORD05358,2025-06-18,Cliente_152,Dr. Emanuel Costela,Cachoeiro de Itapemirim,ES,Sudeste,P0015,Fone de Ouvido Profissional AKG K92,Áudio,3.0,428.99,0.1247,2025-06-22,2025-06-22
ORD05359,2025-06-18,Cliente_159,Dr. Igor Correia,Santa Rita,PB,Nordeste,P0012,"Soundbar Tomate MTS-2017, Bivolt",Áudio,3.0,769.9,0.0703,2025-06-26,2025-06-25
ORD05360,2025-06-18,Cliente_159,Dr. Igor Correia,Santa Rita,PB,Nordeste,P0021,SSD Crucial 1TB NVMe M.2,Informática,3.0,449.0,0.0409,2025-06-25,2025-06-30
ORD05361,2025-06-18,Cliente_165,Maria Fernanda Teixeira,Duque de Caxias,RJ,Sudeste,P0014,Projetor EPSON Powerlite Wide Screen,TV e Projeção,2.0,2742.13,0.0894,2025-06-21,2025-06-21
ORD05362,2025-06-18,Cliente_169,Pedro Henrique Monteiro,Ji-Paraná,RO,Norte,P0012,"Soundbar Tomate MTS-2017, Bivolt",Áudio,2.0,769.9,0.0506,2025-06-23,2025-06-22
ORD05363,2025-06-18,Cliente_195,Maria Luiza da Conceição,Belém,PA,Norte,P0016,Fone de Ouvido Profissional EDIFIER WH950NB,Áudio,2.0,899.0,0.0455,2025-06-27,2025-06-30
ORD05364,2025-06-18,Cliente_201,Dr. Bruno Cardoso,Aracaju,SE,Nordeste,P0024,Memória Kingston Fury 16GB DDR5,Informática,2.0,389.9,0.0988,2025-06-26,2025-06-28
ORD05365,2025-06-18,Cliente_206,João Miguel Azevedo,Estância,SE,Nordeste,P0012,"Soundbar Tomate MTS-2017, Bivolt",Áudio,1.0,769.9,0.0736,2025-06-22,2025-06-21
ORD05366,2025-06-18,Cliente_208,Vitor Araújo,Betim,MG,Sudeste,P0002,Samsung Galaxy Tab S6 Lite,Smartphones e Tablets,,1799.01,0.022,2025-06-24,2025-06-27
ORD05367,2025-06-18,Cliente_217,Otávio Sales,Porto Nacional,TO,Norte,P0009,Smart TV 32” Philco LED Roku TV,TV e Projeção,1.0,949.0,0.0151,2025-06-26,2025-06-24
ORD05368,2025-06-18,Cliente_227,Bruno Nascimento,Bayeux,PB,Nordeste,P0004,Carregador Turbo Tipo-C 50w,Acessórios Mobile,3.0,53.9,0.0443,2025-06-24,2025-06-24
ORD05369,2025-06-18,Cliente_230,Maria Nogueira,Bayeux,PB,Nordeste,P0016,Fone de Ouvido Profissional EDIFIER WH950NB,Áudio,3.0,899.0,0.0158,2025-06-23,2025-06-21
ORD05370,2025-06-18,Cliente_230,Maria Nogueira,Bayeux,PB,Nordeste,P0025,Webcam Logitech Full HD,Informática,4.0,329.9,0.1913,2025-06-25,2025-06-23
ORD05371,2025-06-18,Cliente_243,Laura da Cunha,Maringá,PR,Sul,P0019,Mouse Redragon Wireless,Informática,2.0,,0.2281,2025-06-20,2025-06-19
ORD05372,2025-06-18,Cliente_266,Caroline Carvalho,Cruzeiro do Sul,AC,Norte,P0025,Webcam Logitech Full HD,Informática,1.0,329.9,0.098,2025-06-25,2025-06-25
ORD05373,2025-06-18,Cliente_275,Marina Caldeira,Porto Alegre,RS,Sul,P0016,Fone de Ouvido Profissional EDIFIER WH950NB,Áudio,1.0,899.0,0.0218,2025-06-21,2025-06-27
ORD05374,2025-06-18,Cliente_326,Emanuella Porto,Ferreira Gomes,AP,Norte,P0007,Película para iPhone 14Pro Anti impacto,Acessórios Mobile,4.0,51.8,0.0849,2025-06-22,2025-06-25
ORD05375,2025-06-18,Cliente_328,Luiza Lopes,Olinda,PE,Nordeste,P0022,Smartphone Motorola Edge 50 Neo,Smartphones e Tablets,1.0,2299.9,0.0411,2025-06-23,2025-06-24
ORD05376,2025-06-18,Cliente_340,Bruno Cardoso,Gravataí,RS,Sul,P0008,Película de Vidro 3D Galaxy A30s,Acessórios Mobile,3.0,17.9,0.1531,2025-06-23,2025-06-24
ORD05377,2025-06-18,Cliente_340,Bruno Cardoso,Gravataí,RS,Sul,P0011,"Soundbar Samsung com 2.1 canais, Dolby Digital",Áudio,2.0,1072.0,0.023,2025-06-23,2025-06-23
ORD05378,2025-06-18,Cliente_354,Pedro Miguel Mendes,Macapá,AP,Norte,P0015,Fone de Ouvido Profissional AKG K92,Áudio,1.0,428.99,0.0714,2025-06-23,2025-06-21
ORD05379,2025-06-18,Cliente_357,Amanda Araújo,Araguaína,TO,Norte,P0021,SSD Crucial 1TB NVMe M.2,Informática,1.0,449.0,0.0178,2025-06-24,2025-06-28
ORD05380,2025-06-18,Cliente_375,Dra. Maria Julia Cardoso,Itajaí,SC,Sul,P0007,Película para iPhone 14Pro Anti impacto,Acessórios Mobile,3.0,51.8,0.1856,2025-06-21,2025-06-20
ORD05381,2025-06-18,Cliente_381,Fernanda Rocha,Ribeirão Preto,SP,Sudeste,P0016,Fone de Ouvido Profissional EDIFIER WH950NB,Áudio,4.0,899.0,0.0167,2025-06-22,2025-06-22
ORD05382,2025-06-18,Cliente_381,Fernanda Rocha,Ribeirão Preto,SP,Sudeste,P0021,SSD Crucial 1TB NVMe M.2,Informática,3.0,449.0,0.0382,2025-06-24,2025-06-24
ORD05383,2025-06-18,Cliente_393,Marina Rodrigues,Bayeux,PB,Nordeste,P0013,"Projetor Smart Epson EpiqVision, FULL HD",TV e Projeção,1.0,3049.99,0.1099,2025-06-25,2025-06-25
ORD05384,2025-06-18,Cliente_443,Leonardo Rezende,Caucaia,CE,Nordeste,P0012,"Soundbar Tomate MTS-2017, Bivolt",Áudio,,769.9,0.0481,2025-06-23,2025-06-22
ORD05385,2025-06-18,Cliente_464,Esther Nunes Ribeiro,Florianópolis,SC,Sul,P0024,Memória Kingston Fury 16GB DDR5,Informática,1.0,389.9,0.1747,2025-06-23,2025-06-25
ORD05386,2025-06-18,Cliente_520,Isabella Fernandes,Santo André,SP,Sudeste,P0003,Carregador Turbo USB-C 30W,Acessórios Mobile,4.0,49.9,0.0535,2025-06-25,2025-06-26
ORD05387,2025-06-18,Cliente_532,Gustavo Farias,Tarauacá,AC,Norte,P0001,Samsung Galaxy A36,Smartphones e Tablets,1.0,1979.1,0.0237,2025-06-22,2025-06-22
ORD05388,2025-06-19,Cliente_008,Thales Pereira,Cascavel,PR,Sul,P0012,"Soundbar Tomate MTS-2017, Bivolt",Áudio,3.0,769.9,0.0258,2025-06-24,2025-06-24
ORD05389,2025-06-19,Cliente_049,Isis Pinto,Santarém,PA,Norte,P0027,Caixa de Som Bluetooth JBL,Áudio,2.0,549.9,0.1223,2025-06-24,2025-06-22
ORD05390,2025-06-19,Cliente_052,Ana Beatriz Freitas,Ponta Grossa,PR,Sul,P0012,"Soundbar Tomate MTS-2017, Bivolt",Áudio,3.0,769.9,0.0513,2025-06-24,2025-06-24
ORD05391,2025-06-19,Cliente_068,Stephany Moreira,Curitiba,PR,Sul,P0005,"Fone de Ouvido Sem Fio TWS, PHILIPS",Áudio,4.0,124.91,0.0225,2025-06-25,2025-06-23
ORD05392,2025-06-19,Cliente_165,Maria Fernanda Teixeira,Duque de Caxias,RJ,Sudeste,P0012,"Soundbar Tomate MTS-2017, Bivolt",Áudio,2.0,769.9,0.0802,2025-06-21,2025-06-21
ORD05393,2025-06-19,Cliente_182,Pedro Henrique Pinto,Parnaíba,PI,Nordeste,P0020,Teclado Mecanico Fizz,Informática,2.0,,0.1139,2025-06-23,2025-06-21
ORD05394,2025-06-19,Cliente_216,Yasmin Costela,Pelotas,RS,Sul,P0027,Caixa de Som Bluetooth JBL ,Áudio,1.0,549.9,0.1422,2025-06-24,2025-06-22
ORD05395,2025-06-19,Cliente_223,Felipe da Cunha,Tarauacá,AC,Norte,P0005,"Fone de Ouvido Sem Fio TWS, PHILIPS",Áudio,2.0,124.91,0.0294,2025-06-25,2025-06-29
ORD05396,2025-06-19,Cliente_234,Leonardo Oliveira,Maringá,PR,Sul,P0007,Película para iPhone 14Pro Anti impacto,Acessórios Mobile,3.0,51.8,0.0768,2025-06-23,2025-06-21
ORD05397,2025-06-19,Cliente_240,Esther Monteiro,Fortaleza,CE,Nordeste,P0017,ACER Notebook Gamer Nitro,Informática,1.0,4604.0,0.0815,2025-06-25,2025-06-25
ORD05398,2025-06-19,Cliente_276,Dra. Rafaela Peixoto,Betim,MG,Sudeste,P0018,"Monitor UHD Samsung 32""",Informática,1.0,1626.57,0.1323,2025-06-22,2025-06-20
ORD05399,2025-06-19,Cliente_279,Sofia Santos,Chapecó,SC,Sul,P0014,Projetor EPSON Powerlite Wide Screen,TV e Projeção,2.0,2742.13,0.1526,2025-06-25,2025-06-26
ORD05400,2025-06-19,Cliente_295,Emanuella Lima,Florianópolis,SC,Sul,P0022,Smartphone Motorola Edge 50 Neo,Smartphones e Tablets,1.0,2299.9,0.0579,2025-06-25,2025-06-22
ORD05401,2025-06-19,Cliente_304,Guilherme da Cunha,Tocantinópolis,TO,Norte,P0012,"Soundbar Tomate MTS-2017, Bivolt",Áudio,3.0,769.9,0.1041,2025-06-24,2025-06-24
ORD05402,2025-06-19,Cliente_324,João Guilherme Araújo,Nova Iguaçu,RJ,Sudeste,P0012,"Soundbar Tomate MTS-2017, Bivolt",Áudio,2.0,769.9,0.0291,2025-06-24,2025-06-24
ORD05403,2025-06-19,Cliente_326,Emanuella Porto,Ferreira Gomes,AP,Norte,P0010,"Smart TV LED 32""Samsung LED Tizen TV",TV e Projeção,,1079.0,0.0254,2025-06-23,2025-06-21
ORD05404,2025-06-19,Cliente_332,Júlia Moraes,São Bernardo do Campo,SP,Sudeste,P0015,Fone de Ouvido Profissional AKG K92,Áudio,3.0,428.99,0.0441,2025-06-23,2025-06-22
ORD05405,2025-06-19,Cliente_333,Isaac Lopes,Londrina,PR,Sul,P0024,Memória Kingston Fury 16GB DDR5,Informática,,389.9,0.1047,2025-06-25,2025-06-28
ORD05406,2025-06-19,Cliente_386,Diego Cavalcanti,Mucajaí,RR,Norte,P0018,"Monitor UHD Samsung 32""",Informática,3.0,1626.57,0.1299,2025-06-26,2025-06-26
ORD05407,2025-06-19,Cliente_402,Catarina Gonçalves,Niterói,RJ,Sudeste,P0020,Teclado Mecanico Fizz,Informática,3.0,174.9,0.0944,2025-06-24,2025-06-23
ORD05408,2025-06-19,Cliente_421,Kaique Oliveira Aragão,Campinas,SP,Sudeste,P0019,Mouse Redragon Wireless,Informática,4.0,165.99,0.3316,2025-06-25,2025-06-25
ORD05409,2025-06-19,Cliente_452,Arthur Silveira,Porto Nacional,TO,Norte,P0006,Fone de ouvido Sem Fio QCY T27,Áudio,1.0,129.86,0.0385,2025-06-27,2025-06-27
ORD05410,2025-06-19,Cliente_469,Bryan Cardoso,Caicó,RN,Nordeste,P0015,Fone de Ouvido Profissional AKG K92,Áudio,2.0,428.99,0.0818,2025-06-26,2025-06-26
ORD05411,2025-06-19,Cliente_506,Juliana Barbosa,Bacabal,MA,Nordeste,P0020,Teclado Mecanico Fizz ,Informática,1.0,174.9,0.0935,2025-06-25,2025-06-25
ORD05412,2025-06-19,Cliente_514,Emanuella Luz Souza,Curitiba,PR,Sul,P0018,"Monitor UHD Samsung 32""",Informática,3.0,1626.57,0.1908,2025-06-22,2025-06-26
ORD05413,2025-06-19,Cliente_528,Thiago Mata Mendes,Niterói,RJ,Sudeste,P0026,Cabo USB-C Trançado 2m,Acessórios Mobile,1.0,34.9,0.0266,2025-06-25,2025-06-23
ORD05414,2025-06-19,Cliente_532,Gustavo Farias,Tarauacá,AC,Norte,P0018,"Monitor UHD Samsung 32""",Informática,1.0,1626.57,0.0807,2025-06-24,2025-06-25
ORD05415,2025-06-20,Cliente_007,Helena Souza,Feira de Santana,BA,Nordeste,P0007,Película para iPhone 14Pro Anti impacto,Acessórios Mobile,3.0,51.8,0.0895,2025-06-24,2025-06-24
ORD05416,2025-06-20, Cliente_012 ,Dr. Arthur da Cunha,Caracaraí,RR,Norte,P0016,Fone de Ouvido Profissional EDIFIER WH950NB,Áudio,2.0,899.0,0.0161,2025-06-25,2025-06-23
ORD05417,2025-06-20,Cliente_023,Dr. Nathan Cunha,São Bernardo do Campo,SP,Sudeste,P0016,Fone de Ouvido Profissional EDIFIER WH950NB,Áudio,2.0,899.0,0.0363,2025-06-29,2025-06-27
ORD05418,2025-06-20,Cliente_025,Matheus Novaes,Joinville,SC,Sul,P0008,Película de Vidro 3D Galaxy A30s,Acessórios Mobile,2.0,17.9,0.0828,2025-06-24,2025-06-23
ORD05419,2025-06-20,Cliente_032,João Vitor Alves,Parintins,AM,Norte,P0018,"Monitor UHD Samsung 32""",Informática,1.0,1626.57,0.1142,2025-06-25,2025-06-25
ORD05420,2025-06-20,Cliente_058,Sr. Nathan Peixoto,Itacoatiara,AM,Norte,P0025,Webcam Logitech Full HD,Informática,2.0,329.9,0.2231,2025-06-25,2025-06-25
ORD05421,2025-06-20,Cliente_065,Letícia Porto,Santana,AP,Norte,P0016,Fone de Ouvido Profissional EDIFIER WH950NB,Áudio,3.0,899.0,0.0148,2025-06-26,2025-06-27
ORD05422,2025-06-20,Cliente-074,Luiz Fernando Freitas,Duque de Caxias,RJ,Sudeste,P0018,"Monitor UHD Samsung 32""",Informática,4.0,1626.57,0.251,2025-06-25,2025-06-22
ORD05423,2025-06-20,Cliente_081,Sr. Heitor da Paz,Brasiléia,AC,Norte,P0013,"Projetor Smart Epson EpiqVision, FULL HD",TV e Projeção,4.0,3049.99,0.245,2025-06-26,2025-06-27
ORD05424,2025-06-20,Cliente_090,Caio Novaes,Blumenau,SC,Sul,P0001,Samsung Galaxy A36,Smartphones e Tablets,3.0,1979.1,0.0284,2025-06-25,2025-06-24
ORD05425,2025-06-20,Cliente_093,Bárbara Martins,Feira de Santana,BA,Nordeste,P0014,Projetor EPSON Powerlite Wide Screen,TV e Projeção,2.0,2742.13,0.0558,2025-06-27,2025-06-30
ORD05426,2025-06-20,Cliente_102,Dr. Miguel Cunha,Gravataí,RS,Sul,P0007,Película para iPhone 14Pro Anti impacto,Acessórios Mobile,4.0,51.8,0.0708,2025-06-23,2025-06-25
ORD05427,2025-06-20,Cliente_111,João Vitor Campos,Crato,CE,Nordeste,P0020,Teclado Mecanico Fizz,Informática,2.0,174.9,0.0538,2025-06-26,2025-06-26
ORD05428,2025-06-20,Cliente_133,Isadora Novaes,Cachoeiro de Itapemirim,ES,Sudeste,P0004,Carregador Turbo Tipo-C 50w,Acessórios Mobile,4.0,53.9,0.0794,2025-06-26,2025-06-25
ORD05429,2025-06-20,Cliente_154,Juan Duarte,São Paulo,SP,Sudeste,P0007,Película para iPhone 14Pro Anti impacto,Acessórios Mobile,3.0,51.8,0.1584,2025-06-24,2025-06-22
ORD05430,2025-06-20,Cliente_158,Emanuel Ramos,Timon,MA,Nordeste,P0017,ACER Notebook Gamer Nitro,Informática,2.0,4604.0,0.0732,2025-06-28,2025-07-09
ORD05431,2025-06-20,Cliente_165,Maria Fernanda Teixeira,Duque de Caxias,RJ,Sudeste,P0012,"Soundbar Tomate MTS-2017, Bivolt",Áudio,1.0,769.9,0.0451,2025-06-23,2025-06-24
ORD05432,2025-06-20,Cliente_165,Maria Fernanda Teixeira,Duque de Caxias,RJ,Sudeste,P0013,"Projetor Smart Epson EpiqVision, FULL HD",TV e Projeção,3.0,3049.99,0.1101,2025-06-25,2025-07-04
ORD05433,2025-06-20,Cliente_167,Sophie da Cruz,Caucaia,CE,Nordeste,P0011,"Soundbar Samsung com 2.1 canais, Dolby Digital",Áudio,3.0,1072.0,0.0237,2025-06-23,2025-06-23
ORD05434,2025-06-20,Cliente_171,Vitor Gabriel Fernandes,Ferreira Gomes,AP,Norte,P0027,Caixa de Som Bluetooth JBL,Áudio,1.0,549.9,0.1107,2025-06-26,2025-06-25
ORD05435,2025-06-20,Cliente_173,Vitor Pinto,Cascavel,PR,Sul,P0007,Película para iPhone 14Pro Anti impacto,Acessórios Mobile,2.0,51.8,0.0715,2025-06-22,2025-06-21
ORD05436,2025-06-20,Cliente_199,João Guilherme Fogaça,Ananindeua,PA,Norte,P0012,"Soundbar Tomate MTS-2017, Bivolt",Áudio,2.0,769.9,0.0775,2025-06-24,2025-06-26
ORD05437,2025-06-20,Cliente_205,Kevin Souza,Santa Rita,PB,Nordeste,P0019,Mouse Redragon Wireless,Informática,1.0,165.99,0.1657,2025-06-23,2025-06-22
ORD05438,2025-06-20,Cliente_234,Leonardo Oliveira,Maringá,PR,Sul,P0021,SSD Crucial 1TB NVMe M.2,Informática,3.0,449.0,0.0206,2025-06-26,2025-06-25
ORD05439,2025-06-20,Cliente_260,Ana Vitória Monteiro,Ribeirão Preto,SP,Sudeste,P0001,Samsung Galaxy A36,Smartphones e Tablets,1.0,1979.1,0.0317,2025-06-23,2025-06-21
ORD05440,2025-06-20,Cliente_275,Marina Caldeira,Porto Alegre,RS,Sul,P0003,Carregador Turbo USB-C 30W,Acessórios Mobile,3.0,49.9,0.0434,2025-06-24,2025-06-25
ORD05441,2025-06-20,Cliente_300,Dra. Maria Sophia Nogueira,Chapecó,SC,Sul,P0011,"Soundbar Samsung com 2.1 canais, Dolby Digital",Áudio,3.0,1072.0,0.037,2025-06-24,2025-06-23
ORD05442,2025-06-20,Cliente_300,Dra. Maria Sophia Nogueira,Chapecó,SC,Sul,P0026,Cabo USB-C Trançado 2m,Acessórios Mobile,1.0,34.9,0.0622,2025-06-23,2025-06-22
ORD05443,2025-06-20,Cliente_314,Nina Ramos,Laranjal do Jari,AP,Norte,P0004,Carregador Turbo Tipo-C 50w,Acessórios Mobile,4.0,53.9,0.0973,2025-06-27,2025-06-24
ORD05444,2025-06-20, Cliente_341,Alana Cardoso,Timon,MA,Nordeste,P0005,"Fone de Ouvido Sem Fio TWS, PHILIPS",Áudio,1.0,124.91,0.0285,2025-06-22,2025-06-21
ORD05445,2025-06-20,Cliente_347,Murilo Cunha,Porto Nacional,TO,Norte,P0027,Caixa de Som Bluetooth JBL,Áudio,1.0,549.9,0.0902,2025-06-27,2025-06-26
ORD05446,2025-06-20,Cliente_381,Fernanda Rocha,Ribeirão Preto,SP,Sudeste,P0024,Memória Kingston Fury 16GB DDR5,Informática,4.0,389.9,0.1419,2025-06-25,2025-06-26
ORD05447,2025-06-20,Cliente_381,Fernanda Rocha,Ribeirão Preto,SP,Sudeste,P0024,Memória Kingston Fury 16GB DDR5,Informática,2.0,389.9,0.0881,2025-06-22,2025-06-21
ORD05448,2025-06-20,Cliente_395,Luiz Henrique Castro,Betim,MG,Sudeste,P0027,Caixa de Som Bluetooth JBL,Áudio,1.0,549.9,0.0709,2025-06-27,2025-06-25
ORD05449,2025-06-20,Cliente_396,Isaac Freitas,Nova Iguaçu,RJ,Sudeste,P0027,Caixa de Som Bluetooth JBL,Áudio,2.0,549.9,0.1289,2025-06-25,2025-06-24
ORD05450,2025-06-20,Cliente_406,Laís da Costa,Juiz de Fora,MG,Sudeste,P0021,SSD Crucial 1TB NVMe M.2,Informática,4.0,449.0,0.0298,2025-06-24,2025-06-21
ORD05451,2025-06-20,Cliente_411,Stephany Almeida,Santo André,SP,Sudeste,P0022,Smartphone Motorola Edge 50 Neo,Smartphones e Tablets,1.0,2299.9,0.0457,2025-06-26,2025-06-27
ORD05452,2025-06-20,Cliente_423,Clarice Barros,Santo André,SP,Sudeste,P0018,"Monitor UHD Samsung 32""",Informática,4.0,1626.57,0.2417,2025-06-25,2025-06-26
ORD05453,2025-06-20,Cliente_435,Augusto Silveira,Cachoeiro de Itapemirim,ES,Sudeste,P0011,"Soundbar Samsung com 2.1 canais, Dolby Digital",Áudio,2.0,1072.0,0.0298,2025-06-25,2025-06-22
ORD05454,2025-06-20,Cliente_450,Nathan Rosa,Maringá,PR,Sul,P0020,Teclado Mecanico Fizz,Informática,3.0,174.9,0.0443,2025-06-24,2025-06-24
ORD05455,2025-06-20,Cliente_480,Eloah Rezende,Itajaí,SC,Sul,P0017,ACER Notebook Gamer Nitro,Informática,2.0,4604.0,0.3187,2025-06-26,2025-06-25
ORD05456,2025-06-20,Cliente_499,Isabel Nogueira,Caicó,RN,Nordeste,P0007,Película para iPhone 14Pro Anti impacto,Acessórios Mobile,2.0,51.8,0.1345,2025-06-26,2025-06-26
ORD05457,2025-06-20,Cliente_538,Lucca Paz,Patos,PB,Nordeste,P0021,SSD Crucial 1TB NVMe M.2,Informática,2.0,449.0,0.0266,2025-06-24,2025-06-23
ORD05458,2025-06-21,Cliente_014,Pedro Lucas Melo,Brasiléia,AC,Norte,P0018,"Monitor UHD Samsung 32""",Informática,3.0,1626.57,0.0827,2025-06-27,2025-06-27
ORD05459,2025-06-21,Cliente_035,Enzo da Rocha,Caracaraí,RR,Norte,P0025,Webcam Logitech Full HD,Informática,3.0,329.9,0.1338,2025-06-27,2025-06-28
ORD05460,2025-06-21,Cliente_036,Bryan Pires,Manacapuru,AM,Norte,P0021,SSD Crucial 1TB NVMe M.2, Informática,3.0,449.0,0.0282,2025-06-24,2025-06-22
ORD05461,2025-06-21,Cliente_045,Juan Mendes,Ji-Paraná,RO,Norte,P0018,"Monitor UHD Samsung 32""",Informática,1.0,1626.57,0.0864,2025-06-26,2025-06-26
ORD05462,2025-06-21,Cliente_099,Srta. Maria Luiza Rocha,Blumenau,SC,Sul,P0025,Webcam Logitech Full HD,Informática,2.0,329.9,0.2154,2025-06-24,2025-06-27
ORD05463,2025-06-21,Cliente_122,Natália Silva,Cascavel,PR,Sul,P0002,Samsung Galaxy Tab S6 Lite,Smartphones e Tablets,4.0,1799.01,0.0786,2025-06-25,2025-06-28
ORD05464,2025-06-21,Cliente_175,Srta. Gabriela Caldeira,Rio Branco,AC,Norte,P0004,Carregador Turbo Tipo-C 50w,Acessórios Mobile,3.0,53.9,0.0857,2025-06-25,2025-06-24
ORD05465,2025-06-21,Cliente_248,Dr. João Guilherme da Rosa,Duque de Caxias,RJ,Sudeste,P0013,"Projetor Smart Epson EpiqVision, FULL HD",TV e Projeção,2.0,3049.99,0.1846,2025-06-26,2025-06-29
ORD05466,2025-06-21,Cliente_250,Raul Carvalho,Santana,AP,Norte,P0020,Teclado Mecanico Fizz,Informática,1.0,174.9,0.0823,2025-06-24,2025-06-22
ORD05467,2025-06-21,Cliente_402,Catarina Gonçalves,Niterói,RJ,Sudeste,P0027,Caixa de Som Bluetooth JBL,Áudio,1.0,549.9,0.1122,2025-06-26,2025-06-28
ORD05468,2025-06-21,Cliente_487,Nathan Freitas Neves,Cascavel,PR,Sul,P0022,Smartphone Motorola Edge 50 Neo,Smartphones e Tablets,1.0,2299.9,0.0344,2025-06-24,2025-06-22
ORD05469,2025-06-21,Cliente_512,Kaique Mata,Camaçari,BA,Nordeste,P0008,Película de Vidro 3D Galaxy A30s,Acessórios Mobile,2.0,17.9,0.0714,2025-06-27,2025-06-29
ORD05470,2025-06-21,Cliente_522,André Oliveira,Pelotas,RS,Sul,P0003,Carregador Turbo USB-C 30W,Acessórios Mobile,4.0,49.9,0.0491,2025-06-26,2025-06-25
ORD05471,2025-06-22,Cliente_008,Thales Pereira,Cascavel,PR,Sul,P0002,Samsung Galaxy Tab S6 Lite,Smartphones e Tablets,2.0,1799.01,0.0443,2025-06-24,2025-06-24
ORD05472,2025-06-22,cliente#022,Lívia Gomes,Vitória,ES,Sudeste,P0007,Película para iPhone 14Pro Anti impacto,Acessórios Mobile,2.0,51.8,0.1116,2025-06-27,2025-06-25
ORD05473,2025-06-22,Cliente_044,Dr. Pedro Porto,Londrina,PR,Sul,P0011,"Soundbar Samsung com 2.1 canais, Dolby Digital",Áudio,1.0,1072.0,0.0233,2025-06-27,2025-06-28
ORD05474,2025-06-22,Cliente_056,Joana Rodrigues,Sobral,CE,Nordeste,P0008,Película de Vidro 3D Galaxy A30s,Acessórios Mobile,1.0,17.9,0.1363,2025-06-27,2025-06-25
ORD05475,2025-06-22,Cliente_068,Stephany Moreira,Curitiba,PR,Sul,P0007,Película para iPhone 14Pro Anti impacto,Acessórios Mobile,1.0,51.8,0.1575,2025-06-27,2025-06-30
ORD05476,2025-06-22,Cliente_075,Rafaela Peixoto,Ribeirão Preto,SP,Sudeste,P0027,Caixa de Som Bluetooth JBL,Áudio,2.0,549.9,0.0953,2025-06-29,2025-06-28
ORD05477,2025-06-22,Cliente_109,Gustavo Henrique Cunha,Cantá,RR,Norte,P0007,Película para iPhone 14Pro Anti impacto,Acessórios Mobile,4.0,51.8,0.1579,2025-06-28,2025-06-28
ORD05478,2025-06-22,Cliente_110,Rafaela Carvalho,Betim,MG,Sudeste,P0018,"Monitor UHD Samsung 32""",Informática,3.0,,0.303,2025-06-26,2025-06-24
ORD05479,2025-06-22,Cliente_117,Dra. Maysa Fogaça,Propriá,SE,Nordeste,P0020,Teclado Mecanico Fizz,Informática,3.0,174.9,0.0405,2025-06-28,2025-07-03
ORD05480,2025-06-22,Cliente_125,Marina Cardoso,Palmas,TO,Norte,P0002,Samsung Galaxy Tab S6 Lite,Smartphones e Tablets,2.0,1799.01,0.025,2025-06-28,2025-06-26
ORD05481,2025-06-22,Cliente_134,Juan da Luz,Blumenau,SC,Sul,P0012,"Soundbar Tomate MTS-2017, Bivolt",Áudio,4.0,769.9,0.0454,2025-06-25,2025-06-24
ORD05482,2025-06-22,Cliente_160,Vitória da Conceição,Santa Rita,PB,Nordeste,P0020,Teclado Mecanico Fizz,Informática,3.0,174.9,0.101,2025-06-27,2025-06-25
ORD05483,2025-06-22,Cliente_167,Sophie da Cruz,Caucaia,CE,Nordeste,P0015,Fone de Ouvido Profissional AKG K92,Áudio,1.0,428.99,0.0755,2025-06-27,2025-06-27
ORD05484,2025-06-22,Cliente_181!!,Davi Luiz da Conceição,Floriano,PI,Nordeste,P0008,Película de Vidro 3D Galaxy A30s,Acessórios Mobile,3.0,17.9,0.122,2025-06-26,2025-06-29
ORD05485,2025-06-22,Cliente_181,Davi Luiz da Conceição,Floriano,PI,Nordeste,P0011,"Soundbar Samsung com 2.1 canais, Dolby Digital",Áudio,1.0,1072.0,0.0273,2025-06-25,2025-06-26
ORD05486,2025-06-22,Cliente_183,Ian Peixoto,Santo André,SP,Sudeste,P0013,"Projetor Smart Epson EpiqVision, FULL HD",TV e Projeção,2.0,3049.99,0.0869,2025-06-29,2025-06-29
ORD05487,2025-06-22,Cliente_188,Ana Beatriz Barbosa,Estância,SE,Nordeste,P0004,Carregador Turbo Tipo-C 50w,Acessórios Mobile,4.0,53.9,0.0724,2025-06-29,2025-07-01
ORD05488,2025-06-22,cliente_192,Davi Lucas Pires,Chapecó,SC,Sul,P0007,Película para iPhone 14Pro Anti impacto,Acessórios Mobile,3.0,,0.0682,2025-06-27,2025-06-24
ORD05489,2025-06-22,Cliente_209,Eduarda Nunes,Recife,PE,Nordeste,P0017,ACER Notebook Gamer Nitro,Informática,1.0,4604.0,0.1223,2025-06-26,2025-06-24
ORD05490,2025-06-22,Cliente_219,Natália da Luz,Cascavel,PR,Sul,P0016,Fone de Ouvido Profissional EDIFIER WH950NB,Áudio,4.0,899.0,0.0193,2025-06-25,2025-06-25
ORD05491,2025-06-22,Cliente_221,Sr. Samuel Teixeira,Sobral,CE,Nordeste,P0006,Fone de ouvido Sem Fio QCY T27,Áudio,2.0,129.86,0.0443,2025-06-29,2025-07-01
ORD05492,2025-06-22,Cliente_234,Leonardo Oliveira,Maringá,PR,Sul,P0005,"Fone de Ouvido Sem Fio TWS, PHILIPS",Áudio,3.0,124.91,0.0394,2025-06-26,2025-06-29
ORD05493,2025-06-22,Cliente_257,Dr. Matheus Castro,Camaçari,BA,Nordeste,P0025,Webcam Logitech Full HD,Informática,3.0,329.9,0.0861,2025-06-28,2025-06-28
ORD05494,2025-06-22,Cliente_281,Letícia da Luz,Campina Grande,PB,Nordeste,P0005,"Fone de Ouvido Sem Fio TWS, PHILIPS",Áudio,3.0,124.91,0.0416,2025-06-25,2025-06-25
ORD05495,2025-06-22,Cliente_314,Nina Ramos,Laranjal do Jari,AP,Norte,P0010,"Smart TV LED 32""Samsung LED Tizen TV",TV e Projeção,1.0,1079.0,0.0125,2025-06-27,2025-06-26
ORD05496,2025-06-22,Cliente_319,Catarina Silva,Tarauacá,AC,Norte,P0007,Película para iPhone 14Pro Anti impacto,Acessórios Mobile,2.0,51.8,0.0794,2025-06-28,2025-06-28
ORD05497,2025-06-22,Cliente_331,Guilherme Cavalcanti,Juiz de Fora,MG,Sudeste,P0004,Carregador Turbo Tipo-C 50w,Acessórios Mobile,4.0,53.9,0.0422,2025-06-25,2025-06-27
ORD05498,2025-06-22,Cliente_332,Júlia Moraes,São Bernardo do Campo,SP,Sudeste,P0016,Fone de Ouvido Profissional EDIFIER WH950NB,Áudio,2.0,899.0,0.026,2025-06-26,2025-06-29
ORD05499,2025-06-22,Cliente_360,Mariane Campos,Teresina,PI,Nordeste,P0007, Película para iPhone 14Pro Anti impacto,Acessórios Mobile,3.0,51.8,0.1123,2025-06-28,2025-06-25
ORD05500,2025-06-22,Cliente_375,Dra. Maria Julia Cardoso,Itajaí,SC,Sul,P0005,"Fone de Ouvido Sem Fio TWS, PHILIPS",Áudio,3.0,124.91,0.0176,2025-06-29,2025-06-29
ORD05501,2025-06-22,Cliente_409,Eloah Silva,Sobral,CE,Nordeste,P0002,Samsung Galaxy Tab S6 Lite,Smartphones e Tablets,2.0,1799.01,0.0365,2025-06-26,2025-06-25
ORD05502,2025-06-22,Cliente_411,Stephany Almeida,Santo André,SP,Sudeste,P0015,Fone de Ouvido Profissional AKG K92,Áudio,2.0,428.99,0.138,2025-06-26,2025-06-26
ORD05503,2025-06-22,Cliente_429,Arthur Correia Novaes,Ribeirão Preto,SP,Sudeste,P0008,Película de Vidro 3D Galaxy A30s,Acessórios Mobile,4.0,17.9,0.0622,2025-06-26,2025-06-25
ORD05504,2025-06-22,Cliente_474,Benjamin Novaes,Joinville,SC,Sul,P0026,Cabo USB-C Trançado 2m,Acessórios Mobile,3.0,34.9,0.0947,2025-06-24,2025-06-24
ORD05505,2025-06-22,Cliente_503,Noah Pires,Contagem,MG,Sudeste,P0023,Tablet Lenovo Tab M11,Smartphones e Tablets,2.0,1399.9,0.0435,2025-06-27,2025-06-27
ORD05506,2025-06-22,Cliente_516,João Gonçalves,Blumenau,SC,Sul,P0021,SSD Crucial 1TB NVMe M.2,Informática,3.0,449.0,0.0325,2025-06-26,2025-06-28
ORD05507,2025-06-23,Cliente_069,Levi da Rosa,Porto Nacional,TO,Norte,P0025,Webcam Logitech Full HD,Informática,3.0,329.9,0.0763,2025-06-30,2025-06-30
ORD05508,2025-06-23,Cliente_100,Beatriz Costa,Bom Jesus,PI,Nordeste,P0013,"Projetor Smart Epson EpiqVision, FULL HD",TV e Projeção,,3049.99,0.0799,2025-06-28,2025-06-25
ORD05509,2025-06-23,Cliente_124,Srta. Ana Júlia Pereira,Santo André,SP,Sudeste,P0007,Película para iPhone 14Pro Anti impacto,Acessórios Mobile,3.0,51.8,0.1007,2025-06-26,2025-06-26
ORD05510,2025-06-23,Cliente_162,Sra. Lorena Almeida,Manacapuru,AM,Norte,P0018,"Monitor UHD Samsung 32""",Informática,2.0,1626.57,0.121,2025-06-30,2025-06-30
ORD05511,2025-06-23,Cliente_168,Rodrigo Peixoto,Ferreira Gomes,AP,Norte,P0020,Teclado Mecanico Fizz,Informática,1.0,174.9,0.0469,2025-06-29,2025-06-27
ORD05512,2025-06-23,Cliente_174,Manuela Nogueira,Pelotas,RS,Sul,P0016,Fone de Ouvido Profissional EDIFIER WH950NB,Áudio,3.0,899.0,0.0296,2025-06-27,2025-06-27
ORD05513,2025-06-23,Cliente_211,Srta. Natália Cardoso,Cruzeiro do Sul,AC,Norte,P0004,Carregador Turbo Tipo-C 50w,Acessórios Mobile,3.0,53.9,0.0288,2025-06-28,2025-07-01
ORD05514,2025-06-23,Cliente_229,Thiago da Paz,Uberlândia,MG,Sudeste,P0002,Samsung Galaxy Tab S6 Lite,Smartphones e Tablets,1.0,1799.01,0.031,2025-06-29,2025-06-29
ORD05515,2025-06-23,Cliente_230,Maria Nogueira,Bayeux,PB,Nordeste,P0009,Smart TV 32” Philco LED Roku TV,TV e Projeção,1.0,949.0,0.0079,2025-06-29,2025-07-01
ORD05516,2025-06-23,Cliente_285,Maria Vitória Jesus,Vitória da Conquista,BA,Nordeste,P0027,Caixa de Som Bluetooth JBL,Áudio,1.0,549.9,0.0988,2025-06-28,2025-06-25
ORD05517,2025-06-23,Cliente_291,Enzo Gabriel Monteiro,Serra,ES,Sudeste,P0011,"Soundbar Samsung com 2.1 canais, Dolby Digital",Áudio,,1072.0,0.0217,2025-06-29,2025-06-30
ORD05518,2025-06-23,Cliente_300,Dra. Maria Sophia Nogueira,Chapecó,SC,Sul,P0025,Webcam Logitech Full HD,Informática,2.0,329.9,0.1124,2025-06-27,2025-06-27
ORD05519,2025-06-23,Cliente_309,Dra. Ana Laura Pires,Itajaí,SC,Sul,P0022,Smartphone Motorola Edge 50 Neo,Smartphones e Tablets,1.0,2299.9,0.0531,2025-06-27,2025-06-26
ORD05520,2025-06-23,Cliente_325,Fernanda da Costa,Joinville,SC,Sul,P0027,Caixa de Som Bluetooth JBL,Áudio,2.0,549.9,0.1418,2025-06-25,2025-06-25
ORD05521,2025-06-23,Cliente_357,Amanda Araújo,Araguaína,TO,Norte,P0007,Película para iPhone 14Pro Anti impacto,Acessórios Mobile,1.0,51.8,0.1596,2025-06-30,2025-06-30
ORD05522,2025-06-23,Cliente_395,Luiz Henrique Castro,Betim,MG,Sudeste,P0021,SSD Crucial 1TB NVMe M.2,Informática,2.0,449.0,0.0254,2025-06-28,2025-07-01
ORD05523,2025-06-23,Cliente_474,Benjamin Novaes,Joinville,SC,Sul,P0008,Película de Vidro 3D Galaxy A30s,Acessórios Mobile,3.0,17.9,0.1667,2025-06-27,2025-06-30
ORD05524,2025-06-23,Cliente_540,Murilo Ferreira Costa,Pelotas,RS,Sul,P0007,Película para iPhone 14Pro Anti impacto,Acessórios Mobile,2.0,51.8,0.0629,2025-06-26,2025-06-24
ORD05525,2025-06-23,Cliente_543,Lívia Castro,Cascavel,PR,Sul,P0012,"Soundbar Tomate MTS-2017, Bivolt",Áudio,1.0,769.9,0.0426,2025-06-26,2025-06-26
ORD05526,2025-06-24,Cliente_011,Julia Ribeiro,Santa Maria,RS,Sul,P0013,"Projetor Smart Epson EpiqVision, FULL HD",TV e Projeção,3.0,3049.99,0.1753,2025-07-01,2025-07-02
ORD05527,2025-06-24,Cliente_060,Kaique Gomes,São Bernardo do Campo,SP,Sudeste,P0016,Fone de Ouvido Profissional EDIFIER WH950NB,Áudio,2.0,899.0,0.0275,2025-07-01,2025-07-01
ORD05528,2025-06-24,Cliente_075,Rafaela Peixoto,Ribeirão Preto,SP,Sudeste,P0006,Fone de ouvido Sem Fio QCY T27,Áudio,1.0,129.86,0.063,2025-06-30,2025-06-30
ORD05529,2025-06-24,Cliente_086,Srta. Heloísa Moraes,Pelotas,RS,Sul,P0002,Samsung Galaxy Tab S6 Lite,Smartphones e Tablets,3.0,1799.01,0.0301,2025-06-27,2025-06-27
ORD05530,2025-06-24,Cliente_093,Bárbara Martins,Feira de Santana,BA,Nordeste,P0020,Teclado Mecanico Fizz,Informática,3.0,174.9,0.0646,2025-06-29,2025-06-29
ORD05531,2025-06-24,Cliente_107,Leandro Nunes,Maringá,PR,Sul,P0017,ACER Notebook Gamer Nitro,Informática,1.0,4604.0,0.1725,2025-06-30,2025-06-28
ORD05532,2025-06-24,Cliente_140,Ana Vitória Barbosa,Niterói,RJ,Sudeste,P0013,"Projetor Smart Epson EpiqVision, FULL HD",TV e Projeção,3.0,3049.99,0.1919,2025-06-26,2025-06-25
ORD05533,2025-06-24,Cliente_150,Srta. Gabrielly Cardoso,Serra,ES,Sudeste,P0015,Fone de Ouvido Profissional AKG K92,Áudio,2.0,428.99,0.0572,2025-06-30,2025-06-29
ORD05534,2025-06-24,Cliente_154,Juan Duarte,São Paulo,SP,Sudeste,P0012,"Soundbar Tomate MTS-2017, Bivolt",Áudio,3.0,769.9,0.0525,2025-06-28,2025-06-26
ORD05535,2025-06-24,Cliente_157,Stella Barbosa,Cachoeiro de Itapemirim,ES,Sudeste,P0020,Teclado Mecanico Fizz,Informática,4.0,174.9,0.1476,2025-06-30,2025-06-28
ORD05536,2025-06-24,Cliente_165,Maria Fernanda Teixeira,Duque de Caxias,RJ,Sudeste,P0004,Carregador Turbo Tipo-C 50w,Acessórios Mobile,3.0,,0.0313,2025-06-26,2025-06-30
ORD05537,2025-06-24,Cliente_215,Olivia Souza,Camaçari,BA,Nordeste,P0005,"Fone de Ouvido Sem Fio TWS, PHILIPS",Áudio,1.0,124.91,0.0158,2025-07-01,2025-07-01
ORD05538,2025-06-24,Cliente_215,Olivia Souza,Camaçari,BA,Nordeste,P0025,Webcam Logitech Full HD,Informática,1.0,329.9,0.1202,2025-06-30,2025-06-29
ORD05539,2025-06-24,Cliente_234,Leonardo Oliveira,Maringá,PR,Sul,P0022,Smartphone Motorola Edge 50 Neo,Smartphones e Tablets,1.0,2299.9,0.1299,2025-06-28,2025-07-05
ORD05540,2025-06-24,Cliente_283,Maria Clara Porto,Teresina,PI,Nordeste,P0027,Caixa de Som Bluetooth JBL,Áudio,1.0,549.9,0.1038,2025-06-28,2025-06-29
ORD05541,2025-06-24,Cliente_308,Enzo Gabriel Costa,Londrina,PR,Sul,P0015,Fone de Ouvido Profissional AKG K92,Áudio,4.0,428.99,0.0627,2025-06-28,2025-06-30
ORD05542,2025-06-24,Cliente_331,Guilherme Cavalcanti,Juiz de Fora,MG,Sudeste,P0004,Carregador Turbo Tipo-C 50w,Acessórios Mobile,2.0,53.9,0.0321,2025-06-26,2025-06-26
ORD05543,2025-06-24,Cliente_340,Bruno Cardoso,Gravataí,RS,Sul,P0012,"Soundbar Tomate MTS-2017, Bivolt",Áudio,1.0,769.9,0.0516,2025-06-28,2025-06-30
ORD05544,2025-06-24,Cliente_340,Bruno Cardoso,Gravataí,RS,Sul,P0026,Cabo USB-C Trançado 2m,Acessórios Mobile,3.0,34.9,0.0778,2025-06-28,2025-06-28
ORD05545,2025-06-24,Cliente-351,Diogo Santos,Joinville,SC,Sul,P0012,"Soundbar Tomate MTS-2017, Bivolt",Áudio,4.0,769.9,0.0483,2025-06-26,2025-06-25
ORD05546,2025-06-24,Cliente_355,Srta. Marina Rocha,Caucaia,CE,Nordeste,P0002,Samsung Galaxy Tab S6 Lite,Smartphones e Tablets,2.0,1799.01,0.0808,2025-06-30,2025-06-30
ORD05547,2025-06-24,Cliente_360,Mariane Campos,Teresina,PI,Nordeste,P0027,Caixa de Som Bluetooth JBL,Áudio,1.0,549.9,0.1377,2025-06-29,2025-06-29
ORD05548,2025-06-24,Cliente_422,Renan Conceição Ribeiro,Uberlândia,MG,Sudeste,P0001,Samsung Galaxy A36,Smartphones e Tablets,1.0,1979.1,0.0463,2025-06-28,2025-06-27
ORD05549,2025-06-24,Cliente_491,Thiago Teixeira Moreira,Ponta Grossa,PR,Sul,P0005,"Fone de Ouvido Sem Fio TWS, PHILIPS",Áudio ,3.0,124.91,0.0265,2025-06-28,2025-06-27
ORD05550,2025-06-24,Cliente_506,Juliana Barbosa,Bacabal,MA,Nordeste,P0001,Samsung Galaxy A36,Smartphones e Tablets,1.0,1979.1,0.0194,2025-06-26,2025-06-26
ORD05551,2025-06-25,Cliente_008,Thales Pereira,Cascavel,PR,Sul,P0001,Samsung Galaxy A36, Smartphones e Tablets,4.0,1979.1,0.032,2025-06-27,2025-06-28
ORD05552,2025-06-25,Cliente_008,Thales Pereira,Cascavel,PR,Sul,P0018,"Monitor UHD Samsung 32""",Informática,3.0,1626.57,0.2973,2025-06-29,2025-06-28
ORD05553,2025-06-25,Cliente_019,Gabriela da Paz,Uberlândia,MG,Sudeste,P0002,Samsung Galaxy Tab S6 Lite,Smartphones e Tablets,1.0,,0.0391,2025-06-28,2025-06-28
ORD05554,2025-06-25,Cliente_047,Maria Julia Nascimento,Duque de Caxias,RJ,Sudeste,P0012,"Soundbar Tomate MTS-2017, Bivolt",Áudio,1.0,769.9,0.0644,2025-06-29,2025-07-01
ORD05555,2025-06-25,Cliente_058,Sr. Nathan Peixoto,Itacoatiara,AM,Norte,P0002,Samsung Galaxy Tab S6 Lite,Smartphones e Tablets,2.0,1799.01,0.052,2025-07-02,2025-07-02
ORD05556,2025-06-25,Cliente_090,Caio Novaes,Blumenau,SC,Sul,P0001,Samsung Galaxy A36,Smartphones e Tablets,,1979.1,0.0536,2025-06-28,2025-06-26
ORD05557,2025-06-25,Cliente_100,Beatriz Costa,Bom Jesus,PI,Nordeste,P0015,Fone de Ouvido Profissional AKG K92,Áudio,4.0,428.99,0.0682,2025-07-02,2025-07-02
ORD05558,2025-06-25,Cliente_143,Cecília Barros,Londrina,PR,Sul,P0004,Carregador Turbo Tipo-C 50w,Acessórios Mobile,4.0,53.9,0.0355,2025-06-29,2025-06-29
ORD05559,2025-06-25,Cliente_178,Arthur Azevedo,Caxias,MA,Nordeste,P0005,"Fone de Ouvido Sem Fio TWS, PHILIPS",Áudio,,124.91,0.041,2025-06-29,2025-06-27
ORD05560,2025-06-25,Cliente_182,Pedro Henrique Pinto,Parnaíba,PI,Nordeste,P0015,Fone de Ouvido Profissional AKG K92,Áudio,2.0,428.99,0.1307,2025-07-01,2025-07-04
ORD05561,2025-06-25,Cliente_213,Sra. Daniela Lima,São Bernardo do Campo,SP,Sudeste,P0009,Smart TV 32” Philco LED Roku TV,TV e Projeção,,949.0,0.0282,2025-06-27,2025-06-26
ORD05562,2025-06-25,Cliente_239,Diogo Cavalcanti,Curitiba,PR,Sul,P0004,Carregador Turbo Tipo-C 50w ,Acessórios Mobile,4.0,53.9,0.0912,2025-07-01,2025-07-02
ORD05563,2025-06-25,Cliente_252,Sr. Isaac Melo,Itajaí,SC,Sul,P0027,Caixa de Som Bluetooth JBL,Áudio,3.0,549.9,0.1286,2025-06-29,2025-06-29
ORD05564,2025-06-25,Cliente289,Noah Oliveira,Santana,AP,Norte,P0002,Samsung Galaxy Tab S6 Lite,Smartphones e Tablets,1.0,1799.01,0.0336,2025-07-01,2025-07-08
ORD05565,2025-06-25,Cliente_295,Emanuella Lima,Florianópolis,SC,Sul,P0026,Cabo USB-C Trançado 2m,Acessórios Mobile,1.0,34.9,0.0628,2025-06-30,2025-06-27
ORD05566,2025-06-25,Cliente_299,Pietra Duarte,Parintins,AM,Norte,P0005,"Fone de Ouvido Sem Fio TWS, PHILIPS",Áudio,,124.91,0.018,2025-06-28,2025-06-26
ORD05567,2025-06-25,Cliente_323,Dr. João Pedro Carvalho,Boa Vista,RR,Norte,P0007, Película para iPhone 14Pro Anti impacto,Acessórios Mobile,3.0,51.8,0.0776,2025-06-27,2025-06-26
ORD05568,2025-06-25,Cliente_337,Benício Fernandes,Castanhal,PA,Norte,P0026,Cabo USB-C Trançado 2m,Acessórios Mobile,3.0,34.9,0.0418,2025-07-03,2025-07-03
ORD05569,2025-06-25,Cliente_354,Pedro Miguel Mendes,Macapá,AP,Norte,P0020,Teclado Mecanico Fizz,Informática,2.0,174.9,0.0497,2025-07-01,2025-07-01
ORD05570,2025-06-25,Cliente_357,Amanda Araújo,Araguaína,TO,Norte,P0025,Webcam Logitech Full HD,Informática,3.0,329.9,0.1186,2025-07-03,2025-07-01
ORD05571,2025-06-25,Cliente_384,Brenda Monteiro,Santana,AP,Norte,P0017,ACER Notebook Gamer Nitro,Informática,1.0,4604.0,0.1011,2025-06-30,2025-07-02
ORD05572,2025-06-25,Cliente_437,Miguel Castro,Santo André,SP,Sudeste,P0022,Smartphone Motorola Edge 50 Neo,Smartphones e Tablets,1.0,2299.9,0.074,2025-06-29,2025-06-27
ORD05573,2025-06-25,Cliente_459,Nina Costela,Duque de Caxias,RJ,Sudeste,P0013,"Projetor Smart Epson EpiqVision, FULL HD",TV e Projeção,1.0,3049.99,0.104,2025-06-30,2025-06-30
ORD05574,2025-06-25,Cliente_512,Kaique Mata,Camaçari,BA,Nordeste,P0009,Smart TV 32” Philco LED Roku TV,TV e Projeção,1.0,949.0,0.0067,2025-07-01,2025-07-02
ORD05575,2025-06-25,Cliente_516,João Gonçalves,Blumenau,SC,Sul,P0008,Película de Vidro 3D Galaxy A30s,Acessórios Mobile,2.0,17.9,0.1319,2025-07-01,2025-07-06
ORD05576,2025-06-25,Cliente_518,Heitor Barbosa Cruz,Mossoró,RN,Nordeste,P0024,Memória Kingston Fury 16GB DDR5,Informática,2.0,389.9,0.1075,2025-07-01,2025-07-01
ORD05577,2025-06-25,Cliente_548,Benício Almeida,Tarauacá,AC,Norte,P0027,Caixa de Som Bluetooth JBL,Áudio,4.0,549.9,0.161,2025-07-01,2025-07-05
ORD05578,2025-06-26,Cliente_002,Fernanda Lima,Vila Velha,ES,Sudeste,P0012,"Soundbar Tomate MTS-2017, Bivolt",Áudio,,769.9,0.0605,2025-06-30,2025-07-01
ORD05579,2025-06-26,Cliente_009,Sofia Sales,Ponta Grossa,PR,Sul,P0010,"Smart TV LED 32""Samsung LED Tizen TV",TV e Projeção,2.0,1079.0,0.0244,2025-07-03,2025-07-07
ORD05580,2025-06-26,Cliente_013,Luiza Silva,Natal,RN,Nordeste,P0013,"Projetor Smart Epson EpiqVision, FULL HD",TV e Projeção,,3049.99,0.0988,2025-07-04,2025-07-03
ORD05581,2025-06-26,Cliente_024,Juliana Ferreira,Itacoatiara,AM,Norte,P0025,Webcam Logitech Full HD,Informática,3.0,329.9,0.1651,2025-07-01,2025-07-01
ORD05582,2025-06-26,Cliente_034,Clarice Barbosa,Ji-Paraná,RO,Norte,P0027,Caixa de Som Bluetooth JBL,Áudio,3.0,549.9,0.118,2025-07-02,2025-07-02
ORD05583,,Cliente_040,Renan Silveira,Propriá,SE,Nordeste,P0012,"Soundbar Tomate MTS-2017, Bivolt",Áudio,1.0,769.9,0.0853,2025-07-05,2025-07-05
ORD05584,2025-06-26,Cliente_045,Juan Mendes,Ji-Paraná,RO,Norte,P0015,Fone de Ouvido Profissional AKG K92,Áudio,1.0,428.99,0.0822,2025-07-01,2025-07-01
ORD05585,2025-06-26,Cliente_095,Catarina Nogueira,Blumenau,SC,Sul,P0021,SSD Crucial 1TB NVMe M.2,Informática,4.0,449.0,0.037,2025-06-30,2025-06-30
ORD05586,2025-06-26,Cliente_104,Clarice Rezende,Blumenau,SC,Sul,P0012,"Soundbar Tomate MTS-2017, Bivolt",Áudio,4.0,769.9,0.0743,2025-07-01,2025-06-30
ORD05587,2025-06-26,Cliente_112,Maria Luiza das Neves,Linhares,ES,Sudeste,P0013,"Projetor Smart Epson EpiqVision, FULL HD",TV e Projeção,3.0,3049.99,0.1055,2025-06-30,2025-06-29
ORD05588,2025-06-26, Cliente_133,Isadora Novaes,Cachoeiro de Itapemirim,ES,Sudeste,P0007,Película para iPhone 14Pro Anti impacto,Acessórios Mobile,,51.8,0.099,2025-07-02,2025-07-04
ORD05589,2025-06-26,Cliente_141,Dr. Thiago da Mota,Santa Maria,RS,Sul,P0020,Teclado Mecanico Fizz,Informática,4.0,174.9,0.094,2025-06-28,2025-06-27
ORD05590,2025-06-26,Cliente_148,Sr. Kaique da Mota,Feira de Santana,BA,Nordeste,P0023,Tablet Lenovo Tab M11,Smartphones e Tablets,2.0,1399.9,0.0535,2025-07-03,2025-07-01
ORD05591,2025-06-26,Cliente_149,Manuela Santos,Caxias do Sul,RS,Sul,P0018,"Monitor UHD Samsung 32""",Informática,3.0,1626.57,0.1156,2025-06-28,2025-06-27
ORD05592,2025-06-26,Cliente_154,Juan Duarte,São Paulo,SP,Sudeste,P0002,Samsung Galaxy Tab S6 Lite,Smartphones e Tablets,2.0,1799.01,0.0653,2025-06-30,2025-06-29
ORD05593,2025-06-26,Cliente_159,Dr. Igor Correia,Santa Rita,PB,Nordeste,P0003,Carregador Turbo USB-C 30W,Acessórios Mobile,3.0,49.9,0.0273,2025-07-01,2025-06-30
ORD05594,2025-06-26,Cliente_175,Srta. Gabriela Caldeira,Rio Branco,AC,Norte,P0002,Samsung Galaxy Tab S6 Lite,Smartphones e Tablets,3.0,1799.01,0.0354,2025-07-01,2025-06-29
ORD05595,2025-06-26,Cliente_177,Dra. Heloísa da Paz,São Paulo,SP,Sudeste,P0013,"Projetor Smart Epson EpiqVision, FULL HD",TV e Projeção,2.0,3049.99,0.0703,2025-07-01,2025-06-30
ORD05596,2025-06-26,Cliente_205,Kevin Souza,Santa Rita,PB,Nordeste,P0021,SSD Crucial 1TB NVMe M.2,Informática,3.0,449.0,0.0286,2025-07-01,2025-06-30
ORD05597,2025-06-26,Cliente_209,Eduarda Nunes,Recife,PE,Nordeste,P0016,Fone de Ouvido Profissional EDIFIER WH950NB,Áudio,2.0,899.0,0.0187,2025-06-29,2025-06-29
ORD05598,2025-06-26,Cliente_211,Srta. Natália Cardoso,Cruzeiro do Sul,AC,Norte,P0012,"Soundbar Tomate MTS-2017, Bivolt",Áudio,3.0,769.9,0.0438,2025-07-04,2025-07-04
ORD05599,2025-06-26,Cliente_218,Isabel Pereira,Vila Velha,ES,Sudeste,P0002,Samsung Galaxy Tab S6 Lite,Smartphones e Tablets,1.0,1799.01,0.0425,2025-06-30,2025-06-30
ORD05600,2025-06-26,Cliente_219,Natália da Luz,Cascavel,PR,Sul,P0020,Teclado Mecanico Fizz,Informática,3.0,174.9,0.0695,2025-06-30,2025-06-29
ORD05601,2025-06-26,Cliente_264,Sr. Noah da Paz,Itacoatiara,AM,Norte,P0015,Fone de Ouvido Profissional AKG K92,Áudio,1.0,428.99,0.0716,2025-07-02,2025-07-05
ORD05602,2025-06-26,Cliente_282,Dr. Luiz Felipe Lopes,Niterói,RJ,Sudeste,P0005,"Fone de Ouvido Sem Fio TWS, PHILIPS",Áudio,2.0,124.91,0.0258,2025-07-01,2025-06-28
ORD05603,2025-06-26,Cliente_293,Luiza Teixeira,Santo André,SP,Sudeste,P0015,Fone de Ouvido Profissional AKG K92,Áudio,1.0,428.99,0.0406,2025-06-28,2025-07-02
ORD05604,2025-06-26,Cliente_296,Dra. Sophie da Luz,Caruaru,PE,Nordeste,P0020,Teclado Mecanico Fizz,Informática,2.0,174.9,0.069,2025-06-28,2025-06-27
ORD05605,2025-06-26,Cliente_302,Emilly Farias,Ribeirão Preto,SP,Sudeste,P0002,Samsung Galaxy Tab S6 Lite,Smartphones e Tablets,1.0,1799.01,0.066,2025-07-02,2025-07-03
ORD05606,2025-06-26,Cliente_311,Catarina Vieira,Natal,RN,Nordeste,P0001,Samsung Galaxy A36,Smartphones e Tablets,2.0,1979.1,0.0547,2025-07-02,2025-07-02
ORD05607,2025-06-26,cliente#312,Juan Araújo,Bacabal,MA,Nordeste,P0001,Samsung Galaxy A36,Smartphones e Tablets,1.0,1979.1,0.0184,2025-07-02,2025-07-04
ORD05608,2025-06-26,Cliente_312,Juan Araújo,Bacabal,MA,Nordeste,P0012,"Soundbar Tomate MTS-2017, Bivolt",Áudio,1.0,769.9,0.0213,2025-07-02,2025-07-04
ORD05609,2025-06-26,Cliente_312,Juan Araújo,Bacabal,MA,Nordeste,P0016,Fone de Ouvido Profissional EDIFIER WH950NB,Áudio,2.0,899.0,0.0214,2025-07-01,2025-07-01
ORD05610,2025-06-26,Cliente_326,Emanuella Porto,Ferreira Gomes,AP,Norte,P0005,"Fone de Ouvido Sem Fio TWS, PHILIPS",Áudio,3.0,124.91,0.042,2025-06-29,2025-07-02
ORD05611,2025-06-26,Cliente_326,Emanuella Porto,Ferreira Gomes,AP,Norte,P0007,Película para iPhone 14Pro Anti impacto,Acessórios Mobile,3.0,51.8,0.1271,2025-07-03,2025-07-04
ORD05612,2025-06-26,Cliente_327,Sra. Maria Eduarda Cardoso,Vila Velha,ES,Sudeste,P0009,Smart TV 32” Philco LED Roku TV,TV e Projeção,1.0,949.0,0.0064,2025-06-28,2025-06-27
ORD05613,2025-06-26,Cliente_337,Benício Fernandes,Castanhal,PA,Norte,P0023,Tablet Lenovo Tab M11,Smartphones e Tablets,3.0,1399.9,0.0822,2025-07-02,2025-07-01
ORD05614,2025-06-26,Cliente_355,Srta. Marina Rocha,Caucaia,CE,Nordeste,P0019,Mouse Redragon Wireless,Informática,3.0,165.99,0.3175,2025-07-02,2025-07-02
ORD05615,2025-06-26,Cliente_356,Matheus Ribeiro,Londrina,PR,Sul,P0013,"Projetor Smart Epson EpiqVision, FULL HD",TV e Projeção,3.0,3049.99,0.1191,2025-06-30,2025-06-30
ORD05616,2025-06-26,Cliente_360,Mariane Campos,Teresina,PI,Nordeste,P0005,"Fone de Ouvido Sem Fio TWS, PHILIPS",Áudio,1.0,124.91,0.0273,2025-07-04,2025-07-01
ORD05617,2025-06-26,Cliente_406,Laís da Costa,Juiz de Fora,MG,Sudeste,P0008,Película de Vidro 3D Galaxy A30s,Acessórios Mobile,1.0,17.9,0.0669,2025-07-03,2025-07-07
ORD05618,2025-06-26,Cliente_419,Rafaela Mata,Santa Rita,PB,Nordeste,P0021,SSD Crucial 1TB NVMe M.2,Informática,3.0,449.0,0.0234,2025-07-02,2025-07-02
ORD05619,2025-06-26,Cliente_424,João Pereira,Caxias do Sul,RS,Sul,P0001,Samsung Galaxy A36,Smartphones e Tablets,1.0,1979.1,0.0415,2025-07-01,2025-06-30
ORD05620,2025-06-26,Cliente_428,Miguel Carvalho,Maringá,PR,Sul,P0020,Teclado Mecanico Fizz,Informática,4.0,174.9,0.0868,2025-06-30,2025-06-29
ORD05621,2025-06-26,Cliente_438,Sabrina Teixeira,Cachoeiro de Itapemirim,ES,Sudeste,P0001,Samsung Galaxy A36,Smartphones e Tablets,2.0,1979.1,0.0168,2025-06-30,2025-06-28
ORD05622,2025-06-26,Cliente_442,Gabriela Novaes,Londrina,PR,Sul,P0010,"Smart TV LED 32""Samsung LED Tizen TV",TV e Projeção,3.0,1079.0,0.0167,2025-06-28,2025-06-27
ORD05623,2025-06-26,Cliente_444,Davi Lima,Maringá,PR,Sul,P0011,"Soundbar Samsung com 2.1 canais, Dolby Digital",Áudio,3.0,1072.0,0.0257,2025-06-30,2025-06-28
ORD05624,2025-06-26,Cliente_467,Pedro Cardoso Nogueira,Contagem,MG,Sudeste,P0024,Memória Kingston Fury 16GB DDR5,Informática,2.0,389.9,0.1022,2025-06-30,2025-06-28
ORD05625,2025-06-26,Cliente_505 ,Leonardo Moura Cavalcanti,Caxias do Sul,RS,Sul,P0020,Teclado Mecanico Fizz,Informática,2.0,174.9,0.0196,2025-06-29,2025-07-02
ORD05626,2025-06-26,Cliente_518,Heitor Barbosa Cruz,Mossoró,RN,Nordeste,P0014,Projetor EPSON Powerlite Wide Screen,TV e Projeção,3.0,2742.13,0.2114,2025-07-01,2025-06-30
ORD05627,2025-06-26,Cliente_524,Bruno Costela,Maringá,PR,Sul,P0019,Mouse Redragon Wireless,Informática,4.0,165.99,0.1211,2025-07-02,2025-07-06
ORD05628,2025-06-26,Cliente_528,Thiago Mata Mendes,Niterói,RJ,Sudeste,P0017,ACER Notebook Gamer Nitro,Informática,1.0,4604.0,0.0672,2025-06-28,2025-07-03
ORD05629,2025-06-26,Cliente_540,Murilo Ferreira Costa,Pelotas,RS,Sul,P0011,"Soundbar Samsung com 2.1 canais, Dolby Digital",Áudio,4.0,1072.0,0.0365,2025-07-02,2025-07-01
ORD05630,2025-06-26,Cliente_550,Levi Duarte,Serra,ES,Sudeste,P0015,Fone de Ouvido Profissional AKG K92,Áudio,2.0,428.99,0.0701,2025-06-29,2025-06-29
ORD05631,2025-06-27,Cliente_007,Helena Souza,Feira de Santana,BA,Nordeste,P0016,Fone de Ouvido Profissional EDIFIER WH950NB,Áudio,1.0,899.0,0.0178,2025-07-02,2025-07-02
ORD05632,2025-06-27,Cliente_010!!,Cauã da Rosa,Sobral,CE,Nordeste,P0019,Mouse Redragon Wireless,Informática,3.0,165.99,0.2013,2025-07-02,2025-07-02
ORD05633,2025-06-27,Cliente_021,Mirella Rodrigues,Ribeirão Preto,SP,Sudeste,P0018,"Monitor UHD Samsung 32""",Informática,2.0,1626.57,0.0665,2025-07-01,2025-07-01
ORD05634,2025-06-27,Cliente_064,Anthony Aragão,Cachoeiro de Itapemirim,ES,Sudeste,P0004,Carregador Turbo Tipo-C 50w,Acessórios Mobile,,53.9,0.0371,2025-07-01,2025-06-30
ORD05635,2025-06-27,Cliente_187,Sabrina Fernandes,Caxias do Sul,RS,Sul,P0015,Fone de Ouvido Profissional AKG K92,Áudio,3.0,428.99,0.1138,2025-07-01,2025-07-01
ORD05636,2025-06-27,Cliente_196,Fernando Costa,Vila Velha,ES,Sudeste,P0012,"Soundbar Tomate MTS-2017, Bivolt",Áudio,2.0,769.9,0.0453,2025-06-30,2025-06-28
ORD05637,2025-06-27,Cliente_219,Natália da Luz,Cascavel,PR,Sul,P0027,Caixa de Som Bluetooth JBL,Áudio,2.0,549.9,0.1276,2025-07-01,2025-06-28
ORD05638,2025-06-27,Cliente_257,Dr. Matheus Castro,Camaçari,BA,Nordeste,P0001,Samsung Galaxy A36,Smartphones e Tablets,1.0,1979.1,0.0277,2025-07-01,2025-06-28
ORD05639,2025-06-27,Cliente_272,Julia Freitas,Salvador,BA,Nordeste,P0020,Teclado Mecanico Fizz,Informática,3.0,174.9,0.066,2025-07-02,2025-07-03
ORD05640,2025-06-27,Cliente_288,Sr. Ryan Gonçalves,Campinas,SP,Sudeste,P0002,Samsung Galaxy Tab S6 Lite,Smartphones e Tablets,2.0,1799.01,0.0461,2025-07-01,2025-07-03
ORD05641,2025-06-27,Cliente_300,Dra. Maria Sophia Nogueira,Chapecó,SC,Sul,P0020,Teclado Mecanico Fizz,Informática,3.0,174.9,0.0592,2025-07-02,2025-07-02
ORD05642,2025-06-27,Cliente_323,Dr. João Pedro Carvalho,Boa Vista,RR,Norte,P0004,Carregador Turbo Tipo-C 50w,Acessórios Mobile,2.0,53.9,0.0905,2025-07-03,2025-07-03
ORD05643,2025-06-27,Cliente_337,Benício Fernandes,Castanhal,PA,Norte,P0001,Samsung Galaxy A36,Smartphones e Tablets,2.0,1979.1,0.0388,2025-07-03,2025-07-03
ORD05644,2025-06-27,Cliente_345,Nathan Castro,Brasiléia,AC,Norte,P0002,Samsung Galaxy Tab S6 Lite,Smartphones e Tablets,4.0,1799.01,0.0943,2025-07-02,2025-06-29
ORD05645,2025-06-27,Cliente_357,Amanda Araújo,Araguaína,TO,Norte,P0024,Memória Kingston Fury 16GB DDR5,Informática,2.0,389.9,0.1614,2025-07-02,2025-07-02
ORD05646,2025-06-27,Cliente_370,Cecília da Rocha,Patos,PB,Nordeste,P0020,Teclado Mecanico Fizz,Informática,4.0,174.9,0.0807,2025-07-02,2025-07-02
ORD05647,2025-06-27,Cliente_386,Diego Cavalcanti,Mucajaí,RR,Norte,P0008,Película de Vidro 3D Galaxy A30s,Acessórios Mobile,2.0,17.9,0.146,2025-07-02,2025-07-02
ORD05648,2025-06-27,Cliente_392,Luiz Felipe Carvalho,Ponta Grossa,PR,Sul,P0021,SSD Crucial 1TB NVMe M.2,Informática,1.0,449.0,0.0294,2025-07-01,2025-07-01
ORD05649,2025-06-27,Cliente_425,Igor Mota Castro,Pico,PI,Nordeste,P0002,Samsung Galaxy Tab S6 Lite,Smartphones e Tablets,2.0,1799.01,0.0576,2025-07-04,2025-07-02
ORD05650,2025-06-27,Cliente_435,Augusto Silveira,Cachoeiro de Itapemirim,ES,Sudeste,P0020,Teclado Mecanico Fizz,Informática,4.0,174.9,0.0884,2025-07-04,2025-07-07
ORD05651,2025-06-27,Cliente_444,Davi Lima,Maringá,PR,Sul,P0012,"Soundbar Tomate MTS-2017, Bivolt",Áudio,1.0,769.9,0.0382,2025-06-30,2025-06-29
ORD05652,2025-06-27,Cliente_483,Melissa Gomes,Blumenau,SC,Sul,P0012,"Soundbar Tomate MTS-2017, Bivolt",Áudio,3.0,769.9,0.0919,2025-07-02,2025-07-04
ORD05653,2025-06-27,Cliente_506,Juliana Barbosa,Bacabal,MA,Nordeste,P0015,Fone de Ouvido Profissional AKG K92,Áudio,,428.99,0.0575,2025-07-03,2025-07-03
ORD05654,2025-06-27,Cliente_532,Gustavo Farias,Tarauacá,AC,Norte,P0027,Caixa de Som Bluetooth JBL,Áudio,1.0,549.9,0.0808,2025-06-29,2025-06-29
ORD05655,2025-06-28, Cliente_023 ,Dr. Nathan Cunha,São Bernardo do Campo,SP,Sudeste,P0010,"Smart TV LED 32""Samsung LED Tizen TV",TV e Projeção,2.0,1079.0,0.0239,2025-07-02,2025-07-02
ORD05656,2025-06-28,Cliente_039,Bruna Almeida,Gravataí,RS,Sul,P0015,Fone de Ouvido Profissional AKG K92,Áudio,4.0,428.99,0.0662,2025-07-03,2025-07-03
ORD05657,2025-06-28,Cliente_050,Enzo Monteiro,Curitiba,PR,Sul,P0012,"Soundbar Tomate MTS-2017, Bivolt",Áudio,1.0,769.9,0.0461,2025-07-01,2025-06-30
ORD05658,2025-06-28,Cliente_058,Sr. Nathan Peixoto,Itacoatiara,AM,Norte,P0002,Samsung Galaxy Tab S6 Lite,Smartphones e Tablets,1.0,1799.01,0.0387,2025-07-03,2025-07-03
ORD05659,2025-06-28,Cliente_108,Sr. Eduardo Moreira,Recife,PE,Nordeste,P0010,"Smart TV LED 32""Samsung LED Tizen TV",TV e Projeção,2.0,1079.0,0.0251,2025-07-06,2025-07-04
ORD05660,2025-06-28,Cliente_117,Dra. Maysa Fogaça,Propriá,SE,Nordeste,P0018,"Monitor UHD Samsung 32""",Informática,1.0,1626.57,0.1514,2025-07-04,2025-07-04
ORD05661,2025-06-28,Cliente_117,Dra. Maysa Fogaça,Propriá,SE,Nordeste,P0020,Teclado Mecanico Fizz,Informática,4.0,174.9,0.1513,2025-07-01,2025-07-04
ORD05662,2025-06-28,Cliente_142,João Lucas da Mata,Blumenau,SC,Sul,P0018,"Monitor UHD Samsung 32""",Informática,1.0,1626.57,0.1187,2025-07-03,2025-07-01
ORD05663,2025-06-28,Cliente_215,Olivia Souza,Camaçari,BA,Nordeste,P0016,Fone de Ouvido Profissional EDIFIER WH950NB,Áudio,1.0,899.0,0.0194,2025-07-04,2025-07-01
ORD05664,2025-06-28,Cliente_215,Olivia Souza,Camaçari,BA,Nordeste,P0021,SSD Crucial 1TB NVMe M.2,Informática,2.0,449.0,0.0244,2025-07-03,2025-07-04
ORD05665,2025-06-28,Cliente_231,Maria Luiza Rezende,Maringá,PR,Sul,P0012,"Soundbar Tomate MTS-2017, Bivolt",Áudio,2.0,769.9,0.0471,2025-07-02,2025-07-04
ORD05666,2025-06-28,Cliente_252,Sr. Isaac Melo,Itajaí,SC,Sul,P0001,Samsung Galaxy A36,Smartphones e Tablets ,2.0,1979.1,0.0288,2025-07-03,2025-07-02
ORD05667,2025-06-28,Cliente_264,Sr. Noah da Paz,Itacoatiara,AM,Norte,P0027,Caixa de Som Bluetooth JBL,Áudio,,549.9,0.0956,2025-07-06,2025-07-05
ORD05668,2025-06-28,Cliente_266,Caroline Carvalho,Cruzeiro do Sul,AC,Norte,P0002,Samsung Galaxy Tab S6 Lite,Smartphones e Tablets,3.0,1799.01,0.07,2025-07-04,2025-07-03
ORD05669,2025-06-28,Cliente_283,Maria Clara Porto,Teresina,PI,Nordeste,P0006,Fone de ouvido Sem Fio QCY T27,Áudio,2.0,129.86,0.0348,2025-07-04,2025-07-04
ORD05670,2025-06-28,Cliente_287,Nicole Moraes,Sena Madureira,AC,Norte,P0018,"Monitor UHD Samsung 32""",Informática,1.0,1626.57,0.1289,2025-07-03,2025-07-01
ORD05671,2025-06-28,Cliente_342,Vitor Gabriel Nascimento,Rio Branco,AC,Norte,P0002,Samsung Galaxy Tab S6 Lite ,Smartphones e Tablets,2.0,1799.01,0.0239,2025-07-04,2025-07-02
ORD05672,2025-06-28,Cliente_350,Vicente Souza,Caicó,RN,Nordeste,P0024,Memória Kingston Fury 16GB DDR5,Informática,4.0,389.9,0.1381,2025-06-30,2025-06-30
ORD05673,2025-06-28,Cliente_371,Ana Luiza Nunes,Joinville,SC,Sul,P0020,Teclado Mecanico Fizz,Informática,,174.9,0.0561,2025-07-02,2025-07-01
ORD05674,2025-06-28,Cliente_381,Fernanda Rocha,Ribeirão Preto,SP,Sudeste,P0008,Película de Vidro 3D Galaxy A30s,Acessórios Mobile,4.0,17.9,0.1418,2025-07-04,2025-07-05
ORD05675,2025-06-28,Cliente_381,Fernanda Rocha,Ribeirão Preto,SP,Sudeste,P0010,"Smart TV LED 32""Samsung LED Tizen TV",TV e Projeção,3.0,1079.0,0.0246,2025-07-04,2025-07-03
ORD05676,2025-06-28,Cliente_384,Brenda Monteiro,Santana,AP,Norte,P0009,Smart TV 32” Philco LED Roku TV,TV e Projeção,1.0,949.0,0.0104,2025-07-03,2025-07-02
ORD05677,2025-06-28,Cliente_390,Enzo da Rocha,Santa Maria,RS,Sul,P0020,Teclado Mecanico Fizz,Informática,3.0,174.9,0.0734,2025-07-02,2025-06-30
ORD05678,2025-06-28,Cliente_394,Eduardo Oliveira,Ribeirão Preto,SP,Sudeste,P0024,Memória Kingston Fury 16GB DDR5,Informática,2.0,,0.1082,2025-06-30,2025-06-30
ORD05679,2025-06-28,Cliente_434,Isadora Jesus Araújo,Caxias,MA,Nordeste,P0001,Samsung Galaxy A36,Smartphones e Tablets,1.0,1979.1,0.0256,2025-07-03,2025-07-10
ORD05680,2025-06-28,Cliente_435,Augusto Silveira,Cachoeiro de Itapemirim,ES,Sudeste,P0007,Película para iPhone 14Pro Anti impacto,Acessórios Mobile,3.0,51.8,0.1679,2025-06-30,2025-07-01
ORD05681,2025-06-28,Cliente_503,Noah Pires,Contagem,MG,Sudeste,P0017,ACER Notebook Gamer Nitro,Informática,1.0,4604.0,0.1139,2025-07-02,2025-07-01
ORD05682,2025-06-28,Cliente_521,Lívia Ferreira,Gravataí,RS,Sul,P0020,Teclado Mecanico Fizz,Informática,2.0,174.9,0.0507,2025-07-02,2025-07-03
ORD05683,2025-06-28,Cliente_539,Arthur Costela,Brasiléia,AC,Norte,P0004,Carregador Turbo Tipo-C 50w,Acessórios Mobile,3.0,53.9,0.0327,2025-07-03,2025-07-07
ORD05684,2025-06-29,Cliente_036,Bryan Pires,Manacapuru,AM,Norte,P0004,Carregador Turbo Tipo-C 50w,Acessórios Mobile,2.0,53.9,0.0317,2025-07-06,2025-07-06
ORD05685,2025-06-29,Cliente_053,Pedro Moreira,Campinas,SP,Sudeste,P0006,Fone de ouvido Sem Fio QCY T27,Áudio,4.0,129.86,0.0755,2025-07-04,2025-07-04
ORD05686,2025-06-29,Cliente_098,Thales Castro,Caxias do Sul,RS,Sul,P0004,Carregador Turbo Tipo-C 50w,Acessórios Mobile,4.0,53.9,0.0708,2025-07-03,2025-07-02
ORD05687,2025-06-29,Cliente_106,Nicolas Costela,Contagem,MG,Sudeste,P0013,"Projetor Smart Epson EpiqVision, FULL HD",TV e Projeção,1.0,3049.99,0.0939,2025-07-02,2025-07-04
ORD05688,2025-06-29,Cliente_112,Maria Luiza das Neves,Linhares,ES,Sudeste,P0007,Película para iPhone 14Pro Anti impacto,Acessórios Mobile,,51.8,0.1234,2025-07-02,2025-07-06
ORD05689,2025-06-29,Cliente_132,Pedro Miguel Rodrigues,São Bernardo do Campo,SP,Sudeste,P0006,Fone de ouvido Sem Fio QCY T27,Áudio,2.0,129.86,0.0631,2025-07-03,2025-07-02
ORD05690,2025-06-29,Cliente_202,Nicolas Viana,Niterói,RJ,Sudeste,P0006,Fone de ouvido Sem Fio QCY T27,Áudio,2.0,129.86,0.0674,2025-07-01,2025-06-30
ORD05691,2025-06-29,Cliente-209,Eduarda Nunes,Recife,PE,Nordeste,P0002,Samsung Galaxy Tab S6 Lite,Smartphones e Tablets,4.0,1799.01,0.0645,2025-07-03,2025-07-01
ORD05692,2025-06-29,Cliente_216,Yasmin Costela,Pelotas,RS,Sul,P0004,Carregador Turbo Tipo-C 50w,Acessórios Mobile,4.0,53.9,0.0757,2025-07-03,2025-07-03
ORD05693,2025-06-29,Cliente_256,Daniela Fogaça,Florianópolis,SC,Sul,P0015,Fone de Ouvido Profissional AKG K92,Áudio,2.0,428.99,0.0283,2025-07-03,2025-07-01
ORD05694,2025-06-29,Cliente_276,Dra. Rafaela Peixoto,Betim,MG,Sudeste,P0025,Webcam Logitech Full HD,Informática,,329.9,0.158,2025-07-02,2025-07-03
ORD05695,2025-06-29,Cliente_285,Maria Vitória Jesus,Vitória da Conquista,BA,Nordeste,P0025,Webcam Logitech Full HD,Informática,2.0,329.9,0.1816,2025-07-04,2025-07-03
ORD05696,2025-06-29,Cliente_309,Dra. Ana Laura Pires,Itajaí,SC,Sul,P0001,Samsung Galaxy A36,Smartphones e Tablets,1.0,1979.1,0.0388,2025-07-04,2025-07-04
ORD05697,2025-06-29,Cliente_354,Pedro Miguel Mendes,Macapá,AP,Norte,P0013,"Projetor Smart Epson EpiqVision, FULL HD",TV e Projeção,1.0,3049.99,0.1615,2025-07-08,2025-07-08
ORD05698,2025-06-29,Cliente_386,Diego Cavalcanti,Mucajaí,RR,Norte,P0012,"Soundbar Tomate MTS-2017, Bivolt",Áudio,1.0,769.9,0.0362,2025-07-06,2025-07-08
ORD05699,2025-06-29,Cliente_436!!,Daniel Carvalho,Itajaí,SC,Sul,P0012,"Soundbar Tomate MTS-2017, Bivolt",Áudio,1.0,769.9,0.0333,2025-07-01,2025-07-03
ORD05700,2025-06-29,Cliente_446,Fernanda Silveira Gomes,Blumenau,SC,Sul,P0021,SSD Crucial 1TB NVMe M.2,Informática,2.0,449.0,0.0335,2025-07-05,2025-07-04
ORD05701,2025-06-29,Cliente_446,Fernanda Silveira Gomes,Blumenau,SC,Sul,P0024,Memória Kingston Fury 16GB DDR5,Informática,4.0,389.9,0.1892,2025-07-02,2025-07-04
ORD05702,2025-06-29,Cliente_476,Gabriela Rodrigues Melo,Uberlândia,MG,Sudeste,P0018,"Monitor UHD Samsung 32""",Informática,4.0,1626.57,0.2937,2025-07-03,2025-07-03
ORD05703,2025-06-29,Cliente_484,Rafael Novaes Nogueira,Santa Maria,RS,Sul,P0008,Película de Vidro 3D Galaxy A30s,Acessórios Mobile,2.0,17.9,0.1268,2025-07-01,2025-07-09
ORD05704,2025-06-29,Cliente_484,Rafael Novaes Nogueira,Santa Maria,RS,Sul,P0025,Webcam Logitech Full HD,Informática,3.0,329.9,0.087,2025-07-06,2025-07-05
ORD05705,2025-06-29,Cliente_520,Isabella Fernandes,Santo André,SP,Sudeste,P0004,Carregador Turbo Tipo-C 50w,Acessórios Mobile,2.0,53.9,0.0688,2025-07-06,2025-07-09
ORD05706,2025-06-30,Cliente_025,Matheus Novaes,Joinville,SC,Sul,P0007,Película para iPhone 14Pro Anti impacto,Acessórios Mobile,1.0,51.8,0.0667,2025-07-03,2025-07-02
ORD05707,2025-06-30,cliente#040,Renan Silveira,Propriá,SE,Nordeste,P0027,Caixa de Som Bluetooth JBL,Áudio,3.0,549.9,0.1141,2025-07-06,2025-07-06
ORD05708,2025-06-30,Cliente_045,Juan Mendes,Ji-Paraná,RO,Norte,P0019,Mouse Redragon Wireless,Informática,3.0,165.99,0.1693,2025-07-06,2025-07-05
ORD05709,2025-06-30,cliente#066,Antônio Moraes,Cascavel,PR,Sul,P0010," Smart TV LED 32""Samsung LED Tizen TV",TV e Projeção,1.0,1079.0,0.0204,2025-07-06,2025-07-05
ORD05710,2025-06-30,Cliente_172,Luiz Gustavo Rocha,Porto Alegre,RS,Sul,P0001,Samsung Galaxy A36,Smartphones e Tablets,4.0,1979.1,0.042,2025-07-04,2025-07-03
ORD05711,2025-06-30,Cliente_180,Vicente Jesus,Niterói,RJ,Sudeste,P0010,"Smart TV LED 32""Samsung LED Tizen TV",TV e Projeção,1.0,1079.0,0.0131,2025-07-03,2025-07-02
ORD05712,2025-06-30,Cliente_195,Maria Luiza da Conceição,Belém,PA,Norte,P0001,Samsung Galaxy A36,Smartphones e Tablets,3.0,1979.1,0.0406,2025-07-08,2025-07-10
ORD05713,2025-06-30,Cliente_204,Júlia da Mota,Santa Maria,RS,Sul,P0013,"Projetor Smart Epson EpiqVision, FULL HD",TV e Projeção,,3049.99,0.123,2025-07-05,2025-07-06
ORD05714,2025-06-30,Cliente_218,Isabel Pereira,Vila Velha,ES,Sudeste,P0003,Carregador Turbo USB-C 30W,Acessórios Mobile,3.0,49.9,0.0446,2025-07-03,2025-07-03
ORD05715,2025-06-30,Cliente_227,Bruno Nascimento,Bayeux,PB,Nordeste,P0013,"Projetor Smart Epson EpiqVision, FULL HD",TV e Projeção,3.0,3049.99,0.1376,2025-07-06,2025-07-04
ORD05716,2025-06-30,Cliente_228,Gabrielly Santos,Santarém,PA,Norte,P0016,Fone de Ouvido Profissional EDIFIER WH950NB,Áudio,1.0,899.0,0.0182,2025-07-07,2025-07-06
ORD05717,2025-06-30,Cliente_230,Maria Nogueira,Bayeux,PB,Nordeste,P0015,Fone de Ouvido Profissional AKG K92,Áudio,1.0,428.99,0.0752,2025-07-06,2025-07-04
ORD05718,2025-06-30,Cliente_254,Kevin Santos,Niterói,RJ,Sudeste,P0015,Fone de Ouvido Profissional AKG K92,Áudio,3.0,428.99,0.0578,2025-07-03,2025-07-03
ORD05719,,Cliente_259,Melissa da Rocha,São Bernardo do Campo,SP,Sudeste,P0005,"Fone de Ouvido Sem Fio TWS, PHILIPS",Áudio,4.0,124.91,0.016,2025-07-03,2025-07-02
ORD05720,2025-06-30,Cliente_264,Sr. Noah da Paz,Itacoatiara,AM,Norte,P0010,"Smart TV LED 32""Samsung LED Tizen TV",TV e Projeção,3.0,1079.0,0.0191,2025-07-08,2025-07-11
ORD05721,2025-06-30,Cliente_273,Leonardo Melo,Sobral,CE,Nordeste,P0007,Película para iPhone 14Pro Anti impacto,Acessórios Mobile,4.0,51.8,0.1856,2025-07-05,2025-07-05
ORD05722,2025-06-30,Cliente_285,Maria Vitória Jesus,Vitória da Conquista,BA,Nordeste,P0015,Fone de Ouvido Profissional AKG K92,Áudio,3.0,428.99,0.0865,2025-07-05,2025-07-03
ORD05723,2025-06-30,Cliente_310,Sr. Breno Martins,Cascavel,PR,Sul,P0020,Teclado Mecanico Fizz,Informática,2.0,174.9,0.0931,2025-07-04,2025-07-03
ORD05724,2025-06-30,Cliente_326,Emanuella Porto,Ferreira Gomes,AP,Norte,P0010,"Smart TV LED 32""Samsung LED Tizen TV",TV e Projeção,3.0,1079.0,0.0327,2025-07-06,2025-07-06
ORD05725,2025-06-30,Cliente_337,Benício Fernandes,Castanhal,PA,Norte,P0027,Caixa de Som Bluetooth JBL,Áudio,3.0,549.9,0.1076,2025-07-06,2025-07-10
ORD05726,2025-06-30,Cliente_369,Nicolas Pires,Contagem,MG,Sudeste,P0010,"Smart TV LED 32""Samsung LED Tizen TV",TV e Projeção,1.0,1079.0,0.0322,2025-07-03,2025-07-02
ORD05727,2025-06-30,Cliente_396,Isaac Freitas,Nova Iguaçu,RJ,Sudeste,P0015,Fone de Ouvido Profissional AKG K92,Áudio,2.0,428.99,0.0777,2025-07-06,2025-07-05
ORD05728,2025-06-30,Cliente_408,Maria Julia Duarte,Marabá,PA,Norte,P0006,Fone de ouvido Sem Fio QCY T27,Áudio,2.0,129.86,0.0425,2025-07-05,2025-07-04
ORD05729,2025-06-30,Cliente_448,Francisco Pires,Serra,ES,Sudeste,P0010,"Smart TV LED 32""Samsung LED Tizen TV",TV e Projeção,1.0,1079.0,0.0201,2025-07-05,2025-07-05
ORD05730,2025-06-30,Cliente_492,Nathan Correia,Londrina,PR,Sul,P0012,"Soundbar Tomate MTS-2017, Bivolt",Áudio,1.0,769.9,0.0594,2025-07-04,2025-07-07
ORD05731,2025-06-30,Cliente_529,Vinicius Paz,Vila Velha,ES,Sudeste,P0020,Teclado Mecanico Fizz,Informática,2.0,174.9,0.0511,2025-07-05,2025-07-08
ORD05732,2025-06-30,Cliente_546,Nicole Costa,Caracaraí,RR,Norte,P0010,"Smart TV LED 32""Samsung LED Tizen TV",TV e Projeção,2.0,1079.0,0.026,2025-07-06,2025-07-06
